Stop Name,Latitude,Longitude,Num trips in stop,Boothcode,Routes with num trips
CQAL,13.01071162,77.59170749,976,29159062,"{'YTTMC-CMN': 1, '287-P': 20, '107-C': 30, '287 SBS-GKVK': 3, 'D14-SBS': 3, '287-A': 45, '287-Q': 36, '111-C': 59, '13-S': 5, 'STP-BSK': 1, '287-F': 14, 'BELGS-51': 2, '108-B': 46, '415-B': 33, '415-G': 18, '415-F': 46, 'KBS-SPHC': 1, 'GPO-KDH': 1, 'KBR-SJHS': 1, '114-E': 8, 'D14-MPG': 1, '415-A': 2, 'KBS-D14': 4, '296-A': 17, 'MBS-6 CVRN-SHKN': 5, '114-A': 63, '114-G': 22, '342-U': 6, 'KMT-TLE-GKVK': 2, '144-K': 23, '258-VC': 13, '288-A': 49, '287-N': 32, 'VSD-KBR': 1, 'MBS-6': 23, 'GNR-EJP': 1, '347-E': 13, '197 JBN-CLP-STP': 2, '415-J': 19, 'KBR-KRM': 1, 'PTH-SBSH': 4, '404-E': 20, '284-G': 8, 'SBS-NES-PTH': 2, 'D06G-STP': 2, 'SBS-STP': 3, 'STP-SBS': 2, 'SPHC-KMT': 1, '285-V': 18, 'SBS-ALS': 0, '284-K': 19, '284-KA': 22, 'SBS-JML-STP': 1, 'D06-STP': 1, '287-K': 12, '415-D': 29, '114-C': 63, '114-B': 42, 'SBS-RTN-VNS': 3, 'ALS-SBDFD': 1, 'SPHSB-STP': 1, '111-C KBS-MDG': 9, 'KBS-LRB': 1, 'SBS-GKVKL': 1, '286-H': 15, '284-K KMT-AGS-JSNL': 1, 'MBS-6 BMT45-CVRN': 1, '288-E': 22}"
JC Nagara Kabir Ashrama,13.00952319,77.59463310,26,29159062,"{'144-K D06G-KVLB': 1, '114 KBS-JCN': 1, '112-A': 24}"
Kabir Ashram JC Nagara,13.01374635,77.59651065,0,29159062,{}
Matadahalli,13.01358366,77.59367287,1027,29159062,"{'YTTMC-CMN': 1, '287-P': 20, '107-C': 30, '287 SBS-GKVK': 3, 'D14-SBS': 3, '287-A': 45, '287-Q': 36, '111-C': 59, 'CS-MTH-IND CALL BUS 41': 1, '13-S': 5, 'STP-BSK': 1, '287-F': 14, 'BELGS-51': 2, '108-B': 46, '415-B': 33, '415-G': 18, '415-F': 46, 'KBS-SPHC': 1, 'GPO-KDH': 1, 'KBR-SJHS': 1, '114-E': 8, 'D14-MPG': 1, '415-A': 2, 'KBS-D14': 4, '380 KMT-KTO': 6, '296-A': 17, 'MBS-6 CVRN-SHKN': 5, '114-A': 63, '114-G': 22, '342-U': 6, '144-K D06G-KVLB': 1, 'KMT-TLE-GKVK': 2, '144-K': 23, '258-VC': 13, '288-A': 49, '287-N': 32, 'VSD-KBR': 1, 'MBS-6': 23, 'GNR-EJP': 1, '347-E': 13, '197 JBN-CLP-STP': 2, '415-J': 19, 'KBR-KRM': 1, 'PTH-SBSH': 4, '404-E': 20, '284-B': 24, '284-G': 8, 'SBS-NES-PTH': 2, 'D06G-STP': 2, 'SBS-STP': 3, 'STP-SBS': 2, 'KRM-KBR': 2, 'SPHC-KMT': 1, '285-V': 18, 'SBS-ALS': 0, '284-K': 19, '284-KA': 22, 'SBS-JML-STP': 1, 'BEMLA-7': 2, 'D06-STP': 1, '287-K': 12, '415-D': 29, '114-C': 63, '114-B': 42, 'SBS-RTN-BMSIT': 1, 'SBS-RTN-VNS': 3, 'ALS-SBDFD': 1, 'KDHL-TECR': 1, 'SPHSB-STP': 1, 'ITPL-2A': 2, '242-R': 9, 'ITPL-2H': 1, '111-C KBS-MDG': 9, 'KBS-LRB': 1, 'SBS-GKVKL': 1, '286-H': 15, '335 RTNP-BEMLF': 1, '284-K KMT-AGS-JSNL': 1, 'MBS-6 BMT45-CVRN': 1, '288-E': 22}"
Modhi Garden Kavakbyrasandra,13.01722563,77.60745842,9,29159062,{'111-C KBS-MDG': 9}
P&T Quarters,13.02150321,77.60457069,291,29159062,"{'RTNPS-ABC': 1, '111-C': 59, 'RTNPS-KBR': 3, 'KVB-NVG': 5, 'RTNPS-SMP': 1, '415-G': 18, 'KBR-SJHS': 1, '415-A': 2, 'HBL-KBR': 1, 'RTNPS-CHCL': 1, '176 KBR-VTTMC': 1, '342-U': 6, '144-K D06G-KVLB': 1, '144-K': 23, 'VSD-KBR': 1, '300-V': 4, '176 CLO-KBR': 3, 'KVBR-HBL-CHSC': 3, 'KBR-KRM': 1, '241-T': 7, 'KRM-KBR': 2, '176-E': 10, '415-D': 29, '176-A': 14, 'KVLB-VNS': 1, 'BVNR-KVBL': 1, '242-R': 9, 'YTTMC-MMLKB': 1, '111-C KBS-MDG': 9, '176-E VTTMC-KBR': 1, '79-B': 27, '256-MB': 6, '112-A': 24, '230-A': 12}"
Sultanpalya Cross Pushpanjali Talkies,13.02206963,77.60235853,699,29159062,"{'YTTMC-CMN': 1, 'RTNPS-ABC': 1, 'RTNPS-VNH': 4, '111-C': 59, '176-C': 25, '13-S': 5, 'STP-BSK': 1, 'RTNPS-KBR': 3, 'KVB-NVG': 5, 'BELGS-51': 2, '415-B': 33, 'RTNPS-SMP': 1, '415-G': 18, '415-F': 46, 'KBS-SPHC': 1, 'KBR-SJHS': 1, 'GKVK-STP': 3, '114-E': 8, '415-A': 2, 'HBL-KBR': 1, 'RTNPS-CHCL': 1, 'STP-HBL': 1, '176 KBR-VTTMC': 1, '296-A': 17, '114-A': 63, '114-G': 22, '342-U': 6, '144-K D06G-KVLB': 1, '144-K': 23, 'VSD-KBR': 1, '300-V': 4, '176-CA': 19, '347-E': 13, '197 JBN-CLP-STP': 2, '176 CLO-KBR': 3, '415-J': 19, 'KVBR-HBL-CHSC': 3, 'KBR-KRM': 1, '241-T': 7, 'D06G-STP': 2, 'SBS-STP': 3, 'STP-SBS': 2, 'SPHC-KMT': 1, '176-E': 10, 'SBS-JML-STP': 1, 'D06-STP': 1, '415-D': 29, '176-A': 14, '114-C': 63, '114-B': 42, 'KVLB-VNS': 1, 'BVNR-KVBL': 1, 'STP-HBL-VNS': 1, 'SPHSB-STP': 1, 'HBLB-SPHCN': 1, '242-R': 9, 'YTTMC-MMLKB': 1, '111-C KBS-MDG': 9, '176-E VTTMC-KBR': 1, 'KBS-LRB': 1, '297 STP-AFSY': 2, '79-B': 27, '256-MB': 6, 'MRPL-BELC': 0, '112-A': 24, 'RTNPS-STP': 4, '230-A': 12}"
Thimmayya Garden,13.01824626,77.59872257,24,29159062,{'112-A': 24}
Byadarahalli Jayamahal,13.00116812,77.60973930,16,29159156,{'210-X': 16}
Clarence School,13.00226912,77.61665130,1946,29159156,"{'327-C': 14, '301-E': 39, '300-E': 55, '300-D': 37, '300-H': 48, 'SBS-D10G': 31, '295-D': 21, 'KBS-D10G': 8, '302-C': 11, '293-P': 12, '296-V': 13, 'D10G-MRG': 2, 'G-11': 35, '296-C': 18, 'KLN-LGP-SBS': 14, '292-E': 12, 'D10G-SBS': 6, '292-C': 30, '401-M NLO-CLO': 1, '302-J': 29, '300-B': 29, 'KBS-HNR-CHLS': 3, '302-GA': 19, '303-F': 21, 'MGMS-KLN': 2, '292-D': 17, '293-H': 19, '292-B': 12, '293-A': 16, '79-K': 13, 'SBS-KLN': 27, '294-F': 9, '294-B': 0, '300-DA': 15, '294-E': 18, '294-H': 26, 'KBS-KLN': 6, '295-A': 14, '296-N': 17, '293-R': 13, '293-S': 32, '300-T': 11, '293-K': 13, '296-A': 17, '296-B': 19, '296-D': 26, '296-K': 4, '293-F': 11, 'SBS-HNS': 3, '293-J': 11, 'SBS-RYL': 2, '327-D': 5, '295-C': 34, '300-A': 14, '295-E': 12, '295-B': 15, '295-G': 17, 'KBS-BSP-HMA': 1, 'SBS-BSP-HMA': 3, '294-A': 11, '293-B': 11, '294-C SBS-JTN': 32, 'SBS-CHLS': 2, '296-T': 17, 'KBS-LGP-CHLS': 1, 'SGH-SBS': 2, 'G-11 SNBS-BLR': 1, '301-F': 6, '300-P': 46, '300-E SBS-KTMLRG': 2, 'KMT-BLS-YPB': 1, '300-C': 19, 'SBS-BPS-KLK': 2, 'VSD-BSP-KLK': 1, '293-G': 30, '215-NB': 12, 'D10G-SOPHIA': 1, 'BMESU-HBL': 4, '242-GA KBS-EWC': 2, '302-D': 35, '300-K': 13, '348-H': 12, '302-N': 38, 'KMT-CHLS': 0, 'KLNB-LGP-BSK': 3, '276-AB BMT45-DBH': 1, '293-N': 15, '300-F': 17, '296-Q': 23, '302 SBS-KLN': 3, '80-F': 35, '302 VSD-KLN': 4, '293-C OASIS-KMT': 1, 'KBS-BDSN': 4, '302-F': 39, 'SJHS-LGP-HBL': 3, '296-F': 10, 'KLNB-LGP-KBS': 2, 'MF-4': 15, '303-E': 32, '302-B': 40, '293-C': 32, '302-E': 14, '303-C': 24, '293-D': 12, '293-M': 11, '296-M': 6, '293-L': 11, '314-N': 26, 'BMT10-NRG': 1, 'KBS-SDSH': 1, 'HMNL-SJHS': 1, 'BMES-SBS': 3, 'KLNB-LGP-SBSP': 1, 'KLNB-LGP-SSMT': 1, 'SBS-SVPSH': 1, 'SBS-SMHSL': 3, '293 KBS-SMHS': 2, 'SBS-SVPSL': 2, 'SOPHIYA-1': 2, '296 SBS-BMESL': 1, 'BCGHS-18': 2, 'VNS-03': 3, '302 BMT10-SBS': 2, '293-E': 10, 'OASIS-2B': 2, 'D24-TNF-WTP': 1, 'KBS-SVPSB': 1, '295-D SBS-BMT10': 1, '302-A': 20, 'GDWC-BGL': 1, '129 KBS-BNWRS': 1, '293 SBS-HMN': 7, '293 SBS-LGP-KLN': 4, '330 SBS-ABISRO': 2, '301-D': 18, '301-G': 17, '303-G': 29, '302-G': 19, '293G SBS-BMT48': 16, '293F KMT-BMT48': 6, '293S KBS-BMT48': 6, 'ARMY-3': 3, 'D10G-BMES': 1, '293 BMT10-ARMY': 2, '295-KMT-D48': 2, '300-H  KBS-ITICG': 3, '294-C BMT48-MGMS': 1, 'CRISTAL-3': 1, 'G11-BMT48-MGMS': 2, '294-D': 12, '290-E ITCF-YHKOT': 0, '500-A CSB-SJHSU': 3, '293-S KBS-HNS': 2, 'HALM-SBS-BMES': 1, 'SVM-SBS-BMES': 1, '301-A': 12, 'AMRY-2': 4}"
Devis Road,13.00327455,77.61898018,932,29159156,"{'SBS-D10G': 31, '295-D': 21, '293-P': 12, '296-V': 13, 'G-11': 35, '296-C': 18, 'KLN-LGP-SBS': 14, '292-E': 12, 'D10G-SBS': 6, '292-C': 30, '401-M NLO-CLO': 1, 'KBS-HNR-CHLS': 3, 'MGMS-KLN': 2, '292-D': 17, '293-H': 19, '292-B': 12, '293-A': 16, '294-F': 9, '294-B': 0, '294-E': 18, '294-H': 26, 'KBS-KLN': 6, '295-A': 14, '296-N': 17, '293-R': 13, '293-S': 32, '293-K': 13, '296-A': 17, '296-B': 19, '296-D': 26, '296-K': 4, '293-F': 11, 'SBS-HNS': 3, '293-J': 11, 'SBS-RYL': 2, '327-D': 5, '295-C': 34, '295-E': 12, '295-B': 15, '295-G': 17, '294-A': 11, '293-B': 11, '294-C SBS-JTN': 32, 'SBS-CHLS': 2, '296-T': 17, 'KBS-LGP-CHLS': 1, 'SGH-SBS': 2, 'KMT-BLS-YPB': 1, 'BMESU-HBL': 4, '348-H': 12, 'KMT-CHLS': 0, 'KLNB-LGP-BSK': 3, '293-N': 15, '296-Q': 23, '293-C OASIS-KMT': 1, 'KBS-BDSN': 4, 'SJHS-LGP-HBL': 3, '296-F': 10, 'KLNB-LGP-KBS': 2, 'MF-4': 15, '293-C': 32, '293-D': 12, '293-M': 11, '296-M': 6, '293-L': 11, 'OASIS-4A': 3, 'OASIS-4B': 2, 'OASIS-2A': 2, 'BMT10-NRG': 1, 'SMHS-1': 6, 'HMNL-SJHS': 1, 'BMES-SBS': 3, 'KLNB-LGP-SBSP': 1, 'KLNB-LGP-SSMT': 1, 'ADT-9': 4, 'SBS-SMHSL': 3, '293 KBS-SMHS': 2, 'BMES-5': 3, 'BCGHS-9': 2, 'BCGHS-18': 2, 'VNS-03': 3, '293-E': 10, 'OASIS-2B': 2, '295-D SBS-BMT10': 1, 'CHLS-09': 3, 'GDWC-BGL': 1, '293 SBS-HMN': 7, '293 SBS-LGP-KLN': 4, '293F KMT-BMT48': 6, '293S KBS-BMT48': 6, '293 BMT10-ARMY': 2, '294-C BMT48-MGMS': 1, 'G11-BMT48-MGMS': 2, '294-D': 12, '500-A CSB-SJHSU': 3, '293-S KBS-HNS': 2, 'ARMY-4': 2, 'HALM-SBS-BMES': 1, 'SVM-SBS-BMES': 1}"
Doddy Tannery Road,13.00257755,77.61206767,540,29159156,"{'SBS-AMC': 0, '290-EA': 0, '290-E SBS-PTH': 0, '291-N': 16, 'TR-4': 46, '290-EB KGR-YHK': 0, '253-A': 12, '290-M': 8, 'DPJN-JJN-NGW': 4, '290-A': 28, '290-H': 0, '290-RA': 5, '290-R': 13, '290-EB': 0, '290-QA': 18, '290-G': 0, '290-Q': 14, 'TR-4A': 10, '290-T': 11, '290-HA': 0, 'SBS-SDH': 2, '291-D': 22, '291-L': 3, '290-Z': 4, '290-P': 24, 'MBS-14': 10, 'SBS-JKR-ALSG-PTH': 1, 'CLO-RKH': 5, '291-K': 7, '291-A': 11, '291-E': 16, 'G-10': 0, '290 KBS-YLKOT': 2, '290-EY': 0, '290-KA KMT-PLG': 1, 'TR-4 JJN-PLG': 2, '290-QA NRG-RKHN': 1, '291-H': 21, '94E YPRTTMC-TRDBS': 1, '290-E STJHS-YLKOT': 0, 'KBS-NGVRJ-VNS': 1, '290-N': 40, '317-K': 0, '241-CD': 11, 'TR-4 KMT-NGV': 1, '290-C': 63, '290EY KMT-YHKOT': 0, '290-E SBS-NGW-KLN': 0, '290-E ITCF-YHKOT': 0, 'V-SBS-KNB': 1, 'BSK-KRP-ITI': 1, '348-F': 14, 'BMSIT-3': 1, '213-D': 6, 'SBS-RJP': 2, 'SBS-HTN': 1, '375-D': 80}"
East Railway Station,13.00024247,77.61721795,0,29159156,{}
Frazer Town,13.00095911,77.61294625,1227,29159156,"{'327-C': 14, 'NGW-DPJN': 6, 'SBS-D10G': 31, '295-D': 21, 'KBS-D10G': 8, '293-P': 12, '296-V': 13, 'D10G-MRG': 2, '290-D': 19, 'G-11': 35, '296-C': 18, 'KLN-LGP-SBS': 14, '292-E': 12, 'D10G-SBS': 6, '292-C': 30, '401-M NLO-CLO': 1, '291-J': 26, 'MGMS-KLN': 2, '292-D': 17, '293-H': 19, '290-J': 0, '292-B': 12, '293-A': 16, 'SBS-KLN': 27, '290-J MSP-SBS': 0, '294-F': 9, '294-B': 0, '294-E': 18, '294-H': 26, '295-A': 14, '296-N': 17, '293-R': 13, '293-S': 32, '293-K': 13, '296-A': 17, '296-B': 19, '296-D': 26, '296-K': 4, '293-F': 11, 'SBS-HNS': 3, '293-J': 11, 'SBS-RYL': 2, '327-D': 5, '295-C': 34, '295-E': 12, '295-B': 15, '295-G': 17, '294-A': 11, '293-B': 11, '294-C SBS-JTN': 32, 'SBS-CHLS': 2, '296-T': 17, 'KBS-LGP-CHLS': 1, 'SGH-SBS': 2, 'G-11 SNBS-BLR': 1, 'D10G-NGVR-JJN': 1, 'KMT-BLS-YPB': 1, '293-G': 30, '215-NB': 12, 'D10G-SOPHIA': 1, 'BMESU-HBL': 4, '302-D': 35, 'KLNB-BKC': 1, '348-H': 12, 'PTH-SBS1': 4, 'KMT-CHLS': 0, 'KLNB-LGP-BSK': 3, '293-N': 15, '296-Q': 23, '302 SBS-KLN': 3, '80-F': 35, '302 VSD-KLN': 4, '293-C OASIS-KMT': 1, '296-F': 10, 'KLNB-LGP-KBS': 2, '293-C': 32, '293-D': 12, '293-M': 11, '293-L': 11, 'JGF-2': 3, 'KLN-JJN': 1, '314-N': 26, 'K-6': 41, 'MSP-ARMYK': 1, 'HMNL-SJHS': 1, 'BMES-SBS': 3, 'KLNB-LGP-SBSP': 1, 'KLNB-LGP-SSMT': 1, 'ITPL-2A': 2, 'SBS-SMHSL': 3, '293 KBS-SMHS': 2, 'SHS-10': 2, '296 SBS-BMESL': 1, 'BCGHS-9': 2, 'VNS-03': 3, 'SJHS-9': 1, '302 BMT10-SBS': 2, 'BELGS-46': 2, 'BTP-27A': 2, '293-E': 10, 'OASIS-2B': 2, 'WTP-JVH-KRP': 1, '295-D SBS-BMT10': 1, '290-F': 0, 'TR-4 NGV-MRBS': 2, 'GDWC-BGL': 1, '129 KBS-BNWRS': 1, 'MBS-2': 17, '293 SBS-HMN': 7, '293 SBS-LGP-KLN': 4, 'VCS-ORRCA-112 ULSL-ORRCA': 2, '293G SBS-BMT48': 16, '293F KMT-BMT48': 6, '293S KBS-BMT48': 6, 'D10G-BMES': 1, 'MBS2 PTH-MRHSPG': 1, '293 BMT10-ARMY': 2, '295-KMT-D48': 2, '294-C BMT48-MGMS': 1, 'CRISTAL-3': 1, 'G11-BMT48-MGMS': 2, '294-D': 12, '293-S KBS-HNS': 2, 'HALM-SBS-BMES': 1, 'SVM-SBS-BMES': 1}"
Mosque Road,13.00031693,77.61607925,530,29159156,"{'300-E': 55, '302-C': 11, '302-J': 29, '300-B': 29, '302-GA': 19, '303-F': 21, '300-T': 11, 'KBS-BSP-HMA': 1, 'SBS-BSP-HMA': 3, 'D10G-KMH-SBS': 2, '300-D': 37, '300-E SBS-KTMLRG': 2, '302-N': 38, '276-AB BMT45-DBH': 1, '300-F': 17, '302-F': 39, 'SJHS-LGP-HBL': 3, '303-E': 32, '302-B': 40, '302-E': 14, 'OASIS-4A': 3, 'OASIS-2A': 2, 'KBS-SDSH': 1, 'SOPHIYA-15': 2, 'SBS-SVPSH': 1, 'SBS-SVPSL': 2, 'SHS-10': 2, 'BMES-5': 3, 'BCGHS-18': 2, 'STJOHN-5': 2, 'CALLBUS-05': 1, 'BELGS-46': 2, 'KBS-SVPSB': 1, '302-A': 20, 'VCS-MEBP-12 BSK-MEBP': 1, '330 SBS-ABISRO': 2, '301-G': 17, '303-G': 29, '302-G': 19, 'D10G-BMES': 1, '300-H  ITICG-KBS': 1, '301-A': 12}"
Pottery Town,13.00243146,77.60914089,0,29159156,{}
Tannery Road Canara Bank,13.00680094,77.61247259,480,29159156,"{'SBS-AMC': 0, '290-EA': 0, '290-E SBS-PTH': 0, '291-N': 16, 'TR-4': 46, '290-EB KGR-YHK': 0, '253-A': 12, '290-M': 8, 'DPJN-JJN-NGW': 4, '290-A': 28, '290-R': 13, '290-EB': 0, '290-QA': 18, '290-G': 0, '290-Q': 14, 'TR-4A': 10, '290-T': 11, '290-HA': 0, '291-D': 22, '291-L': 3, '290-Z': 4, '290-P': 24, 'MBS-14': 10, 'SBS-JKR-ALSG-PTH': 1, 'CLO-RKH': 5, '291-K': 7, '291-A': 11, '291-E': 16, 'G-10': 0, '290 KBS-YLKOT': 2, '290-EY': 0, '290-KA KMT-PLG': 1, 'TR-4 JJN-PLG': 2, '290-QA NRG-RKHN': 1, '291-H': 21, '290-E STJHS-YLKOT': 0, 'KBS-NGVRJ-VNS': 1, '317-K': 0, 'TR-4 KMT-NGV': 1, '290-C': 63, '290EY KMT-YHKOT': 0, '290-E SBS-NGW-KLN': 0, '290-E ITCF-YHKOT': 0, 'V-SBS-KNB': 1, 'BSK-KRP-ITI': 1, '348-F': 14, '213-D': 6, 'SBS-RJP': 2, 'SBS-HTN': 1, '375-D': 80}"
Byadarahalli Jayamahal,13.00116812,77.60973930,16,29159176,{'210-X': 16}
Clarence School,13.00226912,77.61665130,1946,29159176,"{'327-C': 14, '301-E': 39, '300-E': 55, '300-D': 37, '300-H': 48, 'SBS-D10G': 31, '295-D': 21, 'KBS-D10G': 8, '302-C': 11, '293-P': 12, '296-V': 13, 'D10G-MRG': 2, 'G-11': 35, '296-C': 18, 'KLN-LGP-SBS': 14, '292-E': 12, 'D10G-SBS': 6, '292-C': 30, '401-M NLO-CLO': 1, '302-J': 29, '300-B': 29, 'KBS-HNR-CHLS': 3, '302-GA': 19, '303-F': 21, 'MGMS-KLN': 2, '292-D': 17, '293-H': 19, '292-B': 12, '293-A': 16, '79-K': 13, 'SBS-KLN': 27, '294-F': 9, '294-B': 0, '300-DA': 15, '294-E': 18, '294-H': 26, 'KBS-KLN': 6, '295-A': 14, '296-N': 17, '293-R': 13, '293-S': 32, '300-T': 11, '293-K': 13, '296-A': 17, '296-B': 19, '296-D': 26, '296-K': 4, '293-F': 11, 'SBS-HNS': 3, '293-J': 11, 'SBS-RYL': 2, '327-D': 5, '295-C': 34, '300-A': 14, '295-E': 12, '295-B': 15, '295-G': 17, 'KBS-BSP-HMA': 1, 'SBS-BSP-HMA': 3, '294-A': 11, '293-B': 11, '294-C SBS-JTN': 32, 'SBS-CHLS': 2, '296-T': 17, 'KBS-LGP-CHLS': 1, 'SGH-SBS': 2, 'G-11 SNBS-BLR': 1, '301-F': 6, '300-P': 46, '300-E SBS-KTMLRG': 2, 'KMT-BLS-YPB': 1, '300-C': 19, 'SBS-BPS-KLK': 2, 'VSD-BSP-KLK': 1, '293-G': 30, '215-NB': 12, 'D10G-SOPHIA': 1, 'BMESU-HBL': 4, '242-GA KBS-EWC': 2, '302-D': 35, '300-K': 13, '348-H': 12, '302-N': 38, 'KMT-CHLS': 0, 'KLNB-LGP-BSK': 3, '276-AB BMT45-DBH': 1, '293-N': 15, '300-F': 17, '296-Q': 23, '302 SBS-KLN': 3, '80-F': 35, '302 VSD-KLN': 4, '293-C OASIS-KMT': 1, 'KBS-BDSN': 4, '302-F': 39, 'SJHS-LGP-HBL': 3, '296-F': 10, 'KLNB-LGP-KBS': 2, 'MF-4': 15, '303-E': 32, '302-B': 40, '293-C': 32, '302-E': 14, '303-C': 24, '293-D': 12, '293-M': 11, '296-M': 6, '293-L': 11, '314-N': 26, 'BMT10-NRG': 1, 'KBS-SDSH': 1, 'HMNL-SJHS': 1, 'BMES-SBS': 3, 'KLNB-LGP-SBSP': 1, 'KLNB-LGP-SSMT': 1, 'SBS-SVPSH': 1, 'SBS-SMHSL': 3, '293 KBS-SMHS': 2, 'SBS-SVPSL': 2, 'SOPHIYA-1': 2, '296 SBS-BMESL': 1, 'BCGHS-18': 2, 'VNS-03': 3, '302 BMT10-SBS': 2, '293-E': 10, 'OASIS-2B': 2, 'D24-TNF-WTP': 1, 'KBS-SVPSB': 1, '295-D SBS-BMT10': 1, '302-A': 20, 'GDWC-BGL': 1, '129 KBS-BNWRS': 1, '293 SBS-HMN': 7, '293 SBS-LGP-KLN': 4, '330 SBS-ABISRO': 2, '301-D': 18, '301-G': 17, '303-G': 29, '302-G': 19, '293G SBS-BMT48': 16, '293F KMT-BMT48': 6, '293S KBS-BMT48': 6, 'ARMY-3': 3, 'D10G-BMES': 1, '293 BMT10-ARMY': 2, '295-KMT-D48': 2, '300-H  KBS-ITICG': 3, '294-C BMT48-MGMS': 1, 'CRISTAL-3': 1, 'G11-BMT48-MGMS': 2, '294-D': 12, '290-E ITCF-YHKOT': 0, '500-A CSB-SJHSU': 3, '293-S KBS-HNS': 2, 'HALM-SBS-BMES': 1, 'SVM-SBS-BMES': 1, '301-A': 12, 'AMRY-2': 4}"
Doddy Tannery Road,13.00257755,77.61206767,540,29159176,"{'SBS-AMC': 0, '290-EA': 0, '290-E SBS-PTH': 0, '291-N': 16, 'TR-4': 46, '290-EB KGR-YHK': 0, '253-A': 12, '290-M': 8, 'DPJN-JJN-NGW': 4, '290-A': 28, '290-H': 0, '290-RA': 5, '290-R': 13, '290-EB': 0, '290-QA': 18, '290-G': 0, '290-Q': 14, 'TR-4A': 10, '290-T': 11, '290-HA': 0, 'SBS-SDH': 2, '291-D': 22, '291-L': 3, '290-Z': 4, '290-P': 24, 'MBS-14': 10, 'SBS-JKR-ALSG-PTH': 1, 'CLO-RKH': 5, '291-K': 7, '291-A': 11, '291-E': 16, 'G-10': 0, '290 KBS-YLKOT': 2, '290-EY': 0, '290-KA KMT-PLG': 1, 'TR-4 JJN-PLG': 2, '290-QA NRG-RKHN': 1, '291-H': 21, '94E YPRTTMC-TRDBS': 1, '290-E STJHS-YLKOT': 0, 'KBS-NGVRJ-VNS': 1, '290-N': 40, '317-K': 0, '241-CD': 11, 'TR-4 KMT-NGV': 1, '290-C': 63, '290EY KMT-YHKOT': 0, '290-E SBS-NGW-KLN': 0, '290-E ITCF-YHKOT': 0, 'V-SBS-KNB': 1, 'BSK-KRP-ITI': 1, '348-F': 14, 'BMSIT-3': 1, '213-D': 6, 'SBS-RJP': 2, 'SBS-HTN': 1, '375-D': 80}"
Frazer Town,13.00095911,77.61294625,1227,29159176,"{'327-C': 14, 'NGW-DPJN': 6, 'SBS-D10G': 31, '295-D': 21, 'KBS-D10G': 8, '293-P': 12, '296-V': 13, 'D10G-MRG': 2, '290-D': 19, 'G-11': 35, '296-C': 18, 'KLN-LGP-SBS': 14, '292-E': 12, 'D10G-SBS': 6, '292-C': 30, '401-M NLO-CLO': 1, '291-J': 26, 'MGMS-KLN': 2, '292-D': 17, '293-H': 19, '290-J': 0, '292-B': 12, '293-A': 16, 'SBS-KLN': 27, '290-J MSP-SBS': 0, '294-F': 9, '294-B': 0, '294-E': 18, '294-H': 26, '295-A': 14, '296-N': 17, '293-R': 13, '293-S': 32, '293-K': 13, '296-A': 17, '296-B': 19, '296-D': 26, '296-K': 4, '293-F': 11, 'SBS-HNS': 3, '293-J': 11, 'SBS-RYL': 2, '327-D': 5, '295-C': 34, '295-E': 12, '295-B': 15, '295-G': 17, '294-A': 11, '293-B': 11, '294-C SBS-JTN': 32, 'SBS-CHLS': 2, '296-T': 17, 'KBS-LGP-CHLS': 1, 'SGH-SBS': 2, 'G-11 SNBS-BLR': 1, 'D10G-NGVR-JJN': 1, 'KMT-BLS-YPB': 1, '293-G': 30, '215-NB': 12, 'D10G-SOPHIA': 1, 'BMESU-HBL': 4, '302-D': 35, 'KLNB-BKC': 1, '348-H': 12, 'PTH-SBS1': 4, 'KMT-CHLS': 0, 'KLNB-LGP-BSK': 3, '293-N': 15, '296-Q': 23, '302 SBS-KLN': 3, '80-F': 35, '302 VSD-KLN': 4, '293-C OASIS-KMT': 1, '296-F': 10, 'KLNB-LGP-KBS': 2, '293-C': 32, '293-D': 12, '293-M': 11, '293-L': 11, 'JGF-2': 3, 'KLN-JJN': 1, '314-N': 26, 'K-6': 41, 'MSP-ARMYK': 1, 'HMNL-SJHS': 1, 'BMES-SBS': 3, 'KLNB-LGP-SBSP': 1, 'KLNB-LGP-SSMT': 1, 'ITPL-2A': 2, 'SBS-SMHSL': 3, '293 KBS-SMHS': 2, 'SHS-10': 2, '296 SBS-BMESL': 1, 'BCGHS-9': 2, 'VNS-03': 3, 'SJHS-9': 1, '302 BMT10-SBS': 2, 'BELGS-46': 2, 'BTP-27A': 2, '293-E': 10, 'OASIS-2B': 2, 'WTP-JVH-KRP': 1, '295-D SBS-BMT10': 1, '290-F': 0, 'TR-4 NGV-MRBS': 2, 'GDWC-BGL': 1, '129 KBS-BNWRS': 1, 'MBS-2': 17, '293 SBS-HMN': 7, '293 SBS-LGP-KLN': 4, 'VCS-ORRCA-112 ULSL-ORRCA': 2, '293G SBS-BMT48': 16, '293F KMT-BMT48': 6, '293S KBS-BMT48': 6, 'D10G-BMES': 1, 'MBS2 PTH-MRHSPG': 1, '293 BMT10-ARMY': 2, '295-KMT-D48': 2, '294-C BMT48-MGMS': 1, 'CRISTAL-3': 1, 'G11-BMT48-MGMS': 2, '294-D': 12, '293-S KBS-HNS': 2, 'HALM-SBS-BMES': 1, 'SVM-SBS-BMES': 1}"
Goodwill Womens College Hines Road,12.99659650,77.60917034,1,29159176,{'GDWC-BGL': 1}
HP Petrol Bunk Coles Road,12.99663178,77.61175163,7,29159176,"{'SJHS-LGP-HBL': 3, 'ADT-9': 4}"
Mosque Road,13.00031693,77.61607925,530,29159176,"{'300-E': 55, '302-C': 11, '302-J': 29, '300-B': 29, '302-GA': 19, '303-F': 21, '300-T': 11, 'KBS-BSP-HMA': 1, 'SBS-BSP-HMA': 3, 'D10G-KMH-SBS': 2, '300-D': 37, '300-E SBS-KTMLRG': 2, '302-N': 38, '276-AB BMT45-DBH': 1, '300-F': 17, '302-F': 39, 'SJHS-LGP-HBL': 3, '303-E': 32, '302-B': 40, '302-E': 14, 'OASIS-4A': 3, 'OASIS-2A': 2, 'KBS-SDSH': 1, 'SOPHIYA-15': 2, 'SBS-SVPSH': 1, 'SBS-SVPSL': 2, 'SHS-10': 2, 'BMES-5': 3, 'BCGHS-18': 2, 'STJOHN-5': 2, 'CALLBUS-05': 1, 'BELGS-46': 2, 'KBS-SVPSB': 1, '302-A': 20, 'VCS-MEBP-12 BSK-MEBP': 1, '330 SBS-ABISRO': 2, '301-G': 17, '303-G': 29, '302-G': 19, 'D10G-BMES': 1, '300-H  ITICG-KBS': 1, '301-A': 12}"
Pottery Town,13.00243146,77.60914089,0,29159176,{}
Tannery Road Canara Bank,13.00680094,77.61247259,480,29159176,"{'SBS-AMC': 0, '290-EA': 0, '290-E SBS-PTH': 0, '291-N': 16, 'TR-4': 46, '290-EB KGR-YHK': 0, '253-A': 12, '290-M': 8, 'DPJN-JJN-NGW': 4, '290-A': 28, '290-R': 13, '290-EB': 0, '290-QA': 18, '290-G': 0, '290-Q': 14, 'TR-4A': 10, '290-T': 11, '290-HA': 0, '291-D': 22, '291-L': 3, '290-Z': 4, '290-P': 24, 'MBS-14': 10, 'SBS-JKR-ALSG-PTH': 1, 'CLO-RKH': 5, '291-K': 7, '291-A': 11, '291-E': 16, 'G-10': 0, '290 KBS-YLKOT': 2, '290-EY': 0, '290-KA KMT-PLG': 1, 'TR-4 JJN-PLG': 2, '290-QA NRG-RKHN': 1, '291-H': 21, '290-E STJHS-YLKOT': 0, 'KBS-NGVRJ-VNS': 1, '317-K': 0, 'TR-4 KMT-NGV': 1, '290-C': 63, '290EY KMT-YHKOT': 0, '290-E SBS-NGW-KLN': 0, '290-E ITCF-YHKOT': 0, 'V-SBS-KNB': 1, 'BSK-KRP-ITI': 1, '348-F': 14, '213-D': 6, 'SBS-RJP': 2, 'SBS-HTN': 1, '375-D': 80}"
Williams Town Park,12.99998422,77.60748558,2,29159176,"{'BELGS-35': 0, 'D24-TNF-WTP': 1, 'WTP-JVH-KRP': 1}"
Byadarahalli Jayamahal,13.00116812,77.60973930,16,29159177,{'210-X': 16}
CS-Imra Masjid Sunders Road,12.99600127,77.61135131,2,29159177,{'OASIS-1A': 2}
Doddy Tannery Road,13.00257755,77.61206767,540,29159177,"{'SBS-AMC': 0, '290-EA': 0, '290-E SBS-PTH': 0, '291-N': 16, 'TR-4': 46, '290-EB KGR-YHK': 0, '253-A': 12, '290-M': 8, 'DPJN-JJN-NGW': 4, '290-A': 28, '290-H': 0, '290-RA': 5, '290-R': 13, '290-EB': 0, '290-QA': 18, '290-G': 0, '290-Q': 14, 'TR-4A': 10, '290-T': 11, '290-HA': 0, 'SBS-SDH': 2, '291-D': 22, '291-L': 3, '290-Z': 4, '290-P': 24, 'MBS-14': 10, 'SBS-JKR-ALSG-PTH': 1, 'CLO-RKH': 5, '291-K': 7, '291-A': 11, '291-E': 16, 'G-10': 0, '290 KBS-YLKOT': 2, '290-EY': 0, '290-KA KMT-PLG': 1, 'TR-4 JJN-PLG': 2, '290-QA NRG-RKHN': 1, '291-H': 21, '94E YPRTTMC-TRDBS': 1, '290-E STJHS-YLKOT': 0, 'KBS-NGVRJ-VNS': 1, '290-N': 40, '317-K': 0, '241-CD': 11, 'TR-4 KMT-NGV': 1, '290-C': 63, '290EY KMT-YHKOT': 0, '290-E SBS-NGW-KLN': 0, '290-E ITCF-YHKOT': 0, 'V-SBS-KNB': 1, 'BSK-KRP-ITI': 1, '348-F': 14, 'BMSIT-3': 1, '213-D': 6, 'SBS-RJP': 2, 'SBS-HTN': 1, '375-D': 80}"
Frazer Town,13.00095911,77.61294625,1227,29159177,"{'327-C': 14, 'NGW-DPJN': 6, 'SBS-D10G': 31, '295-D': 21, 'KBS-D10G': 8, '293-P': 12, '296-V': 13, 'D10G-MRG': 2, '290-D': 19, 'G-11': 35, '296-C': 18, 'KLN-LGP-SBS': 14, '292-E': 12, 'D10G-SBS': 6, '292-C': 30, '401-M NLO-CLO': 1, '291-J': 26, 'MGMS-KLN': 2, '292-D': 17, '293-H': 19, '290-J': 0, '292-B': 12, '293-A': 16, 'SBS-KLN': 27, '290-J MSP-SBS': 0, '294-F': 9, '294-B': 0, '294-E': 18, '294-H': 26, '295-A': 14, '296-N': 17, '293-R': 13, '293-S': 32, '293-K': 13, '296-A': 17, '296-B': 19, '296-D': 26, '296-K': 4, '293-F': 11, 'SBS-HNS': 3, '293-J': 11, 'SBS-RYL': 2, '327-D': 5, '295-C': 34, '295-E': 12, '295-B': 15, '295-G': 17, '294-A': 11, '293-B': 11, '294-C SBS-JTN': 32, 'SBS-CHLS': 2, '296-T': 17, 'KBS-LGP-CHLS': 1, 'SGH-SBS': 2, 'G-11 SNBS-BLR': 1, 'D10G-NGVR-JJN': 1, 'KMT-BLS-YPB': 1, '293-G': 30, '215-NB': 12, 'D10G-SOPHIA': 1, 'BMESU-HBL': 4, '302-D': 35, 'KLNB-BKC': 1, '348-H': 12, 'PTH-SBS1': 4, 'KMT-CHLS': 0, 'KLNB-LGP-BSK': 3, '293-N': 15, '296-Q': 23, '302 SBS-KLN': 3, '80-F': 35, '302 VSD-KLN': 4, '293-C OASIS-KMT': 1, '296-F': 10, 'KLNB-LGP-KBS': 2, '293-C': 32, '293-D': 12, '293-M': 11, '293-L': 11, 'JGF-2': 3, 'KLN-JJN': 1, '314-N': 26, 'K-6': 41, 'MSP-ARMYK': 1, 'HMNL-SJHS': 1, 'BMES-SBS': 3, 'KLNB-LGP-SBSP': 1, 'KLNB-LGP-SSMT': 1, 'ITPL-2A': 2, 'SBS-SMHSL': 3, '293 KBS-SMHS': 2, 'SHS-10': 2, '296 SBS-BMESL': 1, 'BCGHS-9': 2, 'VNS-03': 3, 'SJHS-9': 1, '302 BMT10-SBS': 2, 'BELGS-46': 2, 'BTP-27A': 2, '293-E': 10, 'OASIS-2B': 2, 'WTP-JVH-KRP': 1, '295-D SBS-BMT10': 1, '290-F': 0, 'TR-4 NGV-MRBS': 2, 'GDWC-BGL': 1, '129 KBS-BNWRS': 1, 'MBS-2': 17, '293 SBS-HMN': 7, '293 SBS-LGP-KLN': 4, 'VCS-ORRCA-112 ULSL-ORRCA': 2, '293G SBS-BMT48': 16, '293F KMT-BMT48': 6, '293S KBS-BMT48': 6, 'D10G-BMES': 1, 'MBS2 PTH-MRHSPG': 1, '293 BMT10-ARMY': 2, '295-KMT-D48': 2, '294-C BMT48-MGMS': 1, 'CRISTAL-3': 1, 'G11-BMT48-MGMS': 2, '294-D': 12, '293-S KBS-HNS': 2, 'HALM-SBS-BMES': 1, 'SVM-SBS-BMES': 1}"
Goodwill Womens College Hines Road,12.99659650,77.60917034,1,29159177,{'GDWC-BGL': 1}
HP Petrol Bunk Coles Road,12.99663178,77.61175163,7,29159177,"{'SJHS-LGP-HBL': 3, 'ADT-9': 4}"
Pottery Town,13.00243146,77.60914089,0,29159177,{}
Williams Town Park,12.99998422,77.60748558,2,29159177,"{'BELGS-35': 0, 'D24-TNF-WTP': 1, 'WTP-JVH-KRP': 1}"
Byadarahalli Jayamahal,13.00116812,77.60973930,16,29159179,{'210-X': 16}
Chinnappa Garden,13.00302002,77.60353880,38,29159179,"{'266-N': 12, 'BELGS-35': 0, '119-B': 15, 'OASIS-3A': 1, 'OASIS-3B': 2, 'BEMLA-28': 2, 'SHS-10': 2, 'BEMLB-22': 4}"
Coles Park Millers Road,12.99554851,77.60656584,1594,29159179,"{'SBS-AMC': 0, '210-X': 16, '327-C': 14, '290-EA': 0, '290-E SBS-PTH': 0, '291-N': 16, 'TR-4': 46, '290-EB KGR-YHK': 0, '253-A': 12, 'SBS-D10G': 31, '295-D': 21, 'KBS-D10G': 8, '290-M': 8, '293-P': 12, '296-V': 13, 'DPJN-JJN-NGW': 4, 'G-11': 35, '296-C': 18, '292-E': 12, '292-C': 30, '290-A': 28, '401-M NLO-CLO': 1, '290-H': 0, 'KBS-HNR-CHLS': 3, 'MGMS-KLN': 2, '292-D': 17, '293-H': 19, '290-RA': 5, '292-B': 12, 'SBS-KLN': 27, '290-R': 13, '294-F': 9, '294-B': 0, '294-E': 18, '294-H': 26, 'KBS-KLN': 6, '295-A': 14, '296-N': 17, '290-EB': 0, '293-R': 13, '293-S': 32, '293-K': 13, '296-A': 17, '296-B': 19, '296-D': 26, '296-K': 4, '293-F': 11, 'SBS-HNS': 3, '293-J': 11, 'SBS-RYL': 2, '327-D': 5, '295-C': 34, '295-E': 12, '295-B': 15, '290-QA': 18, '295-G': 17, '294-A': 11, '293-B': 11, '290-G': 0, '294-C SBS-JTN': 32, 'SBS-CHLS': 2, '296-T': 17, 'KBS-LGP-CHLS': 1, '290-Q': 14, 'G-11 SNBS-BLR': 1, 'TR-4A': 10, 'KMT-BLS-YPB': 1, '290-T': 11, '293-G': 30, '290-HA': 0, '215-NB': 12, 'BMESU-HBL': 4, '242-GA KBS-EWC': 2, '302-D': 35, '348-H': 12, 'SBS-SDH': 2, 'KMT-CHLS': 0, '291-D': 22, '293-N': 15, '296-Q': 23, '302 SBS-KLN': 3, '80-F': 35, '302 VSD-KLN': 4, '291-L': 3, 'KBS-BDSN': 4, '290-Z': 4, '290-P': 24, 'MBS-14': 10, 'SBS-JKR-ALSG-PTH': 1, '296-F': 10, 'CLO-RKH': 5, '291-K': 7, '293-C': 32, '291-A': 11, '291-E': 16, '293-D': 12, '293-M': 11, '296-M': 6, 'G-10': 0, '293-L': 11, '290 KBS-YLKOT': 2, '290-EY': 0, '314-N': 26, '290-KA KMT-PLG': 1, 'TR-4 JJN-PLG': 2, '290-QA NRG-RKHN': 1, '291-H': 21, '94E YPRTTMC-TRDBS': 1, 'SBS-SMHSL': 3, '293 KBS-SMHS': 2, '296 SBS-BMESL': 1, '290-E STJHS-YLKOT': 0, 'KBS-NGVRJ-VNS': 1, '293-E': 10, '295-D SBS-BMT10': 1, '290-N': 40, '317-K': 0, '241-CD': 11, 'TR-4 KMT-NGV': 1, 'GDWC-BGL': 1, '290-C': 63, '129 KBS-BNWRS': 1, '293 SBS-HMN': 7, '293 SBS-LGP-KLN': 4, '293G SBS-BMT48': 16, '293F KMT-BMT48': 6, '293S KBS-BMT48': 6, '290EY KMT-YHKOT': 0, '295-KMT-D48': 2, '294-D': 12, '290-E SBS-NGW-KLN': 0, '293-S KBS-HNS': 2, 'HALM-SBS-BMES': 1, 'SVM-SBS-BMES': 1, 'V-SBS-KNB': 1, 'BSK-KRP-ITI': 1, '348-F': 14, 'BMSIT-3': 1, '213-D': 6, 'SBS-RJP': 2, 'SBS-HTN': 1, '375-D': 80}"
Coles Road,12.99632578,77.61236246,1517,29159179,"{'250-AA': 10, 'SBS-BTM-MDL': 1, '161-D': 24, '301-E': 39, '365-D': 26, '365-B': 6, '365-E': 17, 'KBS-BDC-D34G': 11, '300-E': 55, '300-D': 37, 'BCS-BMSITY': 1, 'KBS-RMS': 2, 'MGRM-BNP': 2, '370-B': 6, 'V-365': 26, 'V-365J': 21, '368-D': 11, '369-F': 11, '369-G': 10, '300-H': 48, '302-C': 11, 'MYH-UBL': 1, 'TTC-UBL': 1, '369-E': 36, '302-J': 29, '300-B': 29, '302-GA': 19, '303-F': 21, '79-K': 13, '300-DA': 15, '300-T': 11, '300-A': 14, 'KBS-BSP-HMA': 1, 'SBS-BSP-HMA': 3, '365-F': 4, '365-N': 19, '365-Q': 16, '365-S': 6, '366-L': 10, '366-N': 16, '366-Q': 15, '366-QA': 8, '366-T': 12, '366-W': 13, '366-Z': 20, '366-F': 12, '366-KA': 8, '368-C': 6, 'KGR-BEML5': 21, '372-F': 9, '372-A': 7, '372-B': 9, '372-E': 7, '372-J': 7, '301-F': 6, 'SBS-JNN': 3, '300-P': 46, '365-J': 44, 'D10G-KMH-SBS': 2, '300-E SBS-KTMLRG': 2, '366-R': 14, 'KBS-CNP': 2, 'SBS-JDVH': 1, '300-C': 19, 'SBS-BPS-KLK': 2, 'VSD-BSP-KLK': 1, 'BGR-JAPC': 5, 'KBS-BMD-DCH': 3, 'C-365': 17, '300-K': 13, 'SBS-DVC': 4, '375-GA': 5, '370-A': 10, 'KBS-UJND': 3, '370-E': 6, '302-N': 38, '369-K': 12, '367-B': 10, 'KBS-SSPL': 1, '276-AB BMT45-DBH': 1, '300-F': 17, 'G-4': 35, '302-F': 39, '366-ZA': 5, '303-E': 32, '302-B': 40, '302-E': 14, '303-C': 24, '372-M': 11, '372-MA': 9, 'KBS-SDSH': 1, 'SBS-SVPSH': 1, 'SBS-SVPSL': 2, 'KBS-GTG-BVH-KGP': 1, 'KBS-SVPSB': 1, '302-A': 20, '330 SBS-ABISRO': 2, '301-D': 18, '301-G': 17, '303-G': 29, '302-G': 19, '300-H  ITICG-KBS': 1, '300-H  KBS-ITICG': 3, '301-A': 12, '369-D': 31, '371-D': 9, '369-J': 12, '371-A': 8, 'AMRY-2': 4}"
CS-Imra Masjid Sunders Road,12.99600127,77.61135131,2,29159179,{'OASIS-1A': 2}
Doddy Tannery Road,13.00257755,77.61206767,540,29159179,"{'SBS-AMC': 0, '290-EA': 0, '290-E SBS-PTH': 0, '291-N': 16, 'TR-4': 46, '290-EB KGR-YHK': 0, '253-A': 12, '290-M': 8, 'DPJN-JJN-NGW': 4, '290-A': 28, '290-H': 0, '290-RA': 5, '290-R': 13, '290-EB': 0, '290-QA': 18, '290-G': 0, '290-Q': 14, 'TR-4A': 10, '290-T': 11, '290-HA': 0, 'SBS-SDH': 2, '291-D': 22, '291-L': 3, '290-Z': 4, '290-P': 24, 'MBS-14': 10, 'SBS-JKR-ALSG-PTH': 1, 'CLO-RKH': 5, '291-K': 7, '291-A': 11, '291-E': 16, 'G-10': 0, '290 KBS-YLKOT': 2, '290-EY': 0, '290-KA KMT-PLG': 1, 'TR-4 JJN-PLG': 2, '290-QA NRG-RKHN': 1, '291-H': 21, '94E YPRTTMC-TRDBS': 1, '290-E STJHS-YLKOT': 0, 'KBS-NGVRJ-VNS': 1, '290-N': 40, '317-K': 0, '241-CD': 11, 'TR-4 KMT-NGV': 1, '290-C': 63, '290EY KMT-YHKOT': 0, '290-E SBS-NGW-KLN': 0, '290-E ITCF-YHKOT': 0, 'V-SBS-KNB': 1, 'BSK-KRP-ITI': 1, '348-F': 14, 'BMSIT-3': 1, '213-D': 6, 'SBS-RJP': 2, 'SBS-HTN': 1, '375-D': 80}"
Frazer Town,13.00095911,77.61294625,1227,29159179,"{'327-C': 14, 'NGW-DPJN': 6, 'SBS-D10G': 31, '295-D': 21, 'KBS-D10G': 8, '293-P': 12, '296-V': 13, 'D10G-MRG': 2, '290-D': 19, 'G-11': 35, '296-C': 18, 'KLN-LGP-SBS': 14, '292-E': 12, 'D10G-SBS': 6, '292-C': 30, '401-M NLO-CLO': 1, '291-J': 26, 'MGMS-KLN': 2, '292-D': 17, '293-H': 19, '290-J': 0, '292-B': 12, '293-A': 16, 'SBS-KLN': 27, '290-J MSP-SBS': 0, '294-F': 9, '294-B': 0, '294-E': 18, '294-H': 26, '295-A': 14, '296-N': 17, '293-R': 13, '293-S': 32, '293-K': 13, '296-A': 17, '296-B': 19, '296-D': 26, '296-K': 4, '293-F': 11, 'SBS-HNS': 3, '293-J': 11, 'SBS-RYL': 2, '327-D': 5, '295-C': 34, '295-E': 12, '295-B': 15, '295-G': 17, '294-A': 11, '293-B': 11, '294-C SBS-JTN': 32, 'SBS-CHLS': 2, '296-T': 17, 'KBS-LGP-CHLS': 1, 'SGH-SBS': 2, 'G-11 SNBS-BLR': 1, 'D10G-NGVR-JJN': 1, 'KMT-BLS-YPB': 1, '293-G': 30, '215-NB': 12, 'D10G-SOPHIA': 1, 'BMESU-HBL': 4, '302-D': 35, 'KLNB-BKC': 1, '348-H': 12, 'PTH-SBS1': 4, 'KMT-CHLS': 0, 'KLNB-LGP-BSK': 3, '293-N': 15, '296-Q': 23, '302 SBS-KLN': 3, '80-F': 35, '302 VSD-KLN': 4, '293-C OASIS-KMT': 1, '296-F': 10, 'KLNB-LGP-KBS': 2, '293-C': 32, '293-D': 12, '293-M': 11, '293-L': 11, 'JGF-2': 3, 'KLN-JJN': 1, '314-N': 26, 'K-6': 41, 'MSP-ARMYK': 1, 'HMNL-SJHS': 1, 'BMES-SBS': 3, 'KLNB-LGP-SBSP': 1, 'KLNB-LGP-SSMT': 1, 'ITPL-2A': 2, 'SBS-SMHSL': 3, '293 KBS-SMHS': 2, 'SHS-10': 2, '296 SBS-BMESL': 1, 'BCGHS-9': 2, 'VNS-03': 3, 'SJHS-9': 1, '302 BMT10-SBS': 2, 'BELGS-46': 2, 'BTP-27A': 2, '293-E': 10, 'OASIS-2B': 2, 'WTP-JVH-KRP': 1, '295-D SBS-BMT10': 1, '290-F': 0, 'TR-4 NGV-MRBS': 2, 'GDWC-BGL': 1, '129 KBS-BNWRS': 1, 'MBS-2': 17, '293 SBS-HMN': 7, '293 SBS-LGP-KLN': 4, 'VCS-ORRCA-112 ULSL-ORRCA': 2, '293G SBS-BMT48': 16, '293F KMT-BMT48': 6, '293S KBS-BMT48': 6, 'D10G-BMES': 1, 'MBS2 PTH-MRHSPG': 1, '293 BMT10-ARMY': 2, '295-KMT-D48': 2, '294-C BMT48-MGMS': 1, 'CRISTAL-3': 1, 'G11-BMT48-MGMS': 2, '294-D': 12, '293-S KBS-HNS': 2, 'HALM-SBS-BMES': 1, 'SVM-SBS-BMES': 1}"
Goodwill Womens College Hines Road,12.99659650,77.60917034,1,29159179,{'GDWC-BGL': 1}
HP Petrol Bunk Coles Road,12.99663178,77.61175163,7,29159179,"{'SJHS-LGP-HBL': 3, 'ADT-9': 4}"
Pottery Town,13.00243146,77.60914089,0,29159179,{}
Williams Town Park,12.99998422,77.60748558,2,29159179,"{'BELGS-35': 0, 'D24-TNF-WTP': 1, 'WTP-JVH-KRP': 1}"
Byadarahalli Jayamahal,13.00116812,77.60973930,16,29159180,{'210-X': 16}
Chinnappa Garden,13.00302002,77.60353880,38,29159180,"{'266-N': 12, 'BELGS-35': 0, '119-B': 15, 'OASIS-3A': 1, 'OASIS-3B': 2, 'BEMLA-28': 2, 'SHS-10': 2, 'BEMLB-22': 4}"
Doddy Tannery Road,13.00257755,77.61206767,540,29159180,"{'SBS-AMC': 0, '290-EA': 0, '290-E SBS-PTH': 0, '291-N': 16, 'TR-4': 46, '290-EB KGR-YHK': 0, '253-A': 12, '290-M': 8, 'DPJN-JJN-NGW': 4, '290-A': 28, '290-H': 0, '290-RA': 5, '290-R': 13, '290-EB': 0, '290-QA': 18, '290-G': 0, '290-Q': 14, 'TR-4A': 10, '290-T': 11, '290-HA': 0, 'SBS-SDH': 2, '291-D': 22, '291-L': 3, '290-Z': 4, '290-P': 24, 'MBS-14': 10, 'SBS-JKR-ALSG-PTH': 1, 'CLO-RKH': 5, '291-K': 7, '291-A': 11, '291-E': 16, 'G-10': 0, '290 KBS-YLKOT': 2, '290-EY': 0, '290-KA KMT-PLG': 1, 'TR-4 JJN-PLG': 2, '290-QA NRG-RKHN': 1, '291-H': 21, '94E YPRTTMC-TRDBS': 1, '290-E STJHS-YLKOT': 0, 'KBS-NGVRJ-VNS': 1, '290-N': 40, '317-K': 0, '241-CD': 11, 'TR-4 KMT-NGV': 1, '290-C': 63, '290EY KMT-YHKOT': 0, '290-E SBS-NGW-KLN': 0, '290-E ITCF-YHKOT': 0, 'V-SBS-KNB': 1, 'BSK-KRP-ITI': 1, '348-F': 14, 'BMSIT-3': 1, '213-D': 6, 'SBS-RJP': 2, 'SBS-HTN': 1, '375-D': 80}"
Frazer Town,13.00095911,77.61294625,1227,29159180,"{'327-C': 14, 'NGW-DPJN': 6, 'SBS-D10G': 31, '295-D': 21, 'KBS-D10G': 8, '293-P': 12, '296-V': 13, 'D10G-MRG': 2, '290-D': 19, 'G-11': 35, '296-C': 18, 'KLN-LGP-SBS': 14, '292-E': 12, 'D10G-SBS': 6, '292-C': 30, '401-M NLO-CLO': 1, '291-J': 26, 'MGMS-KLN': 2, '292-D': 17, '293-H': 19, '290-J': 0, '292-B': 12, '293-A': 16, 'SBS-KLN': 27, '290-J MSP-SBS': 0, '294-F': 9, '294-B': 0, '294-E': 18, '294-H': 26, '295-A': 14, '296-N': 17, '293-R': 13, '293-S': 32, '293-K': 13, '296-A': 17, '296-B': 19, '296-D': 26, '296-K': 4, '293-F': 11, 'SBS-HNS': 3, '293-J': 11, 'SBS-RYL': 2, '327-D': 5, '295-C': 34, '295-E': 12, '295-B': 15, '295-G': 17, '294-A': 11, '293-B': 11, '294-C SBS-JTN': 32, 'SBS-CHLS': 2, '296-T': 17, 'KBS-LGP-CHLS': 1, 'SGH-SBS': 2, 'G-11 SNBS-BLR': 1, 'D10G-NGVR-JJN': 1, 'KMT-BLS-YPB': 1, '293-G': 30, '215-NB': 12, 'D10G-SOPHIA': 1, 'BMESU-HBL': 4, '302-D': 35, 'KLNB-BKC': 1, '348-H': 12, 'PTH-SBS1': 4, 'KMT-CHLS': 0, 'KLNB-LGP-BSK': 3, '293-N': 15, '296-Q': 23, '302 SBS-KLN': 3, '80-F': 35, '302 VSD-KLN': 4, '293-C OASIS-KMT': 1, '296-F': 10, 'KLNB-LGP-KBS': 2, '293-C': 32, '293-D': 12, '293-M': 11, '293-L': 11, 'JGF-2': 3, 'KLN-JJN': 1, '314-N': 26, 'K-6': 41, 'MSP-ARMYK': 1, 'HMNL-SJHS': 1, 'BMES-SBS': 3, 'KLNB-LGP-SBSP': 1, 'KLNB-LGP-SSMT': 1, 'ITPL-2A': 2, 'SBS-SMHSL': 3, '293 KBS-SMHS': 2, 'SHS-10': 2, '296 SBS-BMESL': 1, 'BCGHS-9': 2, 'VNS-03': 3, 'SJHS-9': 1, '302 BMT10-SBS': 2, 'BELGS-46': 2, 'BTP-27A': 2, '293-E': 10, 'OASIS-2B': 2, 'WTP-JVH-KRP': 1, '295-D SBS-BMT10': 1, '290-F': 0, 'TR-4 NGV-MRBS': 2, 'GDWC-BGL': 1, '129 KBS-BNWRS': 1, 'MBS-2': 17, '293 SBS-HMN': 7, '293 SBS-LGP-KLN': 4, 'VCS-ORRCA-112 ULSL-ORRCA': 2, '293G SBS-BMT48': 16, '293F KMT-BMT48': 6, '293S KBS-BMT48': 6, 'D10G-BMES': 1, 'MBS2 PTH-MRHSPG': 1, '293 BMT10-ARMY': 2, '295-KMT-D48': 2, '294-C BMT48-MGMS': 1, 'CRISTAL-3': 1, 'G11-BMT48-MGMS': 2, '294-D': 12, '293-S KBS-HNS': 2, 'HALM-SBS-BMES': 1, 'SVM-SBS-BMES': 1}"
Goodwill Womens College Hines Road,12.99659650,77.60917034,1,29159180,{'GDWC-BGL': 1}
Pottery Town,13.00243146,77.60914089,0,29159180,{}
Williams Town Park,12.99998422,77.60748558,2,29159180,"{'BELGS-35': 0, 'D24-TNF-WTP': 1, 'WTP-JVH-KRP': 1}"
Byadarahalli Jayamahal,13.00116812,77.60973930,16,29159188,{'210-X': 16}
Clarence School,13.00226912,77.61665130,1946,29159188,"{'327-C': 14, '301-E': 39, '300-E': 55, '300-D': 37, '300-H': 48, 'SBS-D10G': 31, '295-D': 21, 'KBS-D10G': 8, '302-C': 11, '293-P': 12, '296-V': 13, 'D10G-MRG': 2, 'G-11': 35, '296-C': 18, 'KLN-LGP-SBS': 14, '292-E': 12, 'D10G-SBS': 6, '292-C': 30, '401-M NLO-CLO': 1, '302-J': 29, '300-B': 29, 'KBS-HNR-CHLS': 3, '302-GA': 19, '303-F': 21, 'MGMS-KLN': 2, '292-D': 17, '293-H': 19, '292-B': 12, '293-A': 16, '79-K': 13, 'SBS-KLN': 27, '294-F': 9, '294-B': 0, '300-DA': 15, '294-E': 18, '294-H': 26, 'KBS-KLN': 6, '295-A': 14, '296-N': 17, '293-R': 13, '293-S': 32, '300-T': 11, '293-K': 13, '296-A': 17, '296-B': 19, '296-D': 26, '296-K': 4, '293-F': 11, 'SBS-HNS': 3, '293-J': 11, 'SBS-RYL': 2, '327-D': 5, '295-C': 34, '300-A': 14, '295-E': 12, '295-B': 15, '295-G': 17, 'KBS-BSP-HMA': 1, 'SBS-BSP-HMA': 3, '294-A': 11, '293-B': 11, '294-C SBS-JTN': 32, 'SBS-CHLS': 2, '296-T': 17, 'KBS-LGP-CHLS': 1, 'SGH-SBS': 2, 'G-11 SNBS-BLR': 1, '301-F': 6, '300-P': 46, '300-E SBS-KTMLRG': 2, 'KMT-BLS-YPB': 1, '300-C': 19, 'SBS-BPS-KLK': 2, 'VSD-BSP-KLK': 1, '293-G': 30, '215-NB': 12, 'D10G-SOPHIA': 1, 'BMESU-HBL': 4, '242-GA KBS-EWC': 2, '302-D': 35, '300-K': 13, '348-H': 12, '302-N': 38, 'KMT-CHLS': 0, 'KLNB-LGP-BSK': 3, '276-AB BMT45-DBH': 1, '293-N': 15, '300-F': 17, '296-Q': 23, '302 SBS-KLN': 3, '80-F': 35, '302 VSD-KLN': 4, '293-C OASIS-KMT': 1, 'KBS-BDSN': 4, '302-F': 39, 'SJHS-LGP-HBL': 3, '296-F': 10, 'KLNB-LGP-KBS': 2, 'MF-4': 15, '303-E': 32, '302-B': 40, '293-C': 32, '302-E': 14, '303-C': 24, '293-D': 12, '293-M': 11, '296-M': 6, '293-L': 11, '314-N': 26, 'BMT10-NRG': 1, 'KBS-SDSH': 1, 'HMNL-SJHS': 1, 'BMES-SBS': 3, 'KLNB-LGP-SBSP': 1, 'KLNB-LGP-SSMT': 1, 'SBS-SVPSH': 1, 'SBS-SMHSL': 3, '293 KBS-SMHS': 2, 'SBS-SVPSL': 2, 'SOPHIYA-1': 2, '296 SBS-BMESL': 1, 'BCGHS-18': 2, 'VNS-03': 3, '302 BMT10-SBS': 2, '293-E': 10, 'OASIS-2B': 2, 'D24-TNF-WTP': 1, 'KBS-SVPSB': 1, '295-D SBS-BMT10': 1, '302-A': 20, 'GDWC-BGL': 1, '129 KBS-BNWRS': 1, '293 SBS-HMN': 7, '293 SBS-LGP-KLN': 4, '330 SBS-ABISRO': 2, '301-D': 18, '301-G': 17, '303-G': 29, '302-G': 19, '293G SBS-BMT48': 16, '293F KMT-BMT48': 6, '293S KBS-BMT48': 6, 'ARMY-3': 3, 'D10G-BMES': 1, '293 BMT10-ARMY': 2, '295-KMT-D48': 2, '300-H  KBS-ITICG': 3, '294-C BMT48-MGMS': 1, 'CRISTAL-3': 1, 'G11-BMT48-MGMS': 2, '294-D': 12, '290-E ITCF-YHKOT': 0, '500-A CSB-SJHSU': 3, '293-S KBS-HNS': 2, 'HALM-SBS-BMES': 1, 'SVM-SBS-BMES': 1, '301-A': 12, 'AMRY-2': 4}"
Doddy Tannery Road,13.00257755,77.61206767,540,29159188,"{'SBS-AMC': 0, '290-EA': 0, '290-E SBS-PTH': 0, '291-N': 16, 'TR-4': 46, '290-EB KGR-YHK': 0, '253-A': 12, '290-M': 8, 'DPJN-JJN-NGW': 4, '290-A': 28, '290-H': 0, '290-RA': 5, '290-R': 13, '290-EB': 0, '290-QA': 18, '290-G': 0, '290-Q': 14, 'TR-4A': 10, '290-T': 11, '290-HA': 0, 'SBS-SDH': 2, '291-D': 22, '291-L': 3, '290-Z': 4, '290-P': 24, 'MBS-14': 10, 'SBS-JKR-ALSG-PTH': 1, 'CLO-RKH': 5, '291-K': 7, '291-A': 11, '291-E': 16, 'G-10': 0, '290 KBS-YLKOT': 2, '290-EY': 0, '290-KA KMT-PLG': 1, 'TR-4 JJN-PLG': 2, '290-QA NRG-RKHN': 1, '291-H': 21, '94E YPRTTMC-TRDBS': 1, '290-E STJHS-YLKOT': 0, 'KBS-NGVRJ-VNS': 1, '290-N': 40, '317-K': 0, '241-CD': 11, 'TR-4 KMT-NGV': 1, '290-C': 63, '290EY KMT-YHKOT': 0, '290-E SBS-NGW-KLN': 0, '290-E ITCF-YHKOT': 0, 'V-SBS-KNB': 1, 'BSK-KRP-ITI': 1, '348-F': 14, 'BMSIT-3': 1, '213-D': 6, 'SBS-RJP': 2, 'SBS-HTN': 1, '375-D': 80}"
Frazer Town,13.00095911,77.61294625,1227,29159188,"{'327-C': 14, 'NGW-DPJN': 6, 'SBS-D10G': 31, '295-D': 21, 'KBS-D10G': 8, '293-P': 12, '296-V': 13, 'D10G-MRG': 2, '290-D': 19, 'G-11': 35, '296-C': 18, 'KLN-LGP-SBS': 14, '292-E': 12, 'D10G-SBS': 6, '292-C': 30, '401-M NLO-CLO': 1, '291-J': 26, 'MGMS-KLN': 2, '292-D': 17, '293-H': 19, '290-J': 0, '292-B': 12, '293-A': 16, 'SBS-KLN': 27, '290-J MSP-SBS': 0, '294-F': 9, '294-B': 0, '294-E': 18, '294-H': 26, '295-A': 14, '296-N': 17, '293-R': 13, '293-S': 32, '293-K': 13, '296-A': 17, '296-B': 19, '296-D': 26, '296-K': 4, '293-F': 11, 'SBS-HNS': 3, '293-J': 11, 'SBS-RYL': 2, '327-D': 5, '295-C': 34, '295-E': 12, '295-B': 15, '295-G': 17, '294-A': 11, '293-B': 11, '294-C SBS-JTN': 32, 'SBS-CHLS': 2, '296-T': 17, 'KBS-LGP-CHLS': 1, 'SGH-SBS': 2, 'G-11 SNBS-BLR': 1, 'D10G-NGVR-JJN': 1, 'KMT-BLS-YPB': 1, '293-G': 30, '215-NB': 12, 'D10G-SOPHIA': 1, 'BMESU-HBL': 4, '302-D': 35, 'KLNB-BKC': 1, '348-H': 12, 'PTH-SBS1': 4, 'KMT-CHLS': 0, 'KLNB-LGP-BSK': 3, '293-N': 15, '296-Q': 23, '302 SBS-KLN': 3, '80-F': 35, '302 VSD-KLN': 4, '293-C OASIS-KMT': 1, '296-F': 10, 'KLNB-LGP-KBS': 2, '293-C': 32, '293-D': 12, '293-M': 11, '293-L': 11, 'JGF-2': 3, 'KLN-JJN': 1, '314-N': 26, 'K-6': 41, 'MSP-ARMYK': 1, 'HMNL-SJHS': 1, 'BMES-SBS': 3, 'KLNB-LGP-SBSP': 1, 'KLNB-LGP-SSMT': 1, 'ITPL-2A': 2, 'SBS-SMHSL': 3, '293 KBS-SMHS': 2, 'SHS-10': 2, '296 SBS-BMESL': 1, 'BCGHS-9': 2, 'VNS-03': 3, 'SJHS-9': 1, '302 BMT10-SBS': 2, 'BELGS-46': 2, 'BTP-27A': 2, '293-E': 10, 'OASIS-2B': 2, 'WTP-JVH-KRP': 1, '295-D SBS-BMT10': 1, '290-F': 0, 'TR-4 NGV-MRBS': 2, 'GDWC-BGL': 1, '129 KBS-BNWRS': 1, 'MBS-2': 17, '293 SBS-HMN': 7, '293 SBS-LGP-KLN': 4, 'VCS-ORRCA-112 ULSL-ORRCA': 2, '293G SBS-BMT48': 16, '293F KMT-BMT48': 6, '293S KBS-BMT48': 6, 'D10G-BMES': 1, 'MBS2 PTH-MRHSPG': 1, '293 BMT10-ARMY': 2, '295-KMT-D48': 2, '294-C BMT48-MGMS': 1, 'CRISTAL-3': 1, 'G11-BMT48-MGMS': 2, '294-D': 12, '293-S KBS-HNS': 2, 'HALM-SBS-BMES': 1, 'SVM-SBS-BMES': 1}"
Mosque Road,13.00031693,77.61607925,530,29159188,"{'300-E': 55, '302-C': 11, '302-J': 29, '300-B': 29, '302-GA': 19, '303-F': 21, '300-T': 11, 'KBS-BSP-HMA': 1, 'SBS-BSP-HMA': 3, 'D10G-KMH-SBS': 2, '300-D': 37, '300-E SBS-KTMLRG': 2, '302-N': 38, '276-AB BMT45-DBH': 1, '300-F': 17, '302-F': 39, 'SJHS-LGP-HBL': 3, '303-E': 32, '302-B': 40, '302-E': 14, 'OASIS-4A': 3, 'OASIS-2A': 2, 'KBS-SDSH': 1, 'SOPHIYA-15': 2, 'SBS-SVPSH': 1, 'SBS-SVPSL': 2, 'SHS-10': 2, 'BMES-5': 3, 'BCGHS-18': 2, 'STJOHN-5': 2, 'CALLBUS-05': 1, 'BELGS-46': 2, 'KBS-SVPSB': 1, '302-A': 20, 'VCS-MEBP-12 BSK-MEBP': 1, '330 SBS-ABISRO': 2, '301-G': 17, '303-G': 29, '302-G': 19, 'D10G-BMES': 1, '300-H  ITICG-KBS': 1, '301-A': 12}"
Periyar Nagara Circle Tannery Road,13.00864575,77.61331335,539,29159188,"{'SBS-AMC': 0, '290-EA': 0, '290-E SBS-PTH': 0, '291-N': 16, 'TR-4': 46, '290-EB KGR-YHK': 0, '253-A': 12, '290-M': 8, 'DPJN-JJN-NGW': 4, '290-A': 28, '290-H': 0, '290-RA': 5, '290-R': 13, '290-EB': 0, '290-QA': 18, '290-G': 0, '290-Q': 14, 'TR-4A': 10, '290-T': 11, '290-HA': 0, 'SBS-SDH': 2, '291-D': 22, '291-L': 3, '290-Z': 4, '290-P': 24, 'MBS-14': 10, 'SBS-JKR-ALSG-PTH': 1, 'CLO-RKH': 5, '291-K': 7, '291-A': 11, '291-E': 16, 'G-10': 0, '290 KBS-YLKOT': 2, '290-EY': 0, '290-KA KMT-PLG': 1, 'TR-4 JJN-PLG': 2, '290-QA NRG-RKHN': 1, '291-H': 21, '290-E STJHS-YLKOT': 0, 'KBS-NGVRJ-VNS': 1, '290-N': 40, '317-K': 0, '241-CD': 11, 'TR-4 KMT-NGV': 1, '290-C': 63, '290EY KMT-YHKOT': 0, '290-E SBS-NGW-KLN': 0, '290-E ITCF-YHKOT': 0, 'V-SBS-KNB': 1, 'BSK-KRP-ITI': 1, '348-F': 14, 'BMSIT-3': 1, '213-D': 6, 'SBS-RJP': 2, 'SBS-HTN': 1, '375-D': 80}"
Pottery Town,13.00243146,77.60914089,0,29159188,{}
Tannery Road Canara Bank,13.00680094,77.61247259,480,29159188,"{'SBS-AMC': 0, '290-EA': 0, '290-E SBS-PTH': 0, '291-N': 16, 'TR-4': 46, '290-EB KGR-YHK': 0, '253-A': 12, '290-M': 8, 'DPJN-JJN-NGW': 4, '290-A': 28, '290-R': 13, '290-EB': 0, '290-QA': 18, '290-G': 0, '290-Q': 14, 'TR-4A': 10, '290-T': 11, '290-HA': 0, '291-D': 22, '291-L': 3, '290-Z': 4, '290-P': 24, 'MBS-14': 10, 'SBS-JKR-ALSG-PTH': 1, 'CLO-RKH': 5, '291-K': 7, '291-A': 11, '291-E': 16, 'G-10': 0, '290 KBS-YLKOT': 2, '290-EY': 0, '290-KA KMT-PLG': 1, 'TR-4 JJN-PLG': 2, '290-QA NRG-RKHN': 1, '291-H': 21, '290-E STJHS-YLKOT': 0, 'KBS-NGVRJ-VNS': 1, '317-K': 0, 'TR-4 KMT-NGV': 1, '290-C': 63, '290EY KMT-YHKOT': 0, '290-E SBS-NGW-KLN': 0, '290-E ITCF-YHKOT': 0, 'V-SBS-KNB': 1, 'BSK-KRP-ITI': 1, '348-F': 14, '213-D': 6, 'SBS-RJP': 2, 'SBS-HTN': 1, '375-D': 80}"
Williams Town Park,12.99998422,77.60748558,2,29159188,"{'BELGS-35': 0, 'D24-TNF-WTP': 1, 'WTP-JVH-KRP': 1}"
Byadarahalli Jayamahal,13.00116812,77.60973930,16,29159189,{'210-X': 16}
Clarence School,13.00226912,77.61665130,1946,29159189,"{'327-C': 14, '301-E': 39, '300-E': 55, '300-D': 37, '300-H': 48, 'SBS-D10G': 31, '295-D': 21, 'KBS-D10G': 8, '302-C': 11, '293-P': 12, '296-V': 13, 'D10G-MRG': 2, 'G-11': 35, '296-C': 18, 'KLN-LGP-SBS': 14, '292-E': 12, 'D10G-SBS': 6, '292-C': 30, '401-M NLO-CLO': 1, '302-J': 29, '300-B': 29, 'KBS-HNR-CHLS': 3, '302-GA': 19, '303-F': 21, 'MGMS-KLN': 2, '292-D': 17, '293-H': 19, '292-B': 12, '293-A': 16, '79-K': 13, 'SBS-KLN': 27, '294-F': 9, '294-B': 0, '300-DA': 15, '294-E': 18, '294-H': 26, 'KBS-KLN': 6, '295-A': 14, '296-N': 17, '293-R': 13, '293-S': 32, '300-T': 11, '293-K': 13, '296-A': 17, '296-B': 19, '296-D': 26, '296-K': 4, '293-F': 11, 'SBS-HNS': 3, '293-J': 11, 'SBS-RYL': 2, '327-D': 5, '295-C': 34, '300-A': 14, '295-E': 12, '295-B': 15, '295-G': 17, 'KBS-BSP-HMA': 1, 'SBS-BSP-HMA': 3, '294-A': 11, '293-B': 11, '294-C SBS-JTN': 32, 'SBS-CHLS': 2, '296-T': 17, 'KBS-LGP-CHLS': 1, 'SGH-SBS': 2, 'G-11 SNBS-BLR': 1, '301-F': 6, '300-P': 46, '300-E SBS-KTMLRG': 2, 'KMT-BLS-YPB': 1, '300-C': 19, 'SBS-BPS-KLK': 2, 'VSD-BSP-KLK': 1, '293-G': 30, '215-NB': 12, 'D10G-SOPHIA': 1, 'BMESU-HBL': 4, '242-GA KBS-EWC': 2, '302-D': 35, '300-K': 13, '348-H': 12, '302-N': 38, 'KMT-CHLS': 0, 'KLNB-LGP-BSK': 3, '276-AB BMT45-DBH': 1, '293-N': 15, '300-F': 17, '296-Q': 23, '302 SBS-KLN': 3, '80-F': 35, '302 VSD-KLN': 4, '293-C OASIS-KMT': 1, 'KBS-BDSN': 4, '302-F': 39, 'SJHS-LGP-HBL': 3, '296-F': 10, 'KLNB-LGP-KBS': 2, 'MF-4': 15, '303-E': 32, '302-B': 40, '293-C': 32, '302-E': 14, '303-C': 24, '293-D': 12, '293-M': 11, '296-M': 6, '293-L': 11, '314-N': 26, 'BMT10-NRG': 1, 'KBS-SDSH': 1, 'HMNL-SJHS': 1, 'BMES-SBS': 3, 'KLNB-LGP-SBSP': 1, 'KLNB-LGP-SSMT': 1, 'SBS-SVPSH': 1, 'SBS-SMHSL': 3, '293 KBS-SMHS': 2, 'SBS-SVPSL': 2, 'SOPHIYA-1': 2, '296 SBS-BMESL': 1, 'BCGHS-18': 2, 'VNS-03': 3, '302 BMT10-SBS': 2, '293-E': 10, 'OASIS-2B': 2, 'D24-TNF-WTP': 1, 'KBS-SVPSB': 1, '295-D SBS-BMT10': 1, '302-A': 20, 'GDWC-BGL': 1, '129 KBS-BNWRS': 1, '293 SBS-HMN': 7, '293 SBS-LGP-KLN': 4, '330 SBS-ABISRO': 2, '301-D': 18, '301-G': 17, '303-G': 29, '302-G': 19, '293G SBS-BMT48': 16, '293F KMT-BMT48': 6, '293S KBS-BMT48': 6, 'ARMY-3': 3, 'D10G-BMES': 1, '293 BMT10-ARMY': 2, '295-KMT-D48': 2, '300-H  KBS-ITICG': 3, '294-C BMT48-MGMS': 1, 'CRISTAL-3': 1, 'G11-BMT48-MGMS': 2, '294-D': 12, '290-E ITCF-YHKOT': 0, '500-A CSB-SJHSU': 3, '293-S KBS-HNS': 2, 'HALM-SBS-BMES': 1, 'SVM-SBS-BMES': 1, '301-A': 12, 'AMRY-2': 4}"
Devis Road,13.00327455,77.61898018,932,29159189,"{'SBS-D10G': 31, '295-D': 21, '293-P': 12, '296-V': 13, 'G-11': 35, '296-C': 18, 'KLN-LGP-SBS': 14, '292-E': 12, 'D10G-SBS': 6, '292-C': 30, '401-M NLO-CLO': 1, 'KBS-HNR-CHLS': 3, 'MGMS-KLN': 2, '292-D': 17, '293-H': 19, '292-B': 12, '293-A': 16, '294-F': 9, '294-B': 0, '294-E': 18, '294-H': 26, 'KBS-KLN': 6, '295-A': 14, '296-N': 17, '293-R': 13, '293-S': 32, '293-K': 13, '296-A': 17, '296-B': 19, '296-D': 26, '296-K': 4, '293-F': 11, 'SBS-HNS': 3, '293-J': 11, 'SBS-RYL': 2, '327-D': 5, '295-C': 34, '295-E': 12, '295-B': 15, '295-G': 17, '294-A': 11, '293-B': 11, '294-C SBS-JTN': 32, 'SBS-CHLS': 2, '296-T': 17, 'KBS-LGP-CHLS': 1, 'SGH-SBS': 2, 'KMT-BLS-YPB': 1, 'BMESU-HBL': 4, '348-H': 12, 'KMT-CHLS': 0, 'KLNB-LGP-BSK': 3, '293-N': 15, '296-Q': 23, '293-C OASIS-KMT': 1, 'KBS-BDSN': 4, 'SJHS-LGP-HBL': 3, '296-F': 10, 'KLNB-LGP-KBS': 2, 'MF-4': 15, '293-C': 32, '293-D': 12, '293-M': 11, '296-M': 6, '293-L': 11, 'OASIS-4A': 3, 'OASIS-4B': 2, 'OASIS-2A': 2, 'BMT10-NRG': 1, 'SMHS-1': 6, 'HMNL-SJHS': 1, 'BMES-SBS': 3, 'KLNB-LGP-SBSP': 1, 'KLNB-LGP-SSMT': 1, 'ADT-9': 4, 'SBS-SMHSL': 3, '293 KBS-SMHS': 2, 'BMES-5': 3, 'BCGHS-9': 2, 'BCGHS-18': 2, 'VNS-03': 3, '293-E': 10, 'OASIS-2B': 2, '295-D SBS-BMT10': 1, 'CHLS-09': 3, 'GDWC-BGL': 1, '293 SBS-HMN': 7, '293 SBS-LGP-KLN': 4, '293F KMT-BMT48': 6, '293S KBS-BMT48': 6, '293 BMT10-ARMY': 2, '294-C BMT48-MGMS': 1, 'G11-BMT48-MGMS': 2, '294-D': 12, '500-A CSB-SJHSU': 3, '293-S KBS-HNS': 2, 'ARMY-4': 2, 'HALM-SBS-BMES': 1, 'SVM-SBS-BMES': 1}"
Doddy Tannery Road,13.00257755,77.61206767,540,29159189,"{'SBS-AMC': 0, '290-EA': 0, '290-E SBS-PTH': 0, '291-N': 16, 'TR-4': 46, '290-EB KGR-YHK': 0, '253-A': 12, '290-M': 8, 'DPJN-JJN-NGW': 4, '290-A': 28, '290-H': 0, '290-RA': 5, '290-R': 13, '290-EB': 0, '290-QA': 18, '290-G': 0, '290-Q': 14, 'TR-4A': 10, '290-T': 11, '290-HA': 0, 'SBS-SDH': 2, '291-D': 22, '291-L': 3, '290-Z': 4, '290-P': 24, 'MBS-14': 10, 'SBS-JKR-ALSG-PTH': 1, 'CLO-RKH': 5, '291-K': 7, '291-A': 11, '291-E': 16, 'G-10': 0, '290 KBS-YLKOT': 2, '290-EY': 0, '290-KA KMT-PLG': 1, 'TR-4 JJN-PLG': 2, '290-QA NRG-RKHN': 1, '291-H': 21, '94E YPRTTMC-TRDBS': 1, '290-E STJHS-YLKOT': 0, 'KBS-NGVRJ-VNS': 1, '290-N': 40, '317-K': 0, '241-CD': 11, 'TR-4 KMT-NGV': 1, '290-C': 63, '290EY KMT-YHKOT': 0, '290-E SBS-NGW-KLN': 0, '290-E ITCF-YHKOT': 0, 'V-SBS-KNB': 1, 'BSK-KRP-ITI': 1, '348-F': 14, 'BMSIT-3': 1, '213-D': 6, 'SBS-RJP': 2, 'SBS-HTN': 1, '375-D': 80}"
East Railway Station,13.00024247,77.61721795,0,29159189,{}
Frazer Town,13.00095911,77.61294625,1227,29159189,"{'327-C': 14, 'NGW-DPJN': 6, 'SBS-D10G': 31, '295-D': 21, 'KBS-D10G': 8, '293-P': 12, '296-V': 13, 'D10G-MRG': 2, '290-D': 19, 'G-11': 35, '296-C': 18, 'KLN-LGP-SBS': 14, '292-E': 12, 'D10G-SBS': 6, '292-C': 30, '401-M NLO-CLO': 1, '291-J': 26, 'MGMS-KLN': 2, '292-D': 17, '293-H': 19, '290-J': 0, '292-B': 12, '293-A': 16, 'SBS-KLN': 27, '290-J MSP-SBS': 0, '294-F': 9, '294-B': 0, '294-E': 18, '294-H': 26, '295-A': 14, '296-N': 17, '293-R': 13, '293-S': 32, '293-K': 13, '296-A': 17, '296-B': 19, '296-D': 26, '296-K': 4, '293-F': 11, 'SBS-HNS': 3, '293-J': 11, 'SBS-RYL': 2, '327-D': 5, '295-C': 34, '295-E': 12, '295-B': 15, '295-G': 17, '294-A': 11, '293-B': 11, '294-C SBS-JTN': 32, 'SBS-CHLS': 2, '296-T': 17, 'KBS-LGP-CHLS': 1, 'SGH-SBS': 2, 'G-11 SNBS-BLR': 1, 'D10G-NGVR-JJN': 1, 'KMT-BLS-YPB': 1, '293-G': 30, '215-NB': 12, 'D10G-SOPHIA': 1, 'BMESU-HBL': 4, '302-D': 35, 'KLNB-BKC': 1, '348-H': 12, 'PTH-SBS1': 4, 'KMT-CHLS': 0, 'KLNB-LGP-BSK': 3, '293-N': 15, '296-Q': 23, '302 SBS-KLN': 3, '80-F': 35, '302 VSD-KLN': 4, '293-C OASIS-KMT': 1, '296-F': 10, 'KLNB-LGP-KBS': 2, '293-C': 32, '293-D': 12, '293-M': 11, '293-L': 11, 'JGF-2': 3, 'KLN-JJN': 1, '314-N': 26, 'K-6': 41, 'MSP-ARMYK': 1, 'HMNL-SJHS': 1, 'BMES-SBS': 3, 'KLNB-LGP-SBSP': 1, 'KLNB-LGP-SSMT': 1, 'ITPL-2A': 2, 'SBS-SMHSL': 3, '293 KBS-SMHS': 2, 'SHS-10': 2, '296 SBS-BMESL': 1, 'BCGHS-9': 2, 'VNS-03': 3, 'SJHS-9': 1, '302 BMT10-SBS': 2, 'BELGS-46': 2, 'BTP-27A': 2, '293-E': 10, 'OASIS-2B': 2, 'WTP-JVH-KRP': 1, '295-D SBS-BMT10': 1, '290-F': 0, 'TR-4 NGV-MRBS': 2, 'GDWC-BGL': 1, '129 KBS-BNWRS': 1, 'MBS-2': 17, '293 SBS-HMN': 7, '293 SBS-LGP-KLN': 4, 'VCS-ORRCA-112 ULSL-ORRCA': 2, '293G SBS-BMT48': 16, '293F KMT-BMT48': 6, '293S KBS-BMT48': 6, 'D10G-BMES': 1, 'MBS2 PTH-MRHSPG': 1, '293 BMT10-ARMY': 2, '295-KMT-D48': 2, '294-C BMT48-MGMS': 1, 'CRISTAL-3': 1, 'G11-BMT48-MGMS': 2, '294-D': 12, '293-S KBS-HNS': 2, 'HALM-SBS-BMES': 1, 'SVM-SBS-BMES': 1}"
Mosque Road,13.00031693,77.61607925,530,29159189,"{'300-E': 55, '302-C': 11, '302-J': 29, '300-B': 29, '302-GA': 19, '303-F': 21, '300-T': 11, 'KBS-BSP-HMA': 1, 'SBS-BSP-HMA': 3, 'D10G-KMH-SBS': 2, '300-D': 37, '300-E SBS-KTMLRG': 2, '302-N': 38, '276-AB BMT45-DBH': 1, '300-F': 17, '302-F': 39, 'SJHS-LGP-HBL': 3, '303-E': 32, '302-B': 40, '302-E': 14, 'OASIS-4A': 3, 'OASIS-2A': 2, 'KBS-SDSH': 1, 'SOPHIYA-15': 2, 'SBS-SVPSH': 1, 'SBS-SVPSL': 2, 'SHS-10': 2, 'BMES-5': 3, 'BCGHS-18': 2, 'STJOHN-5': 2, 'CALLBUS-05': 1, 'BELGS-46': 2, 'KBS-SVPSB': 1, '302-A': 20, 'VCS-MEBP-12 BSK-MEBP': 1, '330 SBS-ABISRO': 2, '301-G': 17, '303-G': 29, '302-G': 19, 'D10G-BMES': 1, '300-H  ITICG-KBS': 1, '301-A': 12}"
Tannery Road Canara Bank,13.00680094,77.61247259,480,29159189,"{'SBS-AMC': 0, '290-EA': 0, '290-E SBS-PTH': 0, '291-N': 16, 'TR-4': 46, '290-EB KGR-YHK': 0, '253-A': 12, '290-M': 8, 'DPJN-JJN-NGW': 4, '290-A': 28, '290-R': 13, '290-EB': 0, '290-QA': 18, '290-G': 0, '290-Q': 14, 'TR-4A': 10, '290-T': 11, '290-HA': 0, '291-D': 22, '291-L': 3, '290-Z': 4, '290-P': 24, 'MBS-14': 10, 'SBS-JKR-ALSG-PTH': 1, 'CLO-RKH': 5, '291-K': 7, '291-A': 11, '291-E': 16, 'G-10': 0, '290 KBS-YLKOT': 2, '290-EY': 0, '290-KA KMT-PLG': 1, 'TR-4 JJN-PLG': 2, '290-QA NRG-RKHN': 1, '291-H': 21, '290-E STJHS-YLKOT': 0, 'KBS-NGVRJ-VNS': 1, '317-K': 0, 'TR-4 KMT-NGV': 1, '290-C': 63, '290EY KMT-YHKOT': 0, '290-E SBS-NGW-KLN': 0, '290-E ITCF-YHKOT': 0, 'V-SBS-KNB': 1, 'BSK-KRP-ITI': 1, '348-F': 14, '213-D': 6, 'SBS-RJP': 2, 'SBS-HTN': 1, '375-D': 80}"
Byadarahalli Jayamahal,13.00116812,77.60973930,16,29159192,{'210-X': 16}
Canara Bank Millers Road,12.99551843,77.60157265,98,29159192,"{'266-N': 12, '114-A': 63, '342-U': 6, 'D06G-STP': 2, '119-B': 15}"
Chinnappa Garden,13.00302002,77.60353880,38,29159192,"{'266-N': 12, 'BELGS-35': 0, '119-B': 15, 'OASIS-3A': 1, 'OASIS-3B': 2, 'BEMLA-28': 2, 'SHS-10': 2, 'BEMLB-22': 4}"
Coles Park Millers Road,12.99554851,77.60656584,1594,29159192,"{'SBS-AMC': 0, '210-X': 16, '327-C': 14, '290-EA': 0, '290-E SBS-PTH': 0, '291-N': 16, 'TR-4': 46, '290-EB KGR-YHK': 0, '253-A': 12, 'SBS-D10G': 31, '295-D': 21, 'KBS-D10G': 8, '290-M': 8, '293-P': 12, '296-V': 13, 'DPJN-JJN-NGW': 4, 'G-11': 35, '296-C': 18, '292-E': 12, '292-C': 30, '290-A': 28, '401-M NLO-CLO': 1, '290-H': 0, 'KBS-HNR-CHLS': 3, 'MGMS-KLN': 2, '292-D': 17, '293-H': 19, '290-RA': 5, '292-B': 12, 'SBS-KLN': 27, '290-R': 13, '294-F': 9, '294-B': 0, '294-E': 18, '294-H': 26, 'KBS-KLN': 6, '295-A': 14, '296-N': 17, '290-EB': 0, '293-R': 13, '293-S': 32, '293-K': 13, '296-A': 17, '296-B': 19, '296-D': 26, '296-K': 4, '293-F': 11, 'SBS-HNS': 3, '293-J': 11, 'SBS-RYL': 2, '327-D': 5, '295-C': 34, '295-E': 12, '295-B': 15, '290-QA': 18, '295-G': 17, '294-A': 11, '293-B': 11, '290-G': 0, '294-C SBS-JTN': 32, 'SBS-CHLS': 2, '296-T': 17, 'KBS-LGP-CHLS': 1, '290-Q': 14, 'G-11 SNBS-BLR': 1, 'TR-4A': 10, 'KMT-BLS-YPB': 1, '290-T': 11, '293-G': 30, '290-HA': 0, '215-NB': 12, 'BMESU-HBL': 4, '242-GA KBS-EWC': 2, '302-D': 35, '348-H': 12, 'SBS-SDH': 2, 'KMT-CHLS': 0, '291-D': 22, '293-N': 15, '296-Q': 23, '302 SBS-KLN': 3, '80-F': 35, '302 VSD-KLN': 4, '291-L': 3, 'KBS-BDSN': 4, '290-Z': 4, '290-P': 24, 'MBS-14': 10, 'SBS-JKR-ALSG-PTH': 1, '296-F': 10, 'CLO-RKH': 5, '291-K': 7, '293-C': 32, '291-A': 11, '291-E': 16, '293-D': 12, '293-M': 11, '296-M': 6, 'G-10': 0, '293-L': 11, '290 KBS-YLKOT': 2, '290-EY': 0, '314-N': 26, '290-KA KMT-PLG': 1, 'TR-4 JJN-PLG': 2, '290-QA NRG-RKHN': 1, '291-H': 21, '94E YPRTTMC-TRDBS': 1, 'SBS-SMHSL': 3, '293 KBS-SMHS': 2, '296 SBS-BMESL': 1, '290-E STJHS-YLKOT': 0, 'KBS-NGVRJ-VNS': 1, '293-E': 10, '295-D SBS-BMT10': 1, '290-N': 40, '317-K': 0, '241-CD': 11, 'TR-4 KMT-NGV': 1, 'GDWC-BGL': 1, '290-C': 63, '129 KBS-BNWRS': 1, '293 SBS-HMN': 7, '293 SBS-LGP-KLN': 4, '293G SBS-BMT48': 16, '293F KMT-BMT48': 6, '293S KBS-BMT48': 6, '290EY KMT-YHKOT': 0, '295-KMT-D48': 2, '294-D': 12, '290-E SBS-NGW-KLN': 0, '293-S KBS-HNS': 2, 'HALM-SBS-BMES': 1, 'SVM-SBS-BMES': 1, 'V-SBS-KNB': 1, 'BSK-KRP-ITI': 1, '348-F': 14, 'BMSIT-3': 1, '213-D': 6, 'SBS-RJP': 2, 'SBS-HTN': 1, '375-D': 80}"
Goodwill Womens College Hines Road,12.99659650,77.60917034,1,29159192,{'GDWC-BGL': 1}
Jayamahal Extension,13.00208674,77.59877577,75,29159192,"{'114-A': 63, '342-U': 6, 'D06G-STP': 2, 'SBS-STP': 3, 'SBS-JMML': 1}"
Marappa Garden,13.00454089,77.59968708,43,29159192,"{'266-N': 12, 'D10G-MRG': 2, 'D14-MPG': 1, '380 KMT-KTO': 6, '320-B': 5, '119-B': 15, 'BEMLA-28': 2}"
Millers Road,12.99535051,77.60299891,20,29159192,"{'STJHS-HBLB': 2, 'KIAS-4': 9, 'KIAS-4A': 9}"
Nandidurga Road,13.00055526,77.59964347,127,29159192,"{'266-N': 12, 'D10G-MRG': 2, '114-A': 63, '342-U': 6, 'D06G-STP': 2, '119-B': 15, 'BEMLA-6': 4, 'PTH-NDRD': 1, 'SHS-10': 2, 'VNS-03': 3, 'BTP-26B': 5, 'BTP-26': 3, 'BEMLB-6': 2, 'ITPL-2H': 1, 'ADITI-10': 3, 'VCS-ORRCA-103 BPS-ORRCA': 2, 'VCS-ITPB-GM-15 BPS-ITPL': 1}"
Pottery Town,13.00243146,77.60914089,0,29159192,{}
Williams Town Park,12.99998422,77.60748558,2,29159192,"{'BELGS-35': 0, 'D24-TNF-WTP': 1, 'WTP-JVH-KRP': 1}"
YMC Nandhidurga Road,12.99588429,77.60195152,100,29159192,"{'266-N': 12, 'D10G-MRG': 2, '114-A': 63, '342-U': 6, 'D06G-STP': 2, '119-B': 15}"
Byadarahalli Jayamahal,13.00116812,77.60973930,16,29159193,{'210-X': 16}
Chinnappa Garden,13.00302002,77.60353880,38,29159193,"{'266-N': 12, 'BELGS-35': 0, '119-B': 15, 'OASIS-3A': 1, 'OASIS-3B': 2, 'BEMLA-28': 2, 'SHS-10': 2, 'BEMLB-22': 4}"
Coles Park Millers Road,12.99554851,77.60656584,1594,29159193,"{'SBS-AMC': 0, '210-X': 16, '327-C': 14, '290-EA': 0, '290-E SBS-PTH': 0, '291-N': 16, 'TR-4': 46, '290-EB KGR-YHK': 0, '253-A': 12, 'SBS-D10G': 31, '295-D': 21, 'KBS-D10G': 8, '290-M': 8, '293-P': 12, '296-V': 13, 'DPJN-JJN-NGW': 4, 'G-11': 35, '296-C': 18, '292-E': 12, '292-C': 30, '290-A': 28, '401-M NLO-CLO': 1, '290-H': 0, 'KBS-HNR-CHLS': 3, 'MGMS-KLN': 2, '292-D': 17, '293-H': 19, '290-RA': 5, '292-B': 12, 'SBS-KLN': 27, '290-R': 13, '294-F': 9, '294-B': 0, '294-E': 18, '294-H': 26, 'KBS-KLN': 6, '295-A': 14, '296-N': 17, '290-EB': 0, '293-R': 13, '293-S': 32, '293-K': 13, '296-A': 17, '296-B': 19, '296-D': 26, '296-K': 4, '293-F': 11, 'SBS-HNS': 3, '293-J': 11, 'SBS-RYL': 2, '327-D': 5, '295-C': 34, '295-E': 12, '295-B': 15, '290-QA': 18, '295-G': 17, '294-A': 11, '293-B': 11, '290-G': 0, '294-C SBS-JTN': 32, 'SBS-CHLS': 2, '296-T': 17, 'KBS-LGP-CHLS': 1, '290-Q': 14, 'G-11 SNBS-BLR': 1, 'TR-4A': 10, 'KMT-BLS-YPB': 1, '290-T': 11, '293-G': 30, '290-HA': 0, '215-NB': 12, 'BMESU-HBL': 4, '242-GA KBS-EWC': 2, '302-D': 35, '348-H': 12, 'SBS-SDH': 2, 'KMT-CHLS': 0, '291-D': 22, '293-N': 15, '296-Q': 23, '302 SBS-KLN': 3, '80-F': 35, '302 VSD-KLN': 4, '291-L': 3, 'KBS-BDSN': 4, '290-Z': 4, '290-P': 24, 'MBS-14': 10, 'SBS-JKR-ALSG-PTH': 1, '296-F': 10, 'CLO-RKH': 5, '291-K': 7, '293-C': 32, '291-A': 11, '291-E': 16, '293-D': 12, '293-M': 11, '296-M': 6, 'G-10': 0, '293-L': 11, '290 KBS-YLKOT': 2, '290-EY': 0, '314-N': 26, '290-KA KMT-PLG': 1, 'TR-4 JJN-PLG': 2, '290-QA NRG-RKHN': 1, '291-H': 21, '94E YPRTTMC-TRDBS': 1, 'SBS-SMHSL': 3, '293 KBS-SMHS': 2, '296 SBS-BMESL': 1, '290-E STJHS-YLKOT': 0, 'KBS-NGVRJ-VNS': 1, '293-E': 10, '295-D SBS-BMT10': 1, '290-N': 40, '317-K': 0, '241-CD': 11, 'TR-4 KMT-NGV': 1, 'GDWC-BGL': 1, '290-C': 63, '129 KBS-BNWRS': 1, '293 SBS-HMN': 7, '293 SBS-LGP-KLN': 4, '293G SBS-BMT48': 16, '293F KMT-BMT48': 6, '293S KBS-BMT48': 6, '290EY KMT-YHKOT': 0, '295-KMT-D48': 2, '294-D': 12, '290-E SBS-NGW-KLN': 0, '293-S KBS-HNS': 2, 'HALM-SBS-BMES': 1, 'SVM-SBS-BMES': 1, 'V-SBS-KNB': 1, 'BSK-KRP-ITI': 1, '348-F': 14, 'BMSIT-3': 1, '213-D': 6, 'SBS-RJP': 2, 'SBS-HTN': 1, '375-D': 80}"
Goodwill Womens College Hines Road,12.99659650,77.60917034,1,29159193,{'GDWC-BGL': 1}
Millers Road,12.99535051,77.60299891,20,29159193,"{'STJHS-HBLB': 2, 'KIAS-4': 9, 'KIAS-4A': 9}"
Pottery Town,13.00243146,77.60914089,0,29159193,{}
Williams Town Park,12.99998422,77.60748558,2,29159193,"{'BELGS-35': 0, 'D24-TNF-WTP': 1, 'WTP-JVH-KRP': 1}"
YMC Nandhidurga Road,12.99588429,77.60195152,100,29159193,"{'266-N': 12, 'D10G-MRG': 2, '114-A': 63, '342-U': 6, 'D06G-STP': 2, '119-B': 15}"
Byadarahalli Jayamahal,13.00116812,77.60973930,16,29159196,{'210-X': 16}
Doddy Tannery Road,13.00257755,77.61206767,540,29159196,"{'SBS-AMC': 0, '290-EA': 0, '290-E SBS-PTH': 0, '291-N': 16, 'TR-4': 46, '290-EB KGR-YHK': 0, '253-A': 12, '290-M': 8, 'DPJN-JJN-NGW': 4, '290-A': 28, '290-H': 0, '290-RA': 5, '290-R': 13, '290-EB': 0, '290-QA': 18, '290-G': 0, '290-Q': 14, 'TR-4A': 10, '290-T': 11, '290-HA': 0, 'SBS-SDH': 2, '291-D': 22, '291-L': 3, '290-Z': 4, '290-P': 24, 'MBS-14': 10, 'SBS-JKR-ALSG-PTH': 1, 'CLO-RKH': 5, '291-K': 7, '291-A': 11, '291-E': 16, 'G-10': 0, '290 KBS-YLKOT': 2, '290-EY': 0, '290-KA KMT-PLG': 1, 'TR-4 JJN-PLG': 2, '290-QA NRG-RKHN': 1, '291-H': 21, '94E YPRTTMC-TRDBS': 1, '290-E STJHS-YLKOT': 0, 'KBS-NGVRJ-VNS': 1, '290-N': 40, '317-K': 0, '241-CD': 11, 'TR-4 KMT-NGV': 1, '290-C': 63, '290EY KMT-YHKOT': 0, '290-E SBS-NGW-KLN': 0, '290-E ITCF-YHKOT': 0, 'V-SBS-KNB': 1, 'BSK-KRP-ITI': 1, '348-F': 14, 'BMSIT-3': 1, '213-D': 6, 'SBS-RJP': 2, 'SBS-HTN': 1, '375-D': 80}"
Frazer Town,13.00095911,77.61294625,1227,29159196,"{'327-C': 14, 'NGW-DPJN': 6, 'SBS-D10G': 31, '295-D': 21, 'KBS-D10G': 8, '293-P': 12, '296-V': 13, 'D10G-MRG': 2, '290-D': 19, 'G-11': 35, '296-C': 18, 'KLN-LGP-SBS': 14, '292-E': 12, 'D10G-SBS': 6, '292-C': 30, '401-M NLO-CLO': 1, '291-J': 26, 'MGMS-KLN': 2, '292-D': 17, '293-H': 19, '290-J': 0, '292-B': 12, '293-A': 16, 'SBS-KLN': 27, '290-J MSP-SBS': 0, '294-F': 9, '294-B': 0, '294-E': 18, '294-H': 26, '295-A': 14, '296-N': 17, '293-R': 13, '293-S': 32, '293-K': 13, '296-A': 17, '296-B': 19, '296-D': 26, '296-K': 4, '293-F': 11, 'SBS-HNS': 3, '293-J': 11, 'SBS-RYL': 2, '327-D': 5, '295-C': 34, '295-E': 12, '295-B': 15, '295-G': 17, '294-A': 11, '293-B': 11, '294-C SBS-JTN': 32, 'SBS-CHLS': 2, '296-T': 17, 'KBS-LGP-CHLS': 1, 'SGH-SBS': 2, 'G-11 SNBS-BLR': 1, 'D10G-NGVR-JJN': 1, 'KMT-BLS-YPB': 1, '293-G': 30, '215-NB': 12, 'D10G-SOPHIA': 1, 'BMESU-HBL': 4, '302-D': 35, 'KLNB-BKC': 1, '348-H': 12, 'PTH-SBS1': 4, 'KMT-CHLS': 0, 'KLNB-LGP-BSK': 3, '293-N': 15, '296-Q': 23, '302 SBS-KLN': 3, '80-F': 35, '302 VSD-KLN': 4, '293-C OASIS-KMT': 1, '296-F': 10, 'KLNB-LGP-KBS': 2, '293-C': 32, '293-D': 12, '293-M': 11, '293-L': 11, 'JGF-2': 3, 'KLN-JJN': 1, '314-N': 26, 'K-6': 41, 'MSP-ARMYK': 1, 'HMNL-SJHS': 1, 'BMES-SBS': 3, 'KLNB-LGP-SBSP': 1, 'KLNB-LGP-SSMT': 1, 'ITPL-2A': 2, 'SBS-SMHSL': 3, '293 KBS-SMHS': 2, 'SHS-10': 2, '296 SBS-BMESL': 1, 'BCGHS-9': 2, 'VNS-03': 3, 'SJHS-9': 1, '302 BMT10-SBS': 2, 'BELGS-46': 2, 'BTP-27A': 2, '293-E': 10, 'OASIS-2B': 2, 'WTP-JVH-KRP': 1, '295-D SBS-BMT10': 1, '290-F': 0, 'TR-4 NGV-MRBS': 2, 'GDWC-BGL': 1, '129 KBS-BNWRS': 1, 'MBS-2': 17, '293 SBS-HMN': 7, '293 SBS-LGP-KLN': 4, 'VCS-ORRCA-112 ULSL-ORRCA': 2, '293G SBS-BMT48': 16, '293F KMT-BMT48': 6, '293S KBS-BMT48': 6, 'D10G-BMES': 1, 'MBS2 PTH-MRHSPG': 1, '293 BMT10-ARMY': 2, '295-KMT-D48': 2, '294-C BMT48-MGMS': 1, 'CRISTAL-3': 1, 'G11-BMT48-MGMS': 2, '294-D': 12, '293-S KBS-HNS': 2, 'HALM-SBS-BMES': 1, 'SVM-SBS-BMES': 1}"
Pottery Town,13.00243146,77.60914089,0,29159196,{}
Williams Town Park,12.99998422,77.60748558,2,29159196,"{'BELGS-35': 0, 'D24-TNF-WTP': 1, 'WTP-JVH-KRP': 1}"
Byadarahalli Jayamahal,13.00116812,77.60973930,16,29159197,{'210-X': 16}
Chinnappa Garden,13.00302002,77.60353880,38,29159197,"{'266-N': 12, 'BELGS-35': 0, '119-B': 15, 'OASIS-3A': 1, 'OASIS-3B': 2, 'BEMLA-28': 2, 'SHS-10': 2, 'BEMLB-22': 4}"
Jayamahal Extension,13.00208674,77.59877577,75,29159197,"{'114-A': 63, '342-U': 6, 'D06G-STP': 2, 'SBS-STP': 3, 'SBS-JMML': 1}"
Marappa Garden,13.00454089,77.59968708,43,29159197,"{'266-N': 12, 'D10G-MRG': 2, 'D14-MPG': 1, '380 KMT-KTO': 6, '320-B': 5, '119-B': 15, 'BEMLA-28': 2}"
Nandidurga Road,13.00055526,77.59964347,127,29159197,"{'266-N': 12, 'D10G-MRG': 2, '114-A': 63, '342-U': 6, 'D06G-STP': 2, '119-B': 15, 'BEMLA-6': 4, 'PTH-NDRD': 1, 'SHS-10': 2, 'VNS-03': 3, 'BTP-26B': 5, 'BTP-26': 3, 'BEMLB-6': 2, 'ITPL-2H': 1, 'ADITI-10': 3, 'VCS-ORRCA-103 BPS-ORRCA': 2, 'VCS-ITPB-GM-15 BPS-ITPL': 1}"
Pottery Town,13.00243146,77.60914089,0,29159197,{}
Williams Town Park,12.99998422,77.60748558,2,29159197,"{'BELGS-35': 0, 'D24-TNF-WTP': 1, 'WTP-JVH-KRP': 1}"
Byadarahalli Jayamahal,13.00116812,77.60973930,16,29159200,{'210-X': 16}
Clarence School,13.00226912,77.61665130,1946,29159200,"{'327-C': 14, '301-E': 39, '300-E': 55, '300-D': 37, '300-H': 48, 'SBS-D10G': 31, '295-D': 21, 'KBS-D10G': 8, '302-C': 11, '293-P': 12, '296-V': 13, 'D10G-MRG': 2, 'G-11': 35, '296-C': 18, 'KLN-LGP-SBS': 14, '292-E': 12, 'D10G-SBS': 6, '292-C': 30, '401-M NLO-CLO': 1, '302-J': 29, '300-B': 29, 'KBS-HNR-CHLS': 3, '302-GA': 19, '303-F': 21, 'MGMS-KLN': 2, '292-D': 17, '293-H': 19, '292-B': 12, '293-A': 16, '79-K': 13, 'SBS-KLN': 27, '294-F': 9, '294-B': 0, '300-DA': 15, '294-E': 18, '294-H': 26, 'KBS-KLN': 6, '295-A': 14, '296-N': 17, '293-R': 13, '293-S': 32, '300-T': 11, '293-K': 13, '296-A': 17, '296-B': 19, '296-D': 26, '296-K': 4, '293-F': 11, 'SBS-HNS': 3, '293-J': 11, 'SBS-RYL': 2, '327-D': 5, '295-C': 34, '300-A': 14, '295-E': 12, '295-B': 15, '295-G': 17, 'KBS-BSP-HMA': 1, 'SBS-BSP-HMA': 3, '294-A': 11, '293-B': 11, '294-C SBS-JTN': 32, 'SBS-CHLS': 2, '296-T': 17, 'KBS-LGP-CHLS': 1, 'SGH-SBS': 2, 'G-11 SNBS-BLR': 1, '301-F': 6, '300-P': 46, '300-E SBS-KTMLRG': 2, 'KMT-BLS-YPB': 1, '300-C': 19, 'SBS-BPS-KLK': 2, 'VSD-BSP-KLK': 1, '293-G': 30, '215-NB': 12, 'D10G-SOPHIA': 1, 'BMESU-HBL': 4, '242-GA KBS-EWC': 2, '302-D': 35, '300-K': 13, '348-H': 12, '302-N': 38, 'KMT-CHLS': 0, 'KLNB-LGP-BSK': 3, '276-AB BMT45-DBH': 1, '293-N': 15, '300-F': 17, '296-Q': 23, '302 SBS-KLN': 3, '80-F': 35, '302 VSD-KLN': 4, '293-C OASIS-KMT': 1, 'KBS-BDSN': 4, '302-F': 39, 'SJHS-LGP-HBL': 3, '296-F': 10, 'KLNB-LGP-KBS': 2, 'MF-4': 15, '303-E': 32, '302-B': 40, '293-C': 32, '302-E': 14, '303-C': 24, '293-D': 12, '293-M': 11, '296-M': 6, '293-L': 11, '314-N': 26, 'BMT10-NRG': 1, 'KBS-SDSH': 1, 'HMNL-SJHS': 1, 'BMES-SBS': 3, 'KLNB-LGP-SBSP': 1, 'KLNB-LGP-SSMT': 1, 'SBS-SVPSH': 1, 'SBS-SMHSL': 3, '293 KBS-SMHS': 2, 'SBS-SVPSL': 2, 'SOPHIYA-1': 2, '296 SBS-BMESL': 1, 'BCGHS-18': 2, 'VNS-03': 3, '302 BMT10-SBS': 2, '293-E': 10, 'OASIS-2B': 2, 'D24-TNF-WTP': 1, 'KBS-SVPSB': 1, '295-D SBS-BMT10': 1, '302-A': 20, 'GDWC-BGL': 1, '129 KBS-BNWRS': 1, '293 SBS-HMN': 7, '293 SBS-LGP-KLN': 4, '330 SBS-ABISRO': 2, '301-D': 18, '301-G': 17, '303-G': 29, '302-G': 19, '293G SBS-BMT48': 16, '293F KMT-BMT48': 6, '293S KBS-BMT48': 6, 'ARMY-3': 3, 'D10G-BMES': 1, '293 BMT10-ARMY': 2, '295-KMT-D48': 2, '300-H  KBS-ITICG': 3, '294-C BMT48-MGMS': 1, 'CRISTAL-3': 1, 'G11-BMT48-MGMS': 2, '294-D': 12, '290-E ITCF-YHKOT': 0, '500-A CSB-SJHSU': 3, '293-S KBS-HNS': 2, 'HALM-SBS-BMES': 1, 'SVM-SBS-BMES': 1, '301-A': 12, 'AMRY-2': 4}"
Coles Road,12.99632578,77.61236246,1517,29159200,"{'250-AA': 10, 'SBS-BTM-MDL': 1, '161-D': 24, '301-E': 39, '365-D': 26, '365-B': 6, '365-E': 17, 'KBS-BDC-D34G': 11, '300-E': 55, '300-D': 37, 'BCS-BMSITY': 1, 'KBS-RMS': 2, 'MGRM-BNP': 2, '370-B': 6, 'V-365': 26, 'V-365J': 21, '368-D': 11, '369-F': 11, '369-G': 10, '300-H': 48, '302-C': 11, 'MYH-UBL': 1, 'TTC-UBL': 1, '369-E': 36, '302-J': 29, '300-B': 29, '302-GA': 19, '303-F': 21, '79-K': 13, '300-DA': 15, '300-T': 11, '300-A': 14, 'KBS-BSP-HMA': 1, 'SBS-BSP-HMA': 3, '365-F': 4, '365-N': 19, '365-Q': 16, '365-S': 6, '366-L': 10, '366-N': 16, '366-Q': 15, '366-QA': 8, '366-T': 12, '366-W': 13, '366-Z': 20, '366-F': 12, '366-KA': 8, '368-C': 6, 'KGR-BEML5': 21, '372-F': 9, '372-A': 7, '372-B': 9, '372-E': 7, '372-J': 7, '301-F': 6, 'SBS-JNN': 3, '300-P': 46, '365-J': 44, 'D10G-KMH-SBS': 2, '300-E SBS-KTMLRG': 2, '366-R': 14, 'KBS-CNP': 2, 'SBS-JDVH': 1, '300-C': 19, 'SBS-BPS-KLK': 2, 'VSD-BSP-KLK': 1, 'BGR-JAPC': 5, 'KBS-BMD-DCH': 3, 'C-365': 17, '300-K': 13, 'SBS-DVC': 4, '375-GA': 5, '370-A': 10, 'KBS-UJND': 3, '370-E': 6, '302-N': 38, '369-K': 12, '367-B': 10, 'KBS-SSPL': 1, '276-AB BMT45-DBH': 1, '300-F': 17, 'G-4': 35, '302-F': 39, '366-ZA': 5, '303-E': 32, '302-B': 40, '302-E': 14, '303-C': 24, '372-M': 11, '372-MA': 9, 'KBS-SDSH': 1, 'SBS-SVPSH': 1, 'SBS-SVPSL': 2, 'KBS-GTG-BVH-KGP': 1, 'KBS-SVPSB': 1, '302-A': 20, '330 SBS-ABISRO': 2, '301-D': 18, '301-G': 17, '303-G': 29, '302-G': 19, '300-H  ITICG-KBS': 1, '300-H  KBS-ITICG': 3, '301-A': 12, '369-D': 31, '371-D': 9, '369-J': 12, '371-A': 8, 'AMRY-2': 4}"
Devis Road,13.00327455,77.61898018,932,29159200,"{'SBS-D10G': 31, '295-D': 21, '293-P': 12, '296-V': 13, 'G-11': 35, '296-C': 18, 'KLN-LGP-SBS': 14, '292-E': 12, 'D10G-SBS': 6, '292-C': 30, '401-M NLO-CLO': 1, 'KBS-HNR-CHLS': 3, 'MGMS-KLN': 2, '292-D': 17, '293-H': 19, '292-B': 12, '293-A': 16, '294-F': 9, '294-B': 0, '294-E': 18, '294-H': 26, 'KBS-KLN': 6, '295-A': 14, '296-N': 17, '293-R': 13, '293-S': 32, '293-K': 13, '296-A': 17, '296-B': 19, '296-D': 26, '296-K': 4, '293-F': 11, 'SBS-HNS': 3, '293-J': 11, 'SBS-RYL': 2, '327-D': 5, '295-C': 34, '295-E': 12, '295-B': 15, '295-G': 17, '294-A': 11, '293-B': 11, '294-C SBS-JTN': 32, 'SBS-CHLS': 2, '296-T': 17, 'KBS-LGP-CHLS': 1, 'SGH-SBS': 2, 'KMT-BLS-YPB': 1, 'BMESU-HBL': 4, '348-H': 12, 'KMT-CHLS': 0, 'KLNB-LGP-BSK': 3, '293-N': 15, '296-Q': 23, '293-C OASIS-KMT': 1, 'KBS-BDSN': 4, 'SJHS-LGP-HBL': 3, '296-F': 10, 'KLNB-LGP-KBS': 2, 'MF-4': 15, '293-C': 32, '293-D': 12, '293-M': 11, '296-M': 6, '293-L': 11, 'OASIS-4A': 3, 'OASIS-4B': 2, 'OASIS-2A': 2, 'BMT10-NRG': 1, 'SMHS-1': 6, 'HMNL-SJHS': 1, 'BMES-SBS': 3, 'KLNB-LGP-SBSP': 1, 'KLNB-LGP-SSMT': 1, 'ADT-9': 4, 'SBS-SMHSL': 3, '293 KBS-SMHS': 2, 'BMES-5': 3, 'BCGHS-9': 2, 'BCGHS-18': 2, 'VNS-03': 3, '293-E': 10, 'OASIS-2B': 2, '295-D SBS-BMT10': 1, 'CHLS-09': 3, 'GDWC-BGL': 1, '293 SBS-HMN': 7, '293 SBS-LGP-KLN': 4, '293F KMT-BMT48': 6, '293S KBS-BMT48': 6, '293 BMT10-ARMY': 2, '294-C BMT48-MGMS': 1, 'G11-BMT48-MGMS': 2, '294-D': 12, '500-A CSB-SJHSU': 3, '293-S KBS-HNS': 2, 'ARMY-4': 2, 'HALM-SBS-BMES': 1, 'SVM-SBS-BMES': 1}"
Doddy Tannery Road,13.00257755,77.61206767,540,29159200,"{'SBS-AMC': 0, '290-EA': 0, '290-E SBS-PTH': 0, '291-N': 16, 'TR-4': 46, '290-EB KGR-YHK': 0, '253-A': 12, '290-M': 8, 'DPJN-JJN-NGW': 4, '290-A': 28, '290-H': 0, '290-RA': 5, '290-R': 13, '290-EB': 0, '290-QA': 18, '290-G': 0, '290-Q': 14, 'TR-4A': 10, '290-T': 11, '290-HA': 0, 'SBS-SDH': 2, '291-D': 22, '291-L': 3, '290-Z': 4, '290-P': 24, 'MBS-14': 10, 'SBS-JKR-ALSG-PTH': 1, 'CLO-RKH': 5, '291-K': 7, '291-A': 11, '291-E': 16, 'G-10': 0, '290 KBS-YLKOT': 2, '290-EY': 0, '290-KA KMT-PLG': 1, 'TR-4 JJN-PLG': 2, '290-QA NRG-RKHN': 1, '291-H': 21, '94E YPRTTMC-TRDBS': 1, '290-E STJHS-YLKOT': 0, 'KBS-NGVRJ-VNS': 1, '290-N': 40, '317-K': 0, '241-CD': 11, 'TR-4 KMT-NGV': 1, '290-C': 63, '290EY KMT-YHKOT': 0, '290-E SBS-NGW-KLN': 0, '290-E ITCF-YHKOT': 0, 'V-SBS-KNB': 1, 'BSK-KRP-ITI': 1, '348-F': 14, 'BMSIT-3': 1, '213-D': 6, 'SBS-RJP': 2, 'SBS-HTN': 1, '375-D': 80}"
East Railway Station,13.00024247,77.61721795,0,29159200,{}
Frazer Town,13.00095911,77.61294625,1227,29159200,"{'327-C': 14, 'NGW-DPJN': 6, 'SBS-D10G': 31, '295-D': 21, 'KBS-D10G': 8, '293-P': 12, '296-V': 13, 'D10G-MRG': 2, '290-D': 19, 'G-11': 35, '296-C': 18, 'KLN-LGP-SBS': 14, '292-E': 12, 'D10G-SBS': 6, '292-C': 30, '401-M NLO-CLO': 1, '291-J': 26, 'MGMS-KLN': 2, '292-D': 17, '293-H': 19, '290-J': 0, '292-B': 12, '293-A': 16, 'SBS-KLN': 27, '290-J MSP-SBS': 0, '294-F': 9, '294-B': 0, '294-E': 18, '294-H': 26, '295-A': 14, '296-N': 17, '293-R': 13, '293-S': 32, '293-K': 13, '296-A': 17, '296-B': 19, '296-D': 26, '296-K': 4, '293-F': 11, 'SBS-HNS': 3, '293-J': 11, 'SBS-RYL': 2, '327-D': 5, '295-C': 34, '295-E': 12, '295-B': 15, '295-G': 17, '294-A': 11, '293-B': 11, '294-C SBS-JTN': 32, 'SBS-CHLS': 2, '296-T': 17, 'KBS-LGP-CHLS': 1, 'SGH-SBS': 2, 'G-11 SNBS-BLR': 1, 'D10G-NGVR-JJN': 1, 'KMT-BLS-YPB': 1, '293-G': 30, '215-NB': 12, 'D10G-SOPHIA': 1, 'BMESU-HBL': 4, '302-D': 35, 'KLNB-BKC': 1, '348-H': 12, 'PTH-SBS1': 4, 'KMT-CHLS': 0, 'KLNB-LGP-BSK': 3, '293-N': 15, '296-Q': 23, '302 SBS-KLN': 3, '80-F': 35, '302 VSD-KLN': 4, '293-C OASIS-KMT': 1, '296-F': 10, 'KLNB-LGP-KBS': 2, '293-C': 32, '293-D': 12, '293-M': 11, '293-L': 11, 'JGF-2': 3, 'KLN-JJN': 1, '314-N': 26, 'K-6': 41, 'MSP-ARMYK': 1, 'HMNL-SJHS': 1, 'BMES-SBS': 3, 'KLNB-LGP-SBSP': 1, 'KLNB-LGP-SSMT': 1, 'ITPL-2A': 2, 'SBS-SMHSL': 3, '293 KBS-SMHS': 2, 'SHS-10': 2, '296 SBS-BMESL': 1, 'BCGHS-9': 2, 'VNS-03': 3, 'SJHS-9': 1, '302 BMT10-SBS': 2, 'BELGS-46': 2, 'BTP-27A': 2, '293-E': 10, 'OASIS-2B': 2, 'WTP-JVH-KRP': 1, '295-D SBS-BMT10': 1, '290-F': 0, 'TR-4 NGV-MRBS': 2, 'GDWC-BGL': 1, '129 KBS-BNWRS': 1, 'MBS-2': 17, '293 SBS-HMN': 7, '293 SBS-LGP-KLN': 4, 'VCS-ORRCA-112 ULSL-ORRCA': 2, '293G SBS-BMT48': 16, '293F KMT-BMT48': 6, '293S KBS-BMT48': 6, 'D10G-BMES': 1, 'MBS2 PTH-MRHSPG': 1, '293 BMT10-ARMY': 2, '295-KMT-D48': 2, '294-C BMT48-MGMS': 1, 'CRISTAL-3': 1, 'G11-BMT48-MGMS': 2, '294-D': 12, '293-S KBS-HNS': 2, 'HALM-SBS-BMES': 1, 'SVM-SBS-BMES': 1}"
HP Petrol Bunk Coles Road,12.99663178,77.61175163,7,29159200,"{'SJHS-LGP-HBL': 3, 'ADT-9': 4}"
ITC Factory Banasawadi,12.99861491,77.62196905,65,29159200,"{'D10G-KMH-SBS': 2, 'D10G-SBS': 6, 'MBS-8E KLN-DML': 3, 'K-6': 41, 'MBS-8E': 10, '302 BMT10-SBS': 2, '300-H  ITICG-KBS': 1, '290-E ITCF-YHKOT': 0}"
Mosque Road,13.00031693,77.61607925,530,29159200,"{'300-E': 55, '302-C': 11, '302-J': 29, '300-B': 29, '302-GA': 19, '303-F': 21, '300-T': 11, 'KBS-BSP-HMA': 1, 'SBS-BSP-HMA': 3, 'D10G-KMH-SBS': 2, '300-D': 37, '300-E SBS-KTMLRG': 2, '302-N': 38, '276-AB BMT45-DBH': 1, '300-F': 17, '302-F': 39, 'SJHS-LGP-HBL': 3, '303-E': 32, '302-B': 40, '302-E': 14, 'OASIS-4A': 3, 'OASIS-2A': 2, 'KBS-SDSH': 1, 'SOPHIYA-15': 2, 'SBS-SVPSH': 1, 'SBS-SVPSL': 2, 'SHS-10': 2, 'BMES-5': 3, 'BCGHS-18': 2, 'STJOHN-5': 2, 'CALLBUS-05': 1, 'BELGS-46': 2, 'KBS-SVPSB': 1, '302-A': 20, 'VCS-MEBP-12 BSK-MEBP': 1, '330 SBS-ABISRO': 2, '301-G': 17, '303-G': 29, '302-G': 19, 'D10G-BMES': 1, '300-H  ITICG-KBS': 1, '301-A': 12}"
Pottery Town,13.00243146,77.60914089,0,29159200,{}
Sindhi Colony,12.99556417,77.61664061,67,29159200,"{'250-AA': 10, '126-A': 33, 'TR-7': 9, '171-H MLO-KKSD': 1, '248-T': 13, '302 ARMYS-KLNB': 1}"
Williams Town Park,12.99998422,77.60748558,2,29159200,"{'BELGS-35': 0, 'D24-TNF-WTP': 1, 'WTP-JVH-KRP': 1}"
Byadarahalli Jayamahal,13.00116812,77.60973930,16,29159202,{'210-X': 16}
Clarence School,13.00226912,77.61665130,1946,29159202,"{'327-C': 14, '301-E': 39, '300-E': 55, '300-D': 37, '300-H': 48, 'SBS-D10G': 31, '295-D': 21, 'KBS-D10G': 8, '302-C': 11, '293-P': 12, '296-V': 13, 'D10G-MRG': 2, 'G-11': 35, '296-C': 18, 'KLN-LGP-SBS': 14, '292-E': 12, 'D10G-SBS': 6, '292-C': 30, '401-M NLO-CLO': 1, '302-J': 29, '300-B': 29, 'KBS-HNR-CHLS': 3, '302-GA': 19, '303-F': 21, 'MGMS-KLN': 2, '292-D': 17, '293-H': 19, '292-B': 12, '293-A': 16, '79-K': 13, 'SBS-KLN': 27, '294-F': 9, '294-B': 0, '300-DA': 15, '294-E': 18, '294-H': 26, 'KBS-KLN': 6, '295-A': 14, '296-N': 17, '293-R': 13, '293-S': 32, '300-T': 11, '293-K': 13, '296-A': 17, '296-B': 19, '296-D': 26, '296-K': 4, '293-F': 11, 'SBS-HNS': 3, '293-J': 11, 'SBS-RYL': 2, '327-D': 5, '295-C': 34, '300-A': 14, '295-E': 12, '295-B': 15, '295-G': 17, 'KBS-BSP-HMA': 1, 'SBS-BSP-HMA': 3, '294-A': 11, '293-B': 11, '294-C SBS-JTN': 32, 'SBS-CHLS': 2, '296-T': 17, 'KBS-LGP-CHLS': 1, 'SGH-SBS': 2, 'G-11 SNBS-BLR': 1, '301-F': 6, '300-P': 46, '300-E SBS-KTMLRG': 2, 'KMT-BLS-YPB': 1, '300-C': 19, 'SBS-BPS-KLK': 2, 'VSD-BSP-KLK': 1, '293-G': 30, '215-NB': 12, 'D10G-SOPHIA': 1, 'BMESU-HBL': 4, '242-GA KBS-EWC': 2, '302-D': 35, '300-K': 13, '348-H': 12, '302-N': 38, 'KMT-CHLS': 0, 'KLNB-LGP-BSK': 3, '276-AB BMT45-DBH': 1, '293-N': 15, '300-F': 17, '296-Q': 23, '302 SBS-KLN': 3, '80-F': 35, '302 VSD-KLN': 4, '293-C OASIS-KMT': 1, 'KBS-BDSN': 4, '302-F': 39, 'SJHS-LGP-HBL': 3, '296-F': 10, 'KLNB-LGP-KBS': 2, 'MF-4': 15, '303-E': 32, '302-B': 40, '293-C': 32, '302-E': 14, '303-C': 24, '293-D': 12, '293-M': 11, '296-M': 6, '293-L': 11, '314-N': 26, 'BMT10-NRG': 1, 'KBS-SDSH': 1, 'HMNL-SJHS': 1, 'BMES-SBS': 3, 'KLNB-LGP-SBSP': 1, 'KLNB-LGP-SSMT': 1, 'SBS-SVPSH': 1, 'SBS-SMHSL': 3, '293 KBS-SMHS': 2, 'SBS-SVPSL': 2, 'SOPHIYA-1': 2, '296 SBS-BMESL': 1, 'BCGHS-18': 2, 'VNS-03': 3, '302 BMT10-SBS': 2, '293-E': 10, 'OASIS-2B': 2, 'D24-TNF-WTP': 1, 'KBS-SVPSB': 1, '295-D SBS-BMT10': 1, '302-A': 20, 'GDWC-BGL': 1, '129 KBS-BNWRS': 1, '293 SBS-HMN': 7, '293 SBS-LGP-KLN': 4, '330 SBS-ABISRO': 2, '301-D': 18, '301-G': 17, '303-G': 29, '302-G': 19, '293G SBS-BMT48': 16, '293F KMT-BMT48': 6, '293S KBS-BMT48': 6, 'ARMY-3': 3, 'D10G-BMES': 1, '293 BMT10-ARMY': 2, '295-KMT-D48': 2, '300-H  KBS-ITICG': 3, '294-C BMT48-MGMS': 1, 'CRISTAL-3': 1, 'G11-BMT48-MGMS': 2, '294-D': 12, '290-E ITCF-YHKOT': 0, '500-A CSB-SJHSU': 3, '293-S KBS-HNS': 2, 'HALM-SBS-BMES': 1, 'SVM-SBS-BMES': 1, '301-A': 12, 'AMRY-2': 4}"
Coles Road,12.99632578,77.61236246,1517,29159202,"{'250-AA': 10, 'SBS-BTM-MDL': 1, '161-D': 24, '301-E': 39, '365-D': 26, '365-B': 6, '365-E': 17, 'KBS-BDC-D34G': 11, '300-E': 55, '300-D': 37, 'BCS-BMSITY': 1, 'KBS-RMS': 2, 'MGRM-BNP': 2, '370-B': 6, 'V-365': 26, 'V-365J': 21, '368-D': 11, '369-F': 11, '369-G': 10, '300-H': 48, '302-C': 11, 'MYH-UBL': 1, 'TTC-UBL': 1, '369-E': 36, '302-J': 29, '300-B': 29, '302-GA': 19, '303-F': 21, '79-K': 13, '300-DA': 15, '300-T': 11, '300-A': 14, 'KBS-BSP-HMA': 1, 'SBS-BSP-HMA': 3, '365-F': 4, '365-N': 19, '365-Q': 16, '365-S': 6, '366-L': 10, '366-N': 16, '366-Q': 15, '366-QA': 8, '366-T': 12, '366-W': 13, '366-Z': 20, '366-F': 12, '366-KA': 8, '368-C': 6, 'KGR-BEML5': 21, '372-F': 9, '372-A': 7, '372-B': 9, '372-E': 7, '372-J': 7, '301-F': 6, 'SBS-JNN': 3, '300-P': 46, '365-J': 44, 'D10G-KMH-SBS': 2, '300-E SBS-KTMLRG': 2, '366-R': 14, 'KBS-CNP': 2, 'SBS-JDVH': 1, '300-C': 19, 'SBS-BPS-KLK': 2, 'VSD-BSP-KLK': 1, 'BGR-JAPC': 5, 'KBS-BMD-DCH': 3, 'C-365': 17, '300-K': 13, 'SBS-DVC': 4, '375-GA': 5, '370-A': 10, 'KBS-UJND': 3, '370-E': 6, '302-N': 38, '369-K': 12, '367-B': 10, 'KBS-SSPL': 1, '276-AB BMT45-DBH': 1, '300-F': 17, 'G-4': 35, '302-F': 39, '366-ZA': 5, '303-E': 32, '302-B': 40, '302-E': 14, '303-C': 24, '372-M': 11, '372-MA': 9, 'KBS-SDSH': 1, 'SBS-SVPSH': 1, 'SBS-SVPSL': 2, 'KBS-GTG-BVH-KGP': 1, 'KBS-SVPSB': 1, '302-A': 20, '330 SBS-ABISRO': 2, '301-D': 18, '301-G': 17, '303-G': 29, '302-G': 19, '300-H  ITICG-KBS': 1, '300-H  KBS-ITICG': 3, '301-A': 12, '369-D': 31, '371-D': 9, '369-J': 12, '371-A': 8, 'AMRY-2': 4}"
CS-Imra Masjid Sunders Road,12.99600127,77.61135131,2,29159202,{'OASIS-1A': 2}
Doddy Tannery Road,13.00257755,77.61206767,540,29159202,"{'SBS-AMC': 0, '290-EA': 0, '290-E SBS-PTH': 0, '291-N': 16, 'TR-4': 46, '290-EB KGR-YHK': 0, '253-A': 12, '290-M': 8, 'DPJN-JJN-NGW': 4, '290-A': 28, '290-H': 0, '290-RA': 5, '290-R': 13, '290-EB': 0, '290-QA': 18, '290-G': 0, '290-Q': 14, 'TR-4A': 10, '290-T': 11, '290-HA': 0, 'SBS-SDH': 2, '291-D': 22, '291-L': 3, '290-Z': 4, '290-P': 24, 'MBS-14': 10, 'SBS-JKR-ALSG-PTH': 1, 'CLO-RKH': 5, '291-K': 7, '291-A': 11, '291-E': 16, 'G-10': 0, '290 KBS-YLKOT': 2, '290-EY': 0, '290-KA KMT-PLG': 1, 'TR-4 JJN-PLG': 2, '290-QA NRG-RKHN': 1, '291-H': 21, '94E YPRTTMC-TRDBS': 1, '290-E STJHS-YLKOT': 0, 'KBS-NGVRJ-VNS': 1, '290-N': 40, '317-K': 0, '241-CD': 11, 'TR-4 KMT-NGV': 1, '290-C': 63, '290EY KMT-YHKOT': 0, '290-E SBS-NGW-KLN': 0, '290-E ITCF-YHKOT': 0, 'V-SBS-KNB': 1, 'BSK-KRP-ITI': 1, '348-F': 14, 'BMSIT-3': 1, '213-D': 6, 'SBS-RJP': 2, 'SBS-HTN': 1, '375-D': 80}"
East Railway Station,13.00024247,77.61721795,0,29159202,{}
Frazer Town,13.00095911,77.61294625,1227,29159202,"{'327-C': 14, 'NGW-DPJN': 6, 'SBS-D10G': 31, '295-D': 21, 'KBS-D10G': 8, '293-P': 12, '296-V': 13, 'D10G-MRG': 2, '290-D': 19, 'G-11': 35, '296-C': 18, 'KLN-LGP-SBS': 14, '292-E': 12, 'D10G-SBS': 6, '292-C': 30, '401-M NLO-CLO': 1, '291-J': 26, 'MGMS-KLN': 2, '292-D': 17, '293-H': 19, '290-J': 0, '292-B': 12, '293-A': 16, 'SBS-KLN': 27, '290-J MSP-SBS': 0, '294-F': 9, '294-B': 0, '294-E': 18, '294-H': 26, '295-A': 14, '296-N': 17, '293-R': 13, '293-S': 32, '293-K': 13, '296-A': 17, '296-B': 19, '296-D': 26, '296-K': 4, '293-F': 11, 'SBS-HNS': 3, '293-J': 11, 'SBS-RYL': 2, '327-D': 5, '295-C': 34, '295-E': 12, '295-B': 15, '295-G': 17, '294-A': 11, '293-B': 11, '294-C SBS-JTN': 32, 'SBS-CHLS': 2, '296-T': 17, 'KBS-LGP-CHLS': 1, 'SGH-SBS': 2, 'G-11 SNBS-BLR': 1, 'D10G-NGVR-JJN': 1, 'KMT-BLS-YPB': 1, '293-G': 30, '215-NB': 12, 'D10G-SOPHIA': 1, 'BMESU-HBL': 4, '302-D': 35, 'KLNB-BKC': 1, '348-H': 12, 'PTH-SBS1': 4, 'KMT-CHLS': 0, 'KLNB-LGP-BSK': 3, '293-N': 15, '296-Q': 23, '302 SBS-KLN': 3, '80-F': 35, '302 VSD-KLN': 4, '293-C OASIS-KMT': 1, '296-F': 10, 'KLNB-LGP-KBS': 2, '293-C': 32, '293-D': 12, '293-M': 11, '293-L': 11, 'JGF-2': 3, 'KLN-JJN': 1, '314-N': 26, 'K-6': 41, 'MSP-ARMYK': 1, 'HMNL-SJHS': 1, 'BMES-SBS': 3, 'KLNB-LGP-SBSP': 1, 'KLNB-LGP-SSMT': 1, 'ITPL-2A': 2, 'SBS-SMHSL': 3, '293 KBS-SMHS': 2, 'SHS-10': 2, '296 SBS-BMESL': 1, 'BCGHS-9': 2, 'VNS-03': 3, 'SJHS-9': 1, '302 BMT10-SBS': 2, 'BELGS-46': 2, 'BTP-27A': 2, '293-E': 10, 'OASIS-2B': 2, 'WTP-JVH-KRP': 1, '295-D SBS-BMT10': 1, '290-F': 0, 'TR-4 NGV-MRBS': 2, 'GDWC-BGL': 1, '129 KBS-BNWRS': 1, 'MBS-2': 17, '293 SBS-HMN': 7, '293 SBS-LGP-KLN': 4, 'VCS-ORRCA-112 ULSL-ORRCA': 2, '293G SBS-BMT48': 16, '293F KMT-BMT48': 6, '293S KBS-BMT48': 6, 'D10G-BMES': 1, 'MBS2 PTH-MRHSPG': 1, '293 BMT10-ARMY': 2, '295-KMT-D48': 2, '294-C BMT48-MGMS': 1, 'CRISTAL-3': 1, 'G11-BMT48-MGMS': 2, '294-D': 12, '293-S KBS-HNS': 2, 'HALM-SBS-BMES': 1, 'SVM-SBS-BMES': 1}"
Goodwill Womens College Hines Road,12.99659650,77.60917034,1,29159202,{'GDWC-BGL': 1}
HP Petrol Bunk Coles Road,12.99663178,77.61175163,7,29159202,"{'SJHS-LGP-HBL': 3, 'ADT-9': 4}"
Mosque Road,13.00031693,77.61607925,530,29159202,"{'300-E': 55, '302-C': 11, '302-J': 29, '300-B': 29, '302-GA': 19, '303-F': 21, '300-T': 11, 'KBS-BSP-HMA': 1, 'SBS-BSP-HMA': 3, 'D10G-KMH-SBS': 2, '300-D': 37, '300-E SBS-KTMLRG': 2, '302-N': 38, '276-AB BMT45-DBH': 1, '300-F': 17, '302-F': 39, 'SJHS-LGP-HBL': 3, '303-E': 32, '302-B': 40, '302-E': 14, 'OASIS-4A': 3, 'OASIS-2A': 2, 'KBS-SDSH': 1, 'SOPHIYA-15': 2, 'SBS-SVPSH': 1, 'SBS-SVPSL': 2, 'SHS-10': 2, 'BMES-5': 3, 'BCGHS-18': 2, 'STJOHN-5': 2, 'CALLBUS-05': 1, 'BELGS-46': 2, 'KBS-SVPSB': 1, '302-A': 20, 'VCS-MEBP-12 BSK-MEBP': 1, '330 SBS-ABISRO': 2, '301-G': 17, '303-G': 29, '302-G': 19, 'D10G-BMES': 1, '300-H  ITICG-KBS': 1, '301-A': 12}"
Pottery Town,13.00243146,77.60914089,0,29159202,{}
Sindhi Colony,12.99556417,77.61664061,67,29159202,"{'250-AA': 10, '126-A': 33, 'TR-7': 9, '171-H MLO-KKSD': 1, '248-T': 13, '302 ARMYS-KLNB': 1}"
Williams Town Park,12.99998422,77.60748558,2,29159202,"{'BELGS-35': 0, 'D24-TNF-WTP': 1, 'WTP-JVH-KRP': 1}"
Byadarahalli Jayamahal,13.00116812,77.60973930,16,29159204,{'210-X': 16}
Clarence School,13.00226912,77.61665130,1946,29159204,"{'327-C': 14, '301-E': 39, '300-E': 55, '300-D': 37, '300-H': 48, 'SBS-D10G': 31, '295-D': 21, 'KBS-D10G': 8, '302-C': 11, '293-P': 12, '296-V': 13, 'D10G-MRG': 2, 'G-11': 35, '296-C': 18, 'KLN-LGP-SBS': 14, '292-E': 12, 'D10G-SBS': 6, '292-C': 30, '401-M NLO-CLO': 1, '302-J': 29, '300-B': 29, 'KBS-HNR-CHLS': 3, '302-GA': 19, '303-F': 21, 'MGMS-KLN': 2, '292-D': 17, '293-H': 19, '292-B': 12, '293-A': 16, '79-K': 13, 'SBS-KLN': 27, '294-F': 9, '294-B': 0, '300-DA': 15, '294-E': 18, '294-H': 26, 'KBS-KLN': 6, '295-A': 14, '296-N': 17, '293-R': 13, '293-S': 32, '300-T': 11, '293-K': 13, '296-A': 17, '296-B': 19, '296-D': 26, '296-K': 4, '293-F': 11, 'SBS-HNS': 3, '293-J': 11, 'SBS-RYL': 2, '327-D': 5, '295-C': 34, '300-A': 14, '295-E': 12, '295-B': 15, '295-G': 17, 'KBS-BSP-HMA': 1, 'SBS-BSP-HMA': 3, '294-A': 11, '293-B': 11, '294-C SBS-JTN': 32, 'SBS-CHLS': 2, '296-T': 17, 'KBS-LGP-CHLS': 1, 'SGH-SBS': 2, 'G-11 SNBS-BLR': 1, '301-F': 6, '300-P': 46, '300-E SBS-KTMLRG': 2, 'KMT-BLS-YPB': 1, '300-C': 19, 'SBS-BPS-KLK': 2, 'VSD-BSP-KLK': 1, '293-G': 30, '215-NB': 12, 'D10G-SOPHIA': 1, 'BMESU-HBL': 4, '242-GA KBS-EWC': 2, '302-D': 35, '300-K': 13, '348-H': 12, '302-N': 38, 'KMT-CHLS': 0, 'KLNB-LGP-BSK': 3, '276-AB BMT45-DBH': 1, '293-N': 15, '300-F': 17, '296-Q': 23, '302 SBS-KLN': 3, '80-F': 35, '302 VSD-KLN': 4, '293-C OASIS-KMT': 1, 'KBS-BDSN': 4, '302-F': 39, 'SJHS-LGP-HBL': 3, '296-F': 10, 'KLNB-LGP-KBS': 2, 'MF-4': 15, '303-E': 32, '302-B': 40, '293-C': 32, '302-E': 14, '303-C': 24, '293-D': 12, '293-M': 11, '296-M': 6, '293-L': 11, '314-N': 26, 'BMT10-NRG': 1, 'KBS-SDSH': 1, 'HMNL-SJHS': 1, 'BMES-SBS': 3, 'KLNB-LGP-SBSP': 1, 'KLNB-LGP-SSMT': 1, 'SBS-SVPSH': 1, 'SBS-SMHSL': 3, '293 KBS-SMHS': 2, 'SBS-SVPSL': 2, 'SOPHIYA-1': 2, '296 SBS-BMESL': 1, 'BCGHS-18': 2, 'VNS-03': 3, '302 BMT10-SBS': 2, '293-E': 10, 'OASIS-2B': 2, 'D24-TNF-WTP': 1, 'KBS-SVPSB': 1, '295-D SBS-BMT10': 1, '302-A': 20, 'GDWC-BGL': 1, '129 KBS-BNWRS': 1, '293 SBS-HMN': 7, '293 SBS-LGP-KLN': 4, '330 SBS-ABISRO': 2, '301-D': 18, '301-G': 17, '303-G': 29, '302-G': 19, '293G SBS-BMT48': 16, '293F KMT-BMT48': 6, '293S KBS-BMT48': 6, 'ARMY-3': 3, 'D10G-BMES': 1, '293 BMT10-ARMY': 2, '295-KMT-D48': 2, '300-H  KBS-ITICG': 3, '294-C BMT48-MGMS': 1, 'CRISTAL-3': 1, 'G11-BMT48-MGMS': 2, '294-D': 12, '290-E ITCF-YHKOT': 0, '500-A CSB-SJHSU': 3, '293-S KBS-HNS': 2, 'HALM-SBS-BMES': 1, 'SVM-SBS-BMES': 1, '301-A': 12, 'AMRY-2': 4}"
Coles Road,12.99632578,77.61236246,1517,29159204,"{'250-AA': 10, 'SBS-BTM-MDL': 1, '161-D': 24, '301-E': 39, '365-D': 26, '365-B': 6, '365-E': 17, 'KBS-BDC-D34G': 11, '300-E': 55, '300-D': 37, 'BCS-BMSITY': 1, 'KBS-RMS': 2, 'MGRM-BNP': 2, '370-B': 6, 'V-365': 26, 'V-365J': 21, '368-D': 11, '369-F': 11, '369-G': 10, '300-H': 48, '302-C': 11, 'MYH-UBL': 1, 'TTC-UBL': 1, '369-E': 36, '302-J': 29, '300-B': 29, '302-GA': 19, '303-F': 21, '79-K': 13, '300-DA': 15, '300-T': 11, '300-A': 14, 'KBS-BSP-HMA': 1, 'SBS-BSP-HMA': 3, '365-F': 4, '365-N': 19, '365-Q': 16, '365-S': 6, '366-L': 10, '366-N': 16, '366-Q': 15, '366-QA': 8, '366-T': 12, '366-W': 13, '366-Z': 20, '366-F': 12, '366-KA': 8, '368-C': 6, 'KGR-BEML5': 21, '372-F': 9, '372-A': 7, '372-B': 9, '372-E': 7, '372-J': 7, '301-F': 6, 'SBS-JNN': 3, '300-P': 46, '365-J': 44, 'D10G-KMH-SBS': 2, '300-E SBS-KTMLRG': 2, '366-R': 14, 'KBS-CNP': 2, 'SBS-JDVH': 1, '300-C': 19, 'SBS-BPS-KLK': 2, 'VSD-BSP-KLK': 1, 'BGR-JAPC': 5, 'KBS-BMD-DCH': 3, 'C-365': 17, '300-K': 13, 'SBS-DVC': 4, '375-GA': 5, '370-A': 10, 'KBS-UJND': 3, '370-E': 6, '302-N': 38, '369-K': 12, '367-B': 10, 'KBS-SSPL': 1, '276-AB BMT45-DBH': 1, '300-F': 17, 'G-4': 35, '302-F': 39, '366-ZA': 5, '303-E': 32, '302-B': 40, '302-E': 14, '303-C': 24, '372-M': 11, '372-MA': 9, 'KBS-SDSH': 1, 'SBS-SVPSH': 1, 'SBS-SVPSL': 2, 'KBS-GTG-BVH-KGP': 1, 'KBS-SVPSB': 1, '302-A': 20, '330 SBS-ABISRO': 2, '301-D': 18, '301-G': 17, '303-G': 29, '302-G': 19, '300-H  ITICG-KBS': 1, '300-H  KBS-ITICG': 3, '301-A': 12, '369-D': 31, '371-D': 9, '369-J': 12, '371-A': 8, 'AMRY-2': 4}"
CS-Imra Masjid Sunders Road,12.99600127,77.61135131,2,29159204,{'OASIS-1A': 2}
Devis Road,13.00327455,77.61898018,932,29159204,"{'SBS-D10G': 31, '295-D': 21, '293-P': 12, '296-V': 13, 'G-11': 35, '296-C': 18, 'KLN-LGP-SBS': 14, '292-E': 12, 'D10G-SBS': 6, '292-C': 30, '401-M NLO-CLO': 1, 'KBS-HNR-CHLS': 3, 'MGMS-KLN': 2, '292-D': 17, '293-H': 19, '292-B': 12, '293-A': 16, '294-F': 9, '294-B': 0, '294-E': 18, '294-H': 26, 'KBS-KLN': 6, '295-A': 14, '296-N': 17, '293-R': 13, '293-S': 32, '293-K': 13, '296-A': 17, '296-B': 19, '296-D': 26, '296-K': 4, '293-F': 11, 'SBS-HNS': 3, '293-J': 11, 'SBS-RYL': 2, '327-D': 5, '295-C': 34, '295-E': 12, '295-B': 15, '295-G': 17, '294-A': 11, '293-B': 11, '294-C SBS-JTN': 32, 'SBS-CHLS': 2, '296-T': 17, 'KBS-LGP-CHLS': 1, 'SGH-SBS': 2, 'KMT-BLS-YPB': 1, 'BMESU-HBL': 4, '348-H': 12, 'KMT-CHLS': 0, 'KLNB-LGP-BSK': 3, '293-N': 15, '296-Q': 23, '293-C OASIS-KMT': 1, 'KBS-BDSN': 4, 'SJHS-LGP-HBL': 3, '296-F': 10, 'KLNB-LGP-KBS': 2, 'MF-4': 15, '293-C': 32, '293-D': 12, '293-M': 11, '296-M': 6, '293-L': 11, 'OASIS-4A': 3, 'OASIS-4B': 2, 'OASIS-2A': 2, 'BMT10-NRG': 1, 'SMHS-1': 6, 'HMNL-SJHS': 1, 'BMES-SBS': 3, 'KLNB-LGP-SBSP': 1, 'KLNB-LGP-SSMT': 1, 'ADT-9': 4, 'SBS-SMHSL': 3, '293 KBS-SMHS': 2, 'BMES-5': 3, 'BCGHS-9': 2, 'BCGHS-18': 2, 'VNS-03': 3, '293-E': 10, 'OASIS-2B': 2, '295-D SBS-BMT10': 1, 'CHLS-09': 3, 'GDWC-BGL': 1, '293 SBS-HMN': 7, '293 SBS-LGP-KLN': 4, '293F KMT-BMT48': 6, '293S KBS-BMT48': 6, '293 BMT10-ARMY': 2, '294-C BMT48-MGMS': 1, 'G11-BMT48-MGMS': 2, '294-D': 12, '500-A CSB-SJHSU': 3, '293-S KBS-HNS': 2, 'ARMY-4': 2, 'HALM-SBS-BMES': 1, 'SVM-SBS-BMES': 1}"
Doddy Tannery Road,13.00257755,77.61206767,540,29159204,"{'SBS-AMC': 0, '290-EA': 0, '290-E SBS-PTH': 0, '291-N': 16, 'TR-4': 46, '290-EB KGR-YHK': 0, '253-A': 12, '290-M': 8, 'DPJN-JJN-NGW': 4, '290-A': 28, '290-H': 0, '290-RA': 5, '290-R': 13, '290-EB': 0, '290-QA': 18, '290-G': 0, '290-Q': 14, 'TR-4A': 10, '290-T': 11, '290-HA': 0, 'SBS-SDH': 2, '291-D': 22, '291-L': 3, '290-Z': 4, '290-P': 24, 'MBS-14': 10, 'SBS-JKR-ALSG-PTH': 1, 'CLO-RKH': 5, '291-K': 7, '291-A': 11, '291-E': 16, 'G-10': 0, '290 KBS-YLKOT': 2, '290-EY': 0, '290-KA KMT-PLG': 1, 'TR-4 JJN-PLG': 2, '290-QA NRG-RKHN': 1, '291-H': 21, '94E YPRTTMC-TRDBS': 1, '290-E STJHS-YLKOT': 0, 'KBS-NGVRJ-VNS': 1, '290-N': 40, '317-K': 0, '241-CD': 11, 'TR-4 KMT-NGV': 1, '290-C': 63, '290EY KMT-YHKOT': 0, '290-E SBS-NGW-KLN': 0, '290-E ITCF-YHKOT': 0, 'V-SBS-KNB': 1, 'BSK-KRP-ITI': 1, '348-F': 14, 'BMSIT-3': 1, '213-D': 6, 'SBS-RJP': 2, 'SBS-HTN': 1, '375-D': 80}"
East Railway Station,13.00024247,77.61721795,0,29159204,{}
Frazer Town,13.00095911,77.61294625,1227,29159204,"{'327-C': 14, 'NGW-DPJN': 6, 'SBS-D10G': 31, '295-D': 21, 'KBS-D10G': 8, '293-P': 12, '296-V': 13, 'D10G-MRG': 2, '290-D': 19, 'G-11': 35, '296-C': 18, 'KLN-LGP-SBS': 14, '292-E': 12, 'D10G-SBS': 6, '292-C': 30, '401-M NLO-CLO': 1, '291-J': 26, 'MGMS-KLN': 2, '292-D': 17, '293-H': 19, '290-J': 0, '292-B': 12, '293-A': 16, 'SBS-KLN': 27, '290-J MSP-SBS': 0, '294-F': 9, '294-B': 0, '294-E': 18, '294-H': 26, '295-A': 14, '296-N': 17, '293-R': 13, '293-S': 32, '293-K': 13, '296-A': 17, '296-B': 19, '296-D': 26, '296-K': 4, '293-F': 11, 'SBS-HNS': 3, '293-J': 11, 'SBS-RYL': 2, '327-D': 5, '295-C': 34, '295-E': 12, '295-B': 15, '295-G': 17, '294-A': 11, '293-B': 11, '294-C SBS-JTN': 32, 'SBS-CHLS': 2, '296-T': 17, 'KBS-LGP-CHLS': 1, 'SGH-SBS': 2, 'G-11 SNBS-BLR': 1, 'D10G-NGVR-JJN': 1, 'KMT-BLS-YPB': 1, '293-G': 30, '215-NB': 12, 'D10G-SOPHIA': 1, 'BMESU-HBL': 4, '302-D': 35, 'KLNB-BKC': 1, '348-H': 12, 'PTH-SBS1': 4, 'KMT-CHLS': 0, 'KLNB-LGP-BSK': 3, '293-N': 15, '296-Q': 23, '302 SBS-KLN': 3, '80-F': 35, '302 VSD-KLN': 4, '293-C OASIS-KMT': 1, '296-F': 10, 'KLNB-LGP-KBS': 2, '293-C': 32, '293-D': 12, '293-M': 11, '293-L': 11, 'JGF-2': 3, 'KLN-JJN': 1, '314-N': 26, 'K-6': 41, 'MSP-ARMYK': 1, 'HMNL-SJHS': 1, 'BMES-SBS': 3, 'KLNB-LGP-SBSP': 1, 'KLNB-LGP-SSMT': 1, 'ITPL-2A': 2, 'SBS-SMHSL': 3, '293 KBS-SMHS': 2, 'SHS-10': 2, '296 SBS-BMESL': 1, 'BCGHS-9': 2, 'VNS-03': 3, 'SJHS-9': 1, '302 BMT10-SBS': 2, 'BELGS-46': 2, 'BTP-27A': 2, '293-E': 10, 'OASIS-2B': 2, 'WTP-JVH-KRP': 1, '295-D SBS-BMT10': 1, '290-F': 0, 'TR-4 NGV-MRBS': 2, 'GDWC-BGL': 1, '129 KBS-BNWRS': 1, 'MBS-2': 17, '293 SBS-HMN': 7, '293 SBS-LGP-KLN': 4, 'VCS-ORRCA-112 ULSL-ORRCA': 2, '293G SBS-BMT48': 16, '293F KMT-BMT48': 6, '293S KBS-BMT48': 6, 'D10G-BMES': 1, 'MBS2 PTH-MRHSPG': 1, '293 BMT10-ARMY': 2, '295-KMT-D48': 2, '294-C BMT48-MGMS': 1, 'CRISTAL-3': 1, 'G11-BMT48-MGMS': 2, '294-D': 12, '293-S KBS-HNS': 2, 'HALM-SBS-BMES': 1, 'SVM-SBS-BMES': 1}"
HP Petrol Bunk Coles Road,12.99663178,77.61175163,7,29159204,"{'SJHS-LGP-HBL': 3, 'ADT-9': 4}"
ITC Factory Banasawadi,12.99861491,77.62196905,65,29159204,"{'D10G-KMH-SBS': 2, 'D10G-SBS': 6, 'MBS-8E KLN-DML': 3, 'K-6': 41, 'MBS-8E': 10, '302 BMT10-SBS': 2, '300-H  ITICG-KBS': 1, '290-E ITCF-YHKOT': 0}"
Mosque Road,13.00031693,77.61607925,530,29159204,"{'300-E': 55, '302-C': 11, '302-J': 29, '300-B': 29, '302-GA': 19, '303-F': 21, '300-T': 11, 'KBS-BSP-HMA': 1, 'SBS-BSP-HMA': 3, 'D10G-KMH-SBS': 2, '300-D': 37, '300-E SBS-KTMLRG': 2, '302-N': 38, '276-AB BMT45-DBH': 1, '300-F': 17, '302-F': 39, 'SJHS-LGP-HBL': 3, '303-E': 32, '302-B': 40, '302-E': 14, 'OASIS-4A': 3, 'OASIS-2A': 2, 'KBS-SDSH': 1, 'SOPHIYA-15': 2, 'SBS-SVPSH': 1, 'SBS-SVPSL': 2, 'SHS-10': 2, 'BMES-5': 3, 'BCGHS-18': 2, 'STJOHN-5': 2, 'CALLBUS-05': 1, 'BELGS-46': 2, 'KBS-SVPSB': 1, '302-A': 20, 'VCS-MEBP-12 BSK-MEBP': 1, '330 SBS-ABISRO': 2, '301-G': 17, '303-G': 29, '302-G': 19, 'D10G-BMES': 1, '300-H  ITICG-KBS': 1, '301-A': 12}"
Pottery Town,13.00243146,77.60914089,0,29159204,{}
Sindhi Colony,12.99556417,77.61664061,67,29159204,"{'250-AA': 10, '126-A': 33, 'TR-7': 9, '171-H MLO-KKSD': 1, '248-T': 13, '302 ARMYS-KLNB': 1}"
Byadarahalli Jayamahal,13.00116812,77.60973930,16,29159205,{'210-X': 16}
Clarence School,13.00226912,77.61665130,1946,29159205,"{'327-C': 14, '301-E': 39, '300-E': 55, '300-D': 37, '300-H': 48, 'SBS-D10G': 31, '295-D': 21, 'KBS-D10G': 8, '302-C': 11, '293-P': 12, '296-V': 13, 'D10G-MRG': 2, 'G-11': 35, '296-C': 18, 'KLN-LGP-SBS': 14, '292-E': 12, 'D10G-SBS': 6, '292-C': 30, '401-M NLO-CLO': 1, '302-J': 29, '300-B': 29, 'KBS-HNR-CHLS': 3, '302-GA': 19, '303-F': 21, 'MGMS-KLN': 2, '292-D': 17, '293-H': 19, '292-B': 12, '293-A': 16, '79-K': 13, 'SBS-KLN': 27, '294-F': 9, '294-B': 0, '300-DA': 15, '294-E': 18, '294-H': 26, 'KBS-KLN': 6, '295-A': 14, '296-N': 17, '293-R': 13, '293-S': 32, '300-T': 11, '293-K': 13, '296-A': 17, '296-B': 19, '296-D': 26, '296-K': 4, '293-F': 11, 'SBS-HNS': 3, '293-J': 11, 'SBS-RYL': 2, '327-D': 5, '295-C': 34, '300-A': 14, '295-E': 12, '295-B': 15, '295-G': 17, 'KBS-BSP-HMA': 1, 'SBS-BSP-HMA': 3, '294-A': 11, '293-B': 11, '294-C SBS-JTN': 32, 'SBS-CHLS': 2, '296-T': 17, 'KBS-LGP-CHLS': 1, 'SGH-SBS': 2, 'G-11 SNBS-BLR': 1, '301-F': 6, '300-P': 46, '300-E SBS-KTMLRG': 2, 'KMT-BLS-YPB': 1, '300-C': 19, 'SBS-BPS-KLK': 2, 'VSD-BSP-KLK': 1, '293-G': 30, '215-NB': 12, 'D10G-SOPHIA': 1, 'BMESU-HBL': 4, '242-GA KBS-EWC': 2, '302-D': 35, '300-K': 13, '348-H': 12, '302-N': 38, 'KMT-CHLS': 0, 'KLNB-LGP-BSK': 3, '276-AB BMT45-DBH': 1, '293-N': 15, '300-F': 17, '296-Q': 23, '302 SBS-KLN': 3, '80-F': 35, '302 VSD-KLN': 4, '293-C OASIS-KMT': 1, 'KBS-BDSN': 4, '302-F': 39, 'SJHS-LGP-HBL': 3, '296-F': 10, 'KLNB-LGP-KBS': 2, 'MF-4': 15, '303-E': 32, '302-B': 40, '293-C': 32, '302-E': 14, '303-C': 24, '293-D': 12, '293-M': 11, '296-M': 6, '293-L': 11, '314-N': 26, 'BMT10-NRG': 1, 'KBS-SDSH': 1, 'HMNL-SJHS': 1, 'BMES-SBS': 3, 'KLNB-LGP-SBSP': 1, 'KLNB-LGP-SSMT': 1, 'SBS-SVPSH': 1, 'SBS-SMHSL': 3, '293 KBS-SMHS': 2, 'SBS-SVPSL': 2, 'SOPHIYA-1': 2, '296 SBS-BMESL': 1, 'BCGHS-18': 2, 'VNS-03': 3, '302 BMT10-SBS': 2, '293-E': 10, 'OASIS-2B': 2, 'D24-TNF-WTP': 1, 'KBS-SVPSB': 1, '295-D SBS-BMT10': 1, '302-A': 20, 'GDWC-BGL': 1, '129 KBS-BNWRS': 1, '293 SBS-HMN': 7, '293 SBS-LGP-KLN': 4, '330 SBS-ABISRO': 2, '301-D': 18, '301-G': 17, '303-G': 29, '302-G': 19, '293G SBS-BMT48': 16, '293F KMT-BMT48': 6, '293S KBS-BMT48': 6, 'ARMY-3': 3, 'D10G-BMES': 1, '293 BMT10-ARMY': 2, '295-KMT-D48': 2, '300-H  KBS-ITICG': 3, '294-C BMT48-MGMS': 1, 'CRISTAL-3': 1, 'G11-BMT48-MGMS': 2, '294-D': 12, '290-E ITCF-YHKOT': 0, '500-A CSB-SJHSU': 3, '293-S KBS-HNS': 2, 'HALM-SBS-BMES': 1, 'SVM-SBS-BMES': 1, '301-A': 12, 'AMRY-2': 4}"
Cox Town,12.99629380,77.62153345,150,29159205,"{'BTML-KMHCB': 1, 'ITPL-6K': 3, '250-AA': 10, '126-A': 33, 'TR-7': 9, '171-H MLO-KKSD': 1, 'D10G-JVH': 2, '248-T': 13, 'JVH-KRPGH': 1, '500-KK': 22, 'MBS-8': 31, 'SJHS-4A': 2, 'MBS-8E KLN-DML': 3, 'MBS-8E': 10, 'ITPL-2A': 2, 'BELGS-46': 2, 'D24-TNF-WTP': 1, 'WTP-JVH-KRP': 1, 'BEML-CTC': 1, 'VCS-MEBP-12 BSK-MEBP': 1, 'HNR-Ernst Young B': 1}"
Devis Road,13.00327455,77.61898018,932,29159205,"{'SBS-D10G': 31, '295-D': 21, '293-P': 12, '296-V': 13, 'G-11': 35, '296-C': 18, 'KLN-LGP-SBS': 14, '292-E': 12, 'D10G-SBS': 6, '292-C': 30, '401-M NLO-CLO': 1, 'KBS-HNR-CHLS': 3, 'MGMS-KLN': 2, '292-D': 17, '293-H': 19, '292-B': 12, '293-A': 16, '294-F': 9, '294-B': 0, '294-E': 18, '294-H': 26, 'KBS-KLN': 6, '295-A': 14, '296-N': 17, '293-R': 13, '293-S': 32, '293-K': 13, '296-A': 17, '296-B': 19, '296-D': 26, '296-K': 4, '293-F': 11, 'SBS-HNS': 3, '293-J': 11, 'SBS-RYL': 2, '327-D': 5, '295-C': 34, '295-E': 12, '295-B': 15, '295-G': 17, '294-A': 11, '293-B': 11, '294-C SBS-JTN': 32, 'SBS-CHLS': 2, '296-T': 17, 'KBS-LGP-CHLS': 1, 'SGH-SBS': 2, 'KMT-BLS-YPB': 1, 'BMESU-HBL': 4, '348-H': 12, 'KMT-CHLS': 0, 'KLNB-LGP-BSK': 3, '293-N': 15, '296-Q': 23, '293-C OASIS-KMT': 1, 'KBS-BDSN': 4, 'SJHS-LGP-HBL': 3, '296-F': 10, 'KLNB-LGP-KBS': 2, 'MF-4': 15, '293-C': 32, '293-D': 12, '293-M': 11, '296-M': 6, '293-L': 11, 'OASIS-4A': 3, 'OASIS-4B': 2, 'OASIS-2A': 2, 'BMT10-NRG': 1, 'SMHS-1': 6, 'HMNL-SJHS': 1, 'BMES-SBS': 3, 'KLNB-LGP-SBSP': 1, 'KLNB-LGP-SSMT': 1, 'ADT-9': 4, 'SBS-SMHSL': 3, '293 KBS-SMHS': 2, 'BMES-5': 3, 'BCGHS-9': 2, 'BCGHS-18': 2, 'VNS-03': 3, '293-E': 10, 'OASIS-2B': 2, '295-D SBS-BMT10': 1, 'CHLS-09': 3, 'GDWC-BGL': 1, '293 SBS-HMN': 7, '293 SBS-LGP-KLN': 4, '293F KMT-BMT48': 6, '293S KBS-BMT48': 6, '293 BMT10-ARMY': 2, '294-C BMT48-MGMS': 1, 'G11-BMT48-MGMS': 2, '294-D': 12, '500-A CSB-SJHSU': 3, '293-S KBS-HNS': 2, 'ARMY-4': 2, 'HALM-SBS-BMES': 1, 'SVM-SBS-BMES': 1}"
Doddy Tannery Road,13.00257755,77.61206767,540,29159205,"{'SBS-AMC': 0, '290-EA': 0, '290-E SBS-PTH': 0, '291-N': 16, 'TR-4': 46, '290-EB KGR-YHK': 0, '253-A': 12, '290-M': 8, 'DPJN-JJN-NGW': 4, '290-A': 28, '290-H': 0, '290-RA': 5, '290-R': 13, '290-EB': 0, '290-QA': 18, '290-G': 0, '290-Q': 14, 'TR-4A': 10, '290-T': 11, '290-HA': 0, 'SBS-SDH': 2, '291-D': 22, '291-L': 3, '290-Z': 4, '290-P': 24, 'MBS-14': 10, 'SBS-JKR-ALSG-PTH': 1, 'CLO-RKH': 5, '291-K': 7, '291-A': 11, '291-E': 16, 'G-10': 0, '290 KBS-YLKOT': 2, '290-EY': 0, '290-KA KMT-PLG': 1, 'TR-4 JJN-PLG': 2, '290-QA NRG-RKHN': 1, '291-H': 21, '94E YPRTTMC-TRDBS': 1, '290-E STJHS-YLKOT': 0, 'KBS-NGVRJ-VNS': 1, '290-N': 40, '317-K': 0, '241-CD': 11, 'TR-4 KMT-NGV': 1, '290-C': 63, '290EY KMT-YHKOT': 0, '290-E SBS-NGW-KLN': 0, '290-E ITCF-YHKOT': 0, 'V-SBS-KNB': 1, 'BSK-KRP-ITI': 1, '348-F': 14, 'BMSIT-3': 1, '213-D': 6, 'SBS-RJP': 2, 'SBS-HTN': 1, '375-D': 80}"
East Railway Station,13.00024247,77.61721795,0,29159205,{}
Frazer Town,13.00095911,77.61294625,1227,29159205,"{'327-C': 14, 'NGW-DPJN': 6, 'SBS-D10G': 31, '295-D': 21, 'KBS-D10G': 8, '293-P': 12, '296-V': 13, 'D10G-MRG': 2, '290-D': 19, 'G-11': 35, '296-C': 18, 'KLN-LGP-SBS': 14, '292-E': 12, 'D10G-SBS': 6, '292-C': 30, '401-M NLO-CLO': 1, '291-J': 26, 'MGMS-KLN': 2, '292-D': 17, '293-H': 19, '290-J': 0, '292-B': 12, '293-A': 16, 'SBS-KLN': 27, '290-J MSP-SBS': 0, '294-F': 9, '294-B': 0, '294-E': 18, '294-H': 26, '295-A': 14, '296-N': 17, '293-R': 13, '293-S': 32, '293-K': 13, '296-A': 17, '296-B': 19, '296-D': 26, '296-K': 4, '293-F': 11, 'SBS-HNS': 3, '293-J': 11, 'SBS-RYL': 2, '327-D': 5, '295-C': 34, '295-E': 12, '295-B': 15, '295-G': 17, '294-A': 11, '293-B': 11, '294-C SBS-JTN': 32, 'SBS-CHLS': 2, '296-T': 17, 'KBS-LGP-CHLS': 1, 'SGH-SBS': 2, 'G-11 SNBS-BLR': 1, 'D10G-NGVR-JJN': 1, 'KMT-BLS-YPB': 1, '293-G': 30, '215-NB': 12, 'D10G-SOPHIA': 1, 'BMESU-HBL': 4, '302-D': 35, 'KLNB-BKC': 1, '348-H': 12, 'PTH-SBS1': 4, 'KMT-CHLS': 0, 'KLNB-LGP-BSK': 3, '293-N': 15, '296-Q': 23, '302 SBS-KLN': 3, '80-F': 35, '302 VSD-KLN': 4, '293-C OASIS-KMT': 1, '296-F': 10, 'KLNB-LGP-KBS': 2, '293-C': 32, '293-D': 12, '293-M': 11, '293-L': 11, 'JGF-2': 3, 'KLN-JJN': 1, '314-N': 26, 'K-6': 41, 'MSP-ARMYK': 1, 'HMNL-SJHS': 1, 'BMES-SBS': 3, 'KLNB-LGP-SBSP': 1, 'KLNB-LGP-SSMT': 1, 'ITPL-2A': 2, 'SBS-SMHSL': 3, '293 KBS-SMHS': 2, 'SHS-10': 2, '296 SBS-BMESL': 1, 'BCGHS-9': 2, 'VNS-03': 3, 'SJHS-9': 1, '302 BMT10-SBS': 2, 'BELGS-46': 2, 'BTP-27A': 2, '293-E': 10, 'OASIS-2B': 2, 'WTP-JVH-KRP': 1, '295-D SBS-BMT10': 1, '290-F': 0, 'TR-4 NGV-MRBS': 2, 'GDWC-BGL': 1, '129 KBS-BNWRS': 1, 'MBS-2': 17, '293 SBS-HMN': 7, '293 SBS-LGP-KLN': 4, 'VCS-ORRCA-112 ULSL-ORRCA': 2, '293G SBS-BMT48': 16, '293F KMT-BMT48': 6, '293S KBS-BMT48': 6, 'D10G-BMES': 1, 'MBS2 PTH-MRHSPG': 1, '293 BMT10-ARMY': 2, '295-KMT-D48': 2, '294-C BMT48-MGMS': 1, 'CRISTAL-3': 1, 'G11-BMT48-MGMS': 2, '294-D': 12, '293-S KBS-HNS': 2, 'HALM-SBS-BMES': 1, 'SVM-SBS-BMES': 1}"
HP Petrol Bunk Coles Road,12.99663178,77.61175163,7,29159205,"{'SJHS-LGP-HBL': 3, 'ADT-9': 4}"
ITC Factory Banasawadi,12.99861491,77.62196905,65,29159205,"{'D10G-KMH-SBS': 2, 'D10G-SBS': 6, 'MBS-8E KLN-DML': 3, 'K-6': 41, 'MBS-8E': 10, '302 BMT10-SBS': 2, '300-H  ITICG-KBS': 1, '290-E ITCF-YHKOT': 0}"
Mosque Road,13.00031693,77.61607925,530,29159205,"{'300-E': 55, '302-C': 11, '302-J': 29, '300-B': 29, '302-GA': 19, '303-F': 21, '300-T': 11, 'KBS-BSP-HMA': 1, 'SBS-BSP-HMA': 3, 'D10G-KMH-SBS': 2, '300-D': 37, '300-E SBS-KTMLRG': 2, '302-N': 38, '276-AB BMT45-DBH': 1, '300-F': 17, '302-F': 39, 'SJHS-LGP-HBL': 3, '303-E': 32, '302-B': 40, '302-E': 14, 'OASIS-4A': 3, 'OASIS-2A': 2, 'KBS-SDSH': 1, 'SOPHIYA-15': 2, 'SBS-SVPSH': 1, 'SBS-SVPSL': 2, 'SHS-10': 2, 'BMES-5': 3, 'BCGHS-18': 2, 'STJOHN-5': 2, 'CALLBUS-05': 1, 'BELGS-46': 2, 'KBS-SVPSB': 1, '302-A': 20, 'VCS-MEBP-12 BSK-MEBP': 1, '330 SBS-ABISRO': 2, '301-G': 17, '303-G': 29, '302-G': 19, 'D10G-BMES': 1, '300-H  ITICG-KBS': 1, '301-A': 12}"
Pottery Town,13.00243146,77.60914089,0,29159205,{}
Williams Town Park,12.99998422,77.60748558,2,29159205,"{'BELGS-35': 0, 'D24-TNF-WTP': 1, 'WTP-JVH-KRP': 1}"
Byadarahalli Jayamahal,13.00116812,77.60973930,16,29159206,{'210-X': 16}
Clarence School,13.00226912,77.61665130,1946,29159206,"{'327-C': 14, '301-E': 39, '300-E': 55, '300-D': 37, '300-H': 48, 'SBS-D10G': 31, '295-D': 21, 'KBS-D10G': 8, '302-C': 11, '293-P': 12, '296-V': 13, 'D10G-MRG': 2, 'G-11': 35, '296-C': 18, 'KLN-LGP-SBS': 14, '292-E': 12, 'D10G-SBS': 6, '292-C': 30, '401-M NLO-CLO': 1, '302-J': 29, '300-B': 29, 'KBS-HNR-CHLS': 3, '302-GA': 19, '303-F': 21, 'MGMS-KLN': 2, '292-D': 17, '293-H': 19, '292-B': 12, '293-A': 16, '79-K': 13, 'SBS-KLN': 27, '294-F': 9, '294-B': 0, '300-DA': 15, '294-E': 18, '294-H': 26, 'KBS-KLN': 6, '295-A': 14, '296-N': 17, '293-R': 13, '293-S': 32, '300-T': 11, '293-K': 13, '296-A': 17, '296-B': 19, '296-D': 26, '296-K': 4, '293-F': 11, 'SBS-HNS': 3, '293-J': 11, 'SBS-RYL': 2, '327-D': 5, '295-C': 34, '300-A': 14, '295-E': 12, '295-B': 15, '295-G': 17, 'KBS-BSP-HMA': 1, 'SBS-BSP-HMA': 3, '294-A': 11, '293-B': 11, '294-C SBS-JTN': 32, 'SBS-CHLS': 2, '296-T': 17, 'KBS-LGP-CHLS': 1, 'SGH-SBS': 2, 'G-11 SNBS-BLR': 1, '301-F': 6, '300-P': 46, '300-E SBS-KTMLRG': 2, 'KMT-BLS-YPB': 1, '300-C': 19, 'SBS-BPS-KLK': 2, 'VSD-BSP-KLK': 1, '293-G': 30, '215-NB': 12, 'D10G-SOPHIA': 1, 'BMESU-HBL': 4, '242-GA KBS-EWC': 2, '302-D': 35, '300-K': 13, '348-H': 12, '302-N': 38, 'KMT-CHLS': 0, 'KLNB-LGP-BSK': 3, '276-AB BMT45-DBH': 1, '293-N': 15, '300-F': 17, '296-Q': 23, '302 SBS-KLN': 3, '80-F': 35, '302 VSD-KLN': 4, '293-C OASIS-KMT': 1, 'KBS-BDSN': 4, '302-F': 39, 'SJHS-LGP-HBL': 3, '296-F': 10, 'KLNB-LGP-KBS': 2, 'MF-4': 15, '303-E': 32, '302-B': 40, '293-C': 32, '302-E': 14, '303-C': 24, '293-D': 12, '293-M': 11, '296-M': 6, '293-L': 11, '314-N': 26, 'BMT10-NRG': 1, 'KBS-SDSH': 1, 'HMNL-SJHS': 1, 'BMES-SBS': 3, 'KLNB-LGP-SBSP': 1, 'KLNB-LGP-SSMT': 1, 'SBS-SVPSH': 1, 'SBS-SMHSL': 3, '293 KBS-SMHS': 2, 'SBS-SVPSL': 2, 'SOPHIYA-1': 2, '296 SBS-BMESL': 1, 'BCGHS-18': 2, 'VNS-03': 3, '302 BMT10-SBS': 2, '293-E': 10, 'OASIS-2B': 2, 'D24-TNF-WTP': 1, 'KBS-SVPSB': 1, '295-D SBS-BMT10': 1, '302-A': 20, 'GDWC-BGL': 1, '129 KBS-BNWRS': 1, '293 SBS-HMN': 7, '293 SBS-LGP-KLN': 4, '330 SBS-ABISRO': 2, '301-D': 18, '301-G': 17, '303-G': 29, '302-G': 19, '293G SBS-BMT48': 16, '293F KMT-BMT48': 6, '293S KBS-BMT48': 6, 'ARMY-3': 3, 'D10G-BMES': 1, '293 BMT10-ARMY': 2, '295-KMT-D48': 2, '300-H  KBS-ITICG': 3, '294-C BMT48-MGMS': 1, 'CRISTAL-3': 1, 'G11-BMT48-MGMS': 2, '294-D': 12, '290-E ITCF-YHKOT': 0, '500-A CSB-SJHSU': 3, '293-S KBS-HNS': 2, 'HALM-SBS-BMES': 1, 'SVM-SBS-BMES': 1, '301-A': 12, 'AMRY-2': 4}"
Coles Park Millers Road,12.99554851,77.60656584,1594,29159206,"{'SBS-AMC': 0, '210-X': 16, '327-C': 14, '290-EA': 0, '290-E SBS-PTH': 0, '291-N': 16, 'TR-4': 46, '290-EB KGR-YHK': 0, '253-A': 12, 'SBS-D10G': 31, '295-D': 21, 'KBS-D10G': 8, '290-M': 8, '293-P': 12, '296-V': 13, 'DPJN-JJN-NGW': 4, 'G-11': 35, '296-C': 18, '292-E': 12, '292-C': 30, '290-A': 28, '401-M NLO-CLO': 1, '290-H': 0, 'KBS-HNR-CHLS': 3, 'MGMS-KLN': 2, '292-D': 17, '293-H': 19, '290-RA': 5, '292-B': 12, 'SBS-KLN': 27, '290-R': 13, '294-F': 9, '294-B': 0, '294-E': 18, '294-H': 26, 'KBS-KLN': 6, '295-A': 14, '296-N': 17, '290-EB': 0, '293-R': 13, '293-S': 32, '293-K': 13, '296-A': 17, '296-B': 19, '296-D': 26, '296-K': 4, '293-F': 11, 'SBS-HNS': 3, '293-J': 11, 'SBS-RYL': 2, '327-D': 5, '295-C': 34, '295-E': 12, '295-B': 15, '290-QA': 18, '295-G': 17, '294-A': 11, '293-B': 11, '290-G': 0, '294-C SBS-JTN': 32, 'SBS-CHLS': 2, '296-T': 17, 'KBS-LGP-CHLS': 1, '290-Q': 14, 'G-11 SNBS-BLR': 1, 'TR-4A': 10, 'KMT-BLS-YPB': 1, '290-T': 11, '293-G': 30, '290-HA': 0, '215-NB': 12, 'BMESU-HBL': 4, '242-GA KBS-EWC': 2, '302-D': 35, '348-H': 12, 'SBS-SDH': 2, 'KMT-CHLS': 0, '291-D': 22, '293-N': 15, '296-Q': 23, '302 SBS-KLN': 3, '80-F': 35, '302 VSD-KLN': 4, '291-L': 3, 'KBS-BDSN': 4, '290-Z': 4, '290-P': 24, 'MBS-14': 10, 'SBS-JKR-ALSG-PTH': 1, '296-F': 10, 'CLO-RKH': 5, '291-K': 7, '293-C': 32, '291-A': 11, '291-E': 16, '293-D': 12, '293-M': 11, '296-M': 6, 'G-10': 0, '293-L': 11, '290 KBS-YLKOT': 2, '290-EY': 0, '314-N': 26, '290-KA KMT-PLG': 1, 'TR-4 JJN-PLG': 2, '290-QA NRG-RKHN': 1, '291-H': 21, '94E YPRTTMC-TRDBS': 1, 'SBS-SMHSL': 3, '293 KBS-SMHS': 2, '296 SBS-BMESL': 1, '290-E STJHS-YLKOT': 0, 'KBS-NGVRJ-VNS': 1, '293-E': 10, '295-D SBS-BMT10': 1, '290-N': 40, '317-K': 0, '241-CD': 11, 'TR-4 KMT-NGV': 1, 'GDWC-BGL': 1, '290-C': 63, '129 KBS-BNWRS': 1, '293 SBS-HMN': 7, '293 SBS-LGP-KLN': 4, '293G SBS-BMT48': 16, '293F KMT-BMT48': 6, '293S KBS-BMT48': 6, '290EY KMT-YHKOT': 0, '295-KMT-D48': 2, '294-D': 12, '290-E SBS-NGW-KLN': 0, '293-S KBS-HNS': 2, 'HALM-SBS-BMES': 1, 'SVM-SBS-BMES': 1, 'V-SBS-KNB': 1, 'BSK-KRP-ITI': 1, '348-F': 14, 'BMSIT-3': 1, '213-D': 6, 'SBS-RJP': 2, 'SBS-HTN': 1, '375-D': 80}"
Coles Road,12.99632578,77.61236246,1517,29159206,"{'250-AA': 10, 'SBS-BTM-MDL': 1, '161-D': 24, '301-E': 39, '365-D': 26, '365-B': 6, '365-E': 17, 'KBS-BDC-D34G': 11, '300-E': 55, '300-D': 37, 'BCS-BMSITY': 1, 'KBS-RMS': 2, 'MGRM-BNP': 2, '370-B': 6, 'V-365': 26, 'V-365J': 21, '368-D': 11, '369-F': 11, '369-G': 10, '300-H': 48, '302-C': 11, 'MYH-UBL': 1, 'TTC-UBL': 1, '369-E': 36, '302-J': 29, '300-B': 29, '302-GA': 19, '303-F': 21, '79-K': 13, '300-DA': 15, '300-T': 11, '300-A': 14, 'KBS-BSP-HMA': 1, 'SBS-BSP-HMA': 3, '365-F': 4, '365-N': 19, '365-Q': 16, '365-S': 6, '366-L': 10, '366-N': 16, '366-Q': 15, '366-QA': 8, '366-T': 12, '366-W': 13, '366-Z': 20, '366-F': 12, '366-KA': 8, '368-C': 6, 'KGR-BEML5': 21, '372-F': 9, '372-A': 7, '372-B': 9, '372-E': 7, '372-J': 7, '301-F': 6, 'SBS-JNN': 3, '300-P': 46, '365-J': 44, 'D10G-KMH-SBS': 2, '300-E SBS-KTMLRG': 2, '366-R': 14, 'KBS-CNP': 2, 'SBS-JDVH': 1, '300-C': 19, 'SBS-BPS-KLK': 2, 'VSD-BSP-KLK': 1, 'BGR-JAPC': 5, 'KBS-BMD-DCH': 3, 'C-365': 17, '300-K': 13, 'SBS-DVC': 4, '375-GA': 5, '370-A': 10, 'KBS-UJND': 3, '370-E': 6, '302-N': 38, '369-K': 12, '367-B': 10, 'KBS-SSPL': 1, '276-AB BMT45-DBH': 1, '300-F': 17, 'G-4': 35, '302-F': 39, '366-ZA': 5, '303-E': 32, '302-B': 40, '302-E': 14, '303-C': 24, '372-M': 11, '372-MA': 9, 'KBS-SDSH': 1, 'SBS-SVPSH': 1, 'SBS-SVPSL': 2, 'KBS-GTG-BVH-KGP': 1, 'KBS-SVPSB': 1, '302-A': 20, '330 SBS-ABISRO': 2, '301-D': 18, '301-G': 17, '303-G': 29, '302-G': 19, '300-H  ITICG-KBS': 1, '300-H  KBS-ITICG': 3, '301-A': 12, '369-D': 31, '371-D': 9, '369-J': 12, '371-A': 8, 'AMRY-2': 4}"
CS-Imra Masjid Sunders Road,12.99600127,77.61135131,2,29159206,{'OASIS-1A': 2}
Doddy Tannery Road,13.00257755,77.61206767,540,29159206,"{'SBS-AMC': 0, '290-EA': 0, '290-E SBS-PTH': 0, '291-N': 16, 'TR-4': 46, '290-EB KGR-YHK': 0, '253-A': 12, '290-M': 8, 'DPJN-JJN-NGW': 4, '290-A': 28, '290-H': 0, '290-RA': 5, '290-R': 13, '290-EB': 0, '290-QA': 18, '290-G': 0, '290-Q': 14, 'TR-4A': 10, '290-T': 11, '290-HA': 0, 'SBS-SDH': 2, '291-D': 22, '291-L': 3, '290-Z': 4, '290-P': 24, 'MBS-14': 10, 'SBS-JKR-ALSG-PTH': 1, 'CLO-RKH': 5, '291-K': 7, '291-A': 11, '291-E': 16, 'G-10': 0, '290 KBS-YLKOT': 2, '290-EY': 0, '290-KA KMT-PLG': 1, 'TR-4 JJN-PLG': 2, '290-QA NRG-RKHN': 1, '291-H': 21, '94E YPRTTMC-TRDBS': 1, '290-E STJHS-YLKOT': 0, 'KBS-NGVRJ-VNS': 1, '290-N': 40, '317-K': 0, '241-CD': 11, 'TR-4 KMT-NGV': 1, '290-C': 63, '290EY KMT-YHKOT': 0, '290-E SBS-NGW-KLN': 0, '290-E ITCF-YHKOT': 0, 'V-SBS-KNB': 1, 'BSK-KRP-ITI': 1, '348-F': 14, 'BMSIT-3': 1, '213-D': 6, 'SBS-RJP': 2, 'SBS-HTN': 1, '375-D': 80}"
Frazer Town,13.00095911,77.61294625,1227,29159206,"{'327-C': 14, 'NGW-DPJN': 6, 'SBS-D10G': 31, '295-D': 21, 'KBS-D10G': 8, '293-P': 12, '296-V': 13, 'D10G-MRG': 2, '290-D': 19, 'G-11': 35, '296-C': 18, 'KLN-LGP-SBS': 14, '292-E': 12, 'D10G-SBS': 6, '292-C': 30, '401-M NLO-CLO': 1, '291-J': 26, 'MGMS-KLN': 2, '292-D': 17, '293-H': 19, '290-J': 0, '292-B': 12, '293-A': 16, 'SBS-KLN': 27, '290-J MSP-SBS': 0, '294-F': 9, '294-B': 0, '294-E': 18, '294-H': 26, '295-A': 14, '296-N': 17, '293-R': 13, '293-S': 32, '293-K': 13, '296-A': 17, '296-B': 19, '296-D': 26, '296-K': 4, '293-F': 11, 'SBS-HNS': 3, '293-J': 11, 'SBS-RYL': 2, '327-D': 5, '295-C': 34, '295-E': 12, '295-B': 15, '295-G': 17, '294-A': 11, '293-B': 11, '294-C SBS-JTN': 32, 'SBS-CHLS': 2, '296-T': 17, 'KBS-LGP-CHLS': 1, 'SGH-SBS': 2, 'G-11 SNBS-BLR': 1, 'D10G-NGVR-JJN': 1, 'KMT-BLS-YPB': 1, '293-G': 30, '215-NB': 12, 'D10G-SOPHIA': 1, 'BMESU-HBL': 4, '302-D': 35, 'KLNB-BKC': 1, '348-H': 12, 'PTH-SBS1': 4, 'KMT-CHLS': 0, 'KLNB-LGP-BSK': 3, '293-N': 15, '296-Q': 23, '302 SBS-KLN': 3, '80-F': 35, '302 VSD-KLN': 4, '293-C OASIS-KMT': 1, '296-F': 10, 'KLNB-LGP-KBS': 2, '293-C': 32, '293-D': 12, '293-M': 11, '293-L': 11, 'JGF-2': 3, 'KLN-JJN': 1, '314-N': 26, 'K-6': 41, 'MSP-ARMYK': 1, 'HMNL-SJHS': 1, 'BMES-SBS': 3, 'KLNB-LGP-SBSP': 1, 'KLNB-LGP-SSMT': 1, 'ITPL-2A': 2, 'SBS-SMHSL': 3, '293 KBS-SMHS': 2, 'SHS-10': 2, '296 SBS-BMESL': 1, 'BCGHS-9': 2, 'VNS-03': 3, 'SJHS-9': 1, '302 BMT10-SBS': 2, 'BELGS-46': 2, 'BTP-27A': 2, '293-E': 10, 'OASIS-2B': 2, 'WTP-JVH-KRP': 1, '295-D SBS-BMT10': 1, '290-F': 0, 'TR-4 NGV-MRBS': 2, 'GDWC-BGL': 1, '129 KBS-BNWRS': 1, 'MBS-2': 17, '293 SBS-HMN': 7, '293 SBS-LGP-KLN': 4, 'VCS-ORRCA-112 ULSL-ORRCA': 2, '293G SBS-BMT48': 16, '293F KMT-BMT48': 6, '293S KBS-BMT48': 6, 'D10G-BMES': 1, 'MBS2 PTH-MRHSPG': 1, '293 BMT10-ARMY': 2, '295-KMT-D48': 2, '294-C BMT48-MGMS': 1, 'CRISTAL-3': 1, 'G11-BMT48-MGMS': 2, '294-D': 12, '293-S KBS-HNS': 2, 'HALM-SBS-BMES': 1, 'SVM-SBS-BMES': 1}"
Goodwill Womens College Hines Road,12.99659650,77.60917034,1,29159206,{'GDWC-BGL': 1}
HP Petrol Bunk Coles Road,12.99663178,77.61175163,7,29159206,"{'SJHS-LGP-HBL': 3, 'ADT-9': 4}"
Mosque Road,13.00031693,77.61607925,530,29159206,"{'300-E': 55, '302-C': 11, '302-J': 29, '300-B': 29, '302-GA': 19, '303-F': 21, '300-T': 11, 'KBS-BSP-HMA': 1, 'SBS-BSP-HMA': 3, 'D10G-KMH-SBS': 2, '300-D': 37, '300-E SBS-KTMLRG': 2, '302-N': 38, '276-AB BMT45-DBH': 1, '300-F': 17, '302-F': 39, 'SJHS-LGP-HBL': 3, '303-E': 32, '302-B': 40, '302-E': 14, 'OASIS-4A': 3, 'OASIS-2A': 2, 'KBS-SDSH': 1, 'SOPHIYA-15': 2, 'SBS-SVPSH': 1, 'SBS-SVPSL': 2, 'SHS-10': 2, 'BMES-5': 3, 'BCGHS-18': 2, 'STJOHN-5': 2, 'CALLBUS-05': 1, 'BELGS-46': 2, 'KBS-SVPSB': 1, '302-A': 20, 'VCS-MEBP-12 BSK-MEBP': 1, '330 SBS-ABISRO': 2, '301-G': 17, '303-G': 29, '302-G': 19, 'D10G-BMES': 1, '300-H  ITICG-KBS': 1, '301-A': 12}"
Pottery Town,13.00243146,77.60914089,0,29159206,{}
Williams Town Park,12.99998422,77.60748558,2,29159206,"{'BELGS-35': 0, 'D24-TNF-WTP': 1, 'WTP-JVH-KRP': 1}"
Byadarahalli Jayamahal,13.00116812,77.60973930,16,29159207,{'210-X': 16}
Coles Road,12.99632578,77.61236246,1517,29159207,"{'250-AA': 10, 'SBS-BTM-MDL': 1, '161-D': 24, '301-E': 39, '365-D': 26, '365-B': 6, '365-E': 17, 'KBS-BDC-D34G': 11, '300-E': 55, '300-D': 37, 'BCS-BMSITY': 1, 'KBS-RMS': 2, 'MGRM-BNP': 2, '370-B': 6, 'V-365': 26, 'V-365J': 21, '368-D': 11, '369-F': 11, '369-G': 10, '300-H': 48, '302-C': 11, 'MYH-UBL': 1, 'TTC-UBL': 1, '369-E': 36, '302-J': 29, '300-B': 29, '302-GA': 19, '303-F': 21, '79-K': 13, '300-DA': 15, '300-T': 11, '300-A': 14, 'KBS-BSP-HMA': 1, 'SBS-BSP-HMA': 3, '365-F': 4, '365-N': 19, '365-Q': 16, '365-S': 6, '366-L': 10, '366-N': 16, '366-Q': 15, '366-QA': 8, '366-T': 12, '366-W': 13, '366-Z': 20, '366-F': 12, '366-KA': 8, '368-C': 6, 'KGR-BEML5': 21, '372-F': 9, '372-A': 7, '372-B': 9, '372-E': 7, '372-J': 7, '301-F': 6, 'SBS-JNN': 3, '300-P': 46, '365-J': 44, 'D10G-KMH-SBS': 2, '300-E SBS-KTMLRG': 2, '366-R': 14, 'KBS-CNP': 2, 'SBS-JDVH': 1, '300-C': 19, 'SBS-BPS-KLK': 2, 'VSD-BSP-KLK': 1, 'BGR-JAPC': 5, 'KBS-BMD-DCH': 3, 'C-365': 17, '300-K': 13, 'SBS-DVC': 4, '375-GA': 5, '370-A': 10, 'KBS-UJND': 3, '370-E': 6, '302-N': 38, '369-K': 12, '367-B': 10, 'KBS-SSPL': 1, '276-AB BMT45-DBH': 1, '300-F': 17, 'G-4': 35, '302-F': 39, '366-ZA': 5, '303-E': 32, '302-B': 40, '302-E': 14, '303-C': 24, '372-M': 11, '372-MA': 9, 'KBS-SDSH': 1, 'SBS-SVPSH': 1, 'SBS-SVPSL': 2, 'KBS-GTG-BVH-KGP': 1, 'KBS-SVPSB': 1, '302-A': 20, '330 SBS-ABISRO': 2, '301-D': 18, '301-G': 17, '303-G': 29, '302-G': 19, '300-H  ITICG-KBS': 1, '300-H  KBS-ITICG': 3, '301-A': 12, '369-D': 31, '371-D': 9, '369-J': 12, '371-A': 8, 'AMRY-2': 4}"
CS-Imra Masjid Sunders Road,12.99600127,77.61135131,2,29159207,{'OASIS-1A': 2}
Doddy Tannery Road,13.00257755,77.61206767,540,29159207,"{'SBS-AMC': 0, '290-EA': 0, '290-E SBS-PTH': 0, '291-N': 16, 'TR-4': 46, '290-EB KGR-YHK': 0, '253-A': 12, '290-M': 8, 'DPJN-JJN-NGW': 4, '290-A': 28, '290-H': 0, '290-RA': 5, '290-R': 13, '290-EB': 0, '290-QA': 18, '290-G': 0, '290-Q': 14, 'TR-4A': 10, '290-T': 11, '290-HA': 0, 'SBS-SDH': 2, '291-D': 22, '291-L': 3, '290-Z': 4, '290-P': 24, 'MBS-14': 10, 'SBS-JKR-ALSG-PTH': 1, 'CLO-RKH': 5, '291-K': 7, '291-A': 11, '291-E': 16, 'G-10': 0, '290 KBS-YLKOT': 2, '290-EY': 0, '290-KA KMT-PLG': 1, 'TR-4 JJN-PLG': 2, '290-QA NRG-RKHN': 1, '291-H': 21, '94E YPRTTMC-TRDBS': 1, '290-E STJHS-YLKOT': 0, 'KBS-NGVRJ-VNS': 1, '290-N': 40, '317-K': 0, '241-CD': 11, 'TR-4 KMT-NGV': 1, '290-C': 63, '290EY KMT-YHKOT': 0, '290-E SBS-NGW-KLN': 0, '290-E ITCF-YHKOT': 0, 'V-SBS-KNB': 1, 'BSK-KRP-ITI': 1, '348-F': 14, 'BMSIT-3': 1, '213-D': 6, 'SBS-RJP': 2, 'SBS-HTN': 1, '375-D': 80}"
East Railway Station,13.00024247,77.61721795,0,29159207,{}
Frazer Town,13.00095911,77.61294625,1227,29159207,"{'327-C': 14, 'NGW-DPJN': 6, 'SBS-D10G': 31, '295-D': 21, 'KBS-D10G': 8, '293-P': 12, '296-V': 13, 'D10G-MRG': 2, '290-D': 19, 'G-11': 35, '296-C': 18, 'KLN-LGP-SBS': 14, '292-E': 12, 'D10G-SBS': 6, '292-C': 30, '401-M NLO-CLO': 1, '291-J': 26, 'MGMS-KLN': 2, '292-D': 17, '293-H': 19, '290-J': 0, '292-B': 12, '293-A': 16, 'SBS-KLN': 27, '290-J MSP-SBS': 0, '294-F': 9, '294-B': 0, '294-E': 18, '294-H': 26, '295-A': 14, '296-N': 17, '293-R': 13, '293-S': 32, '293-K': 13, '296-A': 17, '296-B': 19, '296-D': 26, '296-K': 4, '293-F': 11, 'SBS-HNS': 3, '293-J': 11, 'SBS-RYL': 2, '327-D': 5, '295-C': 34, '295-E': 12, '295-B': 15, '295-G': 17, '294-A': 11, '293-B': 11, '294-C SBS-JTN': 32, 'SBS-CHLS': 2, '296-T': 17, 'KBS-LGP-CHLS': 1, 'SGH-SBS': 2, 'G-11 SNBS-BLR': 1, 'D10G-NGVR-JJN': 1, 'KMT-BLS-YPB': 1, '293-G': 30, '215-NB': 12, 'D10G-SOPHIA': 1, 'BMESU-HBL': 4, '302-D': 35, 'KLNB-BKC': 1, '348-H': 12, 'PTH-SBS1': 4, 'KMT-CHLS': 0, 'KLNB-LGP-BSK': 3, '293-N': 15, '296-Q': 23, '302 SBS-KLN': 3, '80-F': 35, '302 VSD-KLN': 4, '293-C OASIS-KMT': 1, '296-F': 10, 'KLNB-LGP-KBS': 2, '293-C': 32, '293-D': 12, '293-M': 11, '293-L': 11, 'JGF-2': 3, 'KLN-JJN': 1, '314-N': 26, 'K-6': 41, 'MSP-ARMYK': 1, 'HMNL-SJHS': 1, 'BMES-SBS': 3, 'KLNB-LGP-SBSP': 1, 'KLNB-LGP-SSMT': 1, 'ITPL-2A': 2, 'SBS-SMHSL': 3, '293 KBS-SMHS': 2, 'SHS-10': 2, '296 SBS-BMESL': 1, 'BCGHS-9': 2, 'VNS-03': 3, 'SJHS-9': 1, '302 BMT10-SBS': 2, 'BELGS-46': 2, 'BTP-27A': 2, '293-E': 10, 'OASIS-2B': 2, 'WTP-JVH-KRP': 1, '295-D SBS-BMT10': 1, '290-F': 0, 'TR-4 NGV-MRBS': 2, 'GDWC-BGL': 1, '129 KBS-BNWRS': 1, 'MBS-2': 17, '293 SBS-HMN': 7, '293 SBS-LGP-KLN': 4, 'VCS-ORRCA-112 ULSL-ORRCA': 2, '293G SBS-BMT48': 16, '293F KMT-BMT48': 6, '293S KBS-BMT48': 6, 'D10G-BMES': 1, 'MBS2 PTH-MRHSPG': 1, '293 BMT10-ARMY': 2, '295-KMT-D48': 2, '294-C BMT48-MGMS': 1, 'CRISTAL-3': 1, 'G11-BMT48-MGMS': 2, '294-D': 12, '293-S KBS-HNS': 2, 'HALM-SBS-BMES': 1, 'SVM-SBS-BMES': 1}"
Goodwill Womens College Hines Road,12.99659650,77.60917034,1,29159207,{'GDWC-BGL': 1}
HP Petrol Bunk Coles Road,12.99663178,77.61175163,7,29159207,"{'SJHS-LGP-HBL': 3, 'ADT-9': 4}"
Mosque Road,13.00031693,77.61607925,530,29159207,"{'300-E': 55, '302-C': 11, '302-J': 29, '300-B': 29, '302-GA': 19, '303-F': 21, '300-T': 11, 'KBS-BSP-HMA': 1, 'SBS-BSP-HMA': 3, 'D10G-KMH-SBS': 2, '300-D': 37, '300-E SBS-KTMLRG': 2, '302-N': 38, '276-AB BMT45-DBH': 1, '300-F': 17, '302-F': 39, 'SJHS-LGP-HBL': 3, '303-E': 32, '302-B': 40, '302-E': 14, 'OASIS-4A': 3, 'OASIS-2A': 2, 'KBS-SDSH': 1, 'SOPHIYA-15': 2, 'SBS-SVPSH': 1, 'SBS-SVPSL': 2, 'SHS-10': 2, 'BMES-5': 3, 'BCGHS-18': 2, 'STJOHN-5': 2, 'CALLBUS-05': 1, 'BELGS-46': 2, 'KBS-SVPSB': 1, '302-A': 20, 'VCS-MEBP-12 BSK-MEBP': 1, '330 SBS-ABISRO': 2, '301-G': 17, '303-G': 29, '302-G': 19, 'D10G-BMES': 1, '300-H  ITICG-KBS': 1, '301-A': 12}"
Pottery Town,13.00243146,77.60914089,0,29159207,{}
Sindhi Colony,12.99556417,77.61664061,67,29159207,"{'250-AA': 10, '126-A': 33, 'TR-7': 9, '171-H MLO-KKSD': 1, '248-T': 13, '302 ARMYS-KLNB': 1}"
Williams Town Park,12.99998422,77.60748558,2,29159207,"{'BELGS-35': 0, 'D24-TNF-WTP': 1, 'WTP-JVH-KRP': 1}"
Coles Road,12.99632578,77.61236246,1517,29159208,"{'250-AA': 10, 'SBS-BTM-MDL': 1, '161-D': 24, '301-E': 39, '365-D': 26, '365-B': 6, '365-E': 17, 'KBS-BDC-D34G': 11, '300-E': 55, '300-D': 37, 'BCS-BMSITY': 1, 'KBS-RMS': 2, 'MGRM-BNP': 2, '370-B': 6, 'V-365': 26, 'V-365J': 21, '368-D': 11, '369-F': 11, '369-G': 10, '300-H': 48, '302-C': 11, 'MYH-UBL': 1, 'TTC-UBL': 1, '369-E': 36, '302-J': 29, '300-B': 29, '302-GA': 19, '303-F': 21, '79-K': 13, '300-DA': 15, '300-T': 11, '300-A': 14, 'KBS-BSP-HMA': 1, 'SBS-BSP-HMA': 3, '365-F': 4, '365-N': 19, '365-Q': 16, '365-S': 6, '366-L': 10, '366-N': 16, '366-Q': 15, '366-QA': 8, '366-T': 12, '366-W': 13, '366-Z': 20, '366-F': 12, '366-KA': 8, '368-C': 6, 'KGR-BEML5': 21, '372-F': 9, '372-A': 7, '372-B': 9, '372-E': 7, '372-J': 7, '301-F': 6, 'SBS-JNN': 3, '300-P': 46, '365-J': 44, 'D10G-KMH-SBS': 2, '300-E SBS-KTMLRG': 2, '366-R': 14, 'KBS-CNP': 2, 'SBS-JDVH': 1, '300-C': 19, 'SBS-BPS-KLK': 2, 'VSD-BSP-KLK': 1, 'BGR-JAPC': 5, 'KBS-BMD-DCH': 3, 'C-365': 17, '300-K': 13, 'SBS-DVC': 4, '375-GA': 5, '370-A': 10, 'KBS-UJND': 3, '370-E': 6, '302-N': 38, '369-K': 12, '367-B': 10, 'KBS-SSPL': 1, '276-AB BMT45-DBH': 1, '300-F': 17, 'G-4': 35, '302-F': 39, '366-ZA': 5, '303-E': 32, '302-B': 40, '302-E': 14, '303-C': 24, '372-M': 11, '372-MA': 9, 'KBS-SDSH': 1, 'SBS-SVPSH': 1, 'SBS-SVPSL': 2, 'KBS-GTG-BVH-KGP': 1, 'KBS-SVPSB': 1, '302-A': 20, '330 SBS-ABISRO': 2, '301-D': 18, '301-G': 17, '303-G': 29, '302-G': 19, '300-H  ITICG-KBS': 1, '300-H  KBS-ITICG': 3, '301-A': 12, '369-D': 31, '371-D': 9, '369-J': 12, '371-A': 8, 'AMRY-2': 4}"
CS-Imra Masjid Sunders Road,12.99600127,77.61135131,2,29159208,{'OASIS-1A': 2}
East Railway Station,13.00024247,77.61721795,0,29159208,{}
Frazer Town,13.00095911,77.61294625,1227,29159208,"{'327-C': 14, 'NGW-DPJN': 6, 'SBS-D10G': 31, '295-D': 21, 'KBS-D10G': 8, '293-P': 12, '296-V': 13, 'D10G-MRG': 2, '290-D': 19, 'G-11': 35, '296-C': 18, 'KLN-LGP-SBS': 14, '292-E': 12, 'D10G-SBS': 6, '292-C': 30, '401-M NLO-CLO': 1, '291-J': 26, 'MGMS-KLN': 2, '292-D': 17, '293-H': 19, '290-J': 0, '292-B': 12, '293-A': 16, 'SBS-KLN': 27, '290-J MSP-SBS': 0, '294-F': 9, '294-B': 0, '294-E': 18, '294-H': 26, '295-A': 14, '296-N': 17, '293-R': 13, '293-S': 32, '293-K': 13, '296-A': 17, '296-B': 19, '296-D': 26, '296-K': 4, '293-F': 11, 'SBS-HNS': 3, '293-J': 11, 'SBS-RYL': 2, '327-D': 5, '295-C': 34, '295-E': 12, '295-B': 15, '295-G': 17, '294-A': 11, '293-B': 11, '294-C SBS-JTN': 32, 'SBS-CHLS': 2, '296-T': 17, 'KBS-LGP-CHLS': 1, 'SGH-SBS': 2, 'G-11 SNBS-BLR': 1, 'D10G-NGVR-JJN': 1, 'KMT-BLS-YPB': 1, '293-G': 30, '215-NB': 12, 'D10G-SOPHIA': 1, 'BMESU-HBL': 4, '302-D': 35, 'KLNB-BKC': 1, '348-H': 12, 'PTH-SBS1': 4, 'KMT-CHLS': 0, 'KLNB-LGP-BSK': 3, '293-N': 15, '296-Q': 23, '302 SBS-KLN': 3, '80-F': 35, '302 VSD-KLN': 4, '293-C OASIS-KMT': 1, '296-F': 10, 'KLNB-LGP-KBS': 2, '293-C': 32, '293-D': 12, '293-M': 11, '293-L': 11, 'JGF-2': 3, 'KLN-JJN': 1, '314-N': 26, 'K-6': 41, 'MSP-ARMYK': 1, 'HMNL-SJHS': 1, 'BMES-SBS': 3, 'KLNB-LGP-SBSP': 1, 'KLNB-LGP-SSMT': 1, 'ITPL-2A': 2, 'SBS-SMHSL': 3, '293 KBS-SMHS': 2, 'SHS-10': 2, '296 SBS-BMESL': 1, 'BCGHS-9': 2, 'VNS-03': 3, 'SJHS-9': 1, '302 BMT10-SBS': 2, 'BELGS-46': 2, 'BTP-27A': 2, '293-E': 10, 'OASIS-2B': 2, 'WTP-JVH-KRP': 1, '295-D SBS-BMT10': 1, '290-F': 0, 'TR-4 NGV-MRBS': 2, 'GDWC-BGL': 1, '129 KBS-BNWRS': 1, 'MBS-2': 17, '293 SBS-HMN': 7, '293 SBS-LGP-KLN': 4, 'VCS-ORRCA-112 ULSL-ORRCA': 2, '293G SBS-BMT48': 16, '293F KMT-BMT48': 6, '293S KBS-BMT48': 6, 'D10G-BMES': 1, 'MBS2 PTH-MRHSPG': 1, '293 BMT10-ARMY': 2, '295-KMT-D48': 2, '294-C BMT48-MGMS': 1, 'CRISTAL-3': 1, 'G11-BMT48-MGMS': 2, '294-D': 12, '293-S KBS-HNS': 2, 'HALM-SBS-BMES': 1, 'SVM-SBS-BMES': 1}"
Goodwill Womens College Hines Road,12.99659650,77.60917034,1,29159208,{'GDWC-BGL': 1}
HP Petrol Bunk Coles Road,12.99663178,77.61175163,7,29159208,"{'SJHS-LGP-HBL': 3, 'ADT-9': 4}"
Mosque Road,13.00031693,77.61607925,530,29159208,"{'300-E': 55, '302-C': 11, '302-J': 29, '300-B': 29, '302-GA': 19, '303-F': 21, '300-T': 11, 'KBS-BSP-HMA': 1, 'SBS-BSP-HMA': 3, 'D10G-KMH-SBS': 2, '300-D': 37, '300-E SBS-KTMLRG': 2, '302-N': 38, '276-AB BMT45-DBH': 1, '300-F': 17, '302-F': 39, 'SJHS-LGP-HBL': 3, '303-E': 32, '302-B': 40, '302-E': 14, 'OASIS-4A': 3, 'OASIS-2A': 2, 'KBS-SDSH': 1, 'SOPHIYA-15': 2, 'SBS-SVPSH': 1, 'SBS-SVPSL': 2, 'SHS-10': 2, 'BMES-5': 3, 'BCGHS-18': 2, 'STJOHN-5': 2, 'CALLBUS-05': 1, 'BELGS-46': 2, 'KBS-SVPSB': 1, '302-A': 20, 'VCS-MEBP-12 BSK-MEBP': 1, '330 SBS-ABISRO': 2, '301-G': 17, '303-G': 29, '302-G': 19, 'D10G-BMES': 1, '300-H  ITICG-KBS': 1, '301-A': 12}"
Sindhi Colony,12.99556417,77.61664061,67,29159208,"{'250-AA': 10, '126-A': 33, 'TR-7': 9, '171-H MLO-KKSD': 1, '248-T': 13, '302 ARMYS-KLNB': 1}"
Byadarahalli Jayamahal,13.00116812,77.60973930,16,29159209,{'210-X': 16}
Coles Road,12.99632578,77.61236246,1517,29159209,"{'250-AA': 10, 'SBS-BTM-MDL': 1, '161-D': 24, '301-E': 39, '365-D': 26, '365-B': 6, '365-E': 17, 'KBS-BDC-D34G': 11, '300-E': 55, '300-D': 37, 'BCS-BMSITY': 1, 'KBS-RMS': 2, 'MGRM-BNP': 2, '370-B': 6, 'V-365': 26, 'V-365J': 21, '368-D': 11, '369-F': 11, '369-G': 10, '300-H': 48, '302-C': 11, 'MYH-UBL': 1, 'TTC-UBL': 1, '369-E': 36, '302-J': 29, '300-B': 29, '302-GA': 19, '303-F': 21, '79-K': 13, '300-DA': 15, '300-T': 11, '300-A': 14, 'KBS-BSP-HMA': 1, 'SBS-BSP-HMA': 3, '365-F': 4, '365-N': 19, '365-Q': 16, '365-S': 6, '366-L': 10, '366-N': 16, '366-Q': 15, '366-QA': 8, '366-T': 12, '366-W': 13, '366-Z': 20, '366-F': 12, '366-KA': 8, '368-C': 6, 'KGR-BEML5': 21, '372-F': 9, '372-A': 7, '372-B': 9, '372-E': 7, '372-J': 7, '301-F': 6, 'SBS-JNN': 3, '300-P': 46, '365-J': 44, 'D10G-KMH-SBS': 2, '300-E SBS-KTMLRG': 2, '366-R': 14, 'KBS-CNP': 2, 'SBS-JDVH': 1, '300-C': 19, 'SBS-BPS-KLK': 2, 'VSD-BSP-KLK': 1, 'BGR-JAPC': 5, 'KBS-BMD-DCH': 3, 'C-365': 17, '300-K': 13, 'SBS-DVC': 4, '375-GA': 5, '370-A': 10, 'KBS-UJND': 3, '370-E': 6, '302-N': 38, '369-K': 12, '367-B': 10, 'KBS-SSPL': 1, '276-AB BMT45-DBH': 1, '300-F': 17, 'G-4': 35, '302-F': 39, '366-ZA': 5, '303-E': 32, '302-B': 40, '302-E': 14, '303-C': 24, '372-M': 11, '372-MA': 9, 'KBS-SDSH': 1, 'SBS-SVPSH': 1, 'SBS-SVPSL': 2, 'KBS-GTG-BVH-KGP': 1, 'KBS-SVPSB': 1, '302-A': 20, '330 SBS-ABISRO': 2, '301-D': 18, '301-G': 17, '303-G': 29, '302-G': 19, '300-H  ITICG-KBS': 1, '300-H  KBS-ITICG': 3, '301-A': 12, '369-D': 31, '371-D': 9, '369-J': 12, '371-A': 8, 'AMRY-2': 4}"
CS-Imra Masjid Sunders Road,12.99600127,77.61135131,2,29159209,{'OASIS-1A': 2}
Doddy Tannery Road,13.00257755,77.61206767,540,29159209,"{'SBS-AMC': 0, '290-EA': 0, '290-E SBS-PTH': 0, '291-N': 16, 'TR-4': 46, '290-EB KGR-YHK': 0, '253-A': 12, '290-M': 8, 'DPJN-JJN-NGW': 4, '290-A': 28, '290-H': 0, '290-RA': 5, '290-R': 13, '290-EB': 0, '290-QA': 18, '290-G': 0, '290-Q': 14, 'TR-4A': 10, '290-T': 11, '290-HA': 0, 'SBS-SDH': 2, '291-D': 22, '291-L': 3, '290-Z': 4, '290-P': 24, 'MBS-14': 10, 'SBS-JKR-ALSG-PTH': 1, 'CLO-RKH': 5, '291-K': 7, '291-A': 11, '291-E': 16, 'G-10': 0, '290 KBS-YLKOT': 2, '290-EY': 0, '290-KA KMT-PLG': 1, 'TR-4 JJN-PLG': 2, '290-QA NRG-RKHN': 1, '291-H': 21, '94E YPRTTMC-TRDBS': 1, '290-E STJHS-YLKOT': 0, 'KBS-NGVRJ-VNS': 1, '290-N': 40, '317-K': 0, '241-CD': 11, 'TR-4 KMT-NGV': 1, '290-C': 63, '290EY KMT-YHKOT': 0, '290-E SBS-NGW-KLN': 0, '290-E ITCF-YHKOT': 0, 'V-SBS-KNB': 1, 'BSK-KRP-ITI': 1, '348-F': 14, 'BMSIT-3': 1, '213-D': 6, 'SBS-RJP': 2, 'SBS-HTN': 1, '375-D': 80}"
East Railway Station,13.00024247,77.61721795,0,29159209,{}
Frazer Town,13.00095911,77.61294625,1227,29159209,"{'327-C': 14, 'NGW-DPJN': 6, 'SBS-D10G': 31, '295-D': 21, 'KBS-D10G': 8, '293-P': 12, '296-V': 13, 'D10G-MRG': 2, '290-D': 19, 'G-11': 35, '296-C': 18, 'KLN-LGP-SBS': 14, '292-E': 12, 'D10G-SBS': 6, '292-C': 30, '401-M NLO-CLO': 1, '291-J': 26, 'MGMS-KLN': 2, '292-D': 17, '293-H': 19, '290-J': 0, '292-B': 12, '293-A': 16, 'SBS-KLN': 27, '290-J MSP-SBS': 0, '294-F': 9, '294-B': 0, '294-E': 18, '294-H': 26, '295-A': 14, '296-N': 17, '293-R': 13, '293-S': 32, '293-K': 13, '296-A': 17, '296-B': 19, '296-D': 26, '296-K': 4, '293-F': 11, 'SBS-HNS': 3, '293-J': 11, 'SBS-RYL': 2, '327-D': 5, '295-C': 34, '295-E': 12, '295-B': 15, '295-G': 17, '294-A': 11, '293-B': 11, '294-C SBS-JTN': 32, 'SBS-CHLS': 2, '296-T': 17, 'KBS-LGP-CHLS': 1, 'SGH-SBS': 2, 'G-11 SNBS-BLR': 1, 'D10G-NGVR-JJN': 1, 'KMT-BLS-YPB': 1, '293-G': 30, '215-NB': 12, 'D10G-SOPHIA': 1, 'BMESU-HBL': 4, '302-D': 35, 'KLNB-BKC': 1, '348-H': 12, 'PTH-SBS1': 4, 'KMT-CHLS': 0, 'KLNB-LGP-BSK': 3, '293-N': 15, '296-Q': 23, '302 SBS-KLN': 3, '80-F': 35, '302 VSD-KLN': 4, '293-C OASIS-KMT': 1, '296-F': 10, 'KLNB-LGP-KBS': 2, '293-C': 32, '293-D': 12, '293-M': 11, '293-L': 11, 'JGF-2': 3, 'KLN-JJN': 1, '314-N': 26, 'K-6': 41, 'MSP-ARMYK': 1, 'HMNL-SJHS': 1, 'BMES-SBS': 3, 'KLNB-LGP-SBSP': 1, 'KLNB-LGP-SSMT': 1, 'ITPL-2A': 2, 'SBS-SMHSL': 3, '293 KBS-SMHS': 2, 'SHS-10': 2, '296 SBS-BMESL': 1, 'BCGHS-9': 2, 'VNS-03': 3, 'SJHS-9': 1, '302 BMT10-SBS': 2, 'BELGS-46': 2, 'BTP-27A': 2, '293-E': 10, 'OASIS-2B': 2, 'WTP-JVH-KRP': 1, '295-D SBS-BMT10': 1, '290-F': 0, 'TR-4 NGV-MRBS': 2, 'GDWC-BGL': 1, '129 KBS-BNWRS': 1, 'MBS-2': 17, '293 SBS-HMN': 7, '293 SBS-LGP-KLN': 4, 'VCS-ORRCA-112 ULSL-ORRCA': 2, '293G SBS-BMT48': 16, '293F KMT-BMT48': 6, '293S KBS-BMT48': 6, 'D10G-BMES': 1, 'MBS2 PTH-MRHSPG': 1, '293 BMT10-ARMY': 2, '295-KMT-D48': 2, '294-C BMT48-MGMS': 1, 'CRISTAL-3': 1, 'G11-BMT48-MGMS': 2, '294-D': 12, '293-S KBS-HNS': 2, 'HALM-SBS-BMES': 1, 'SVM-SBS-BMES': 1}"
Goodwill Womens College Hines Road,12.99659650,77.60917034,1,29159209,{'GDWC-BGL': 1}
HP Petrol Bunk Coles Road,12.99663178,77.61175163,7,29159209,"{'SJHS-LGP-HBL': 3, 'ADT-9': 4}"
Mosque Road,13.00031693,77.61607925,530,29159209,"{'300-E': 55, '302-C': 11, '302-J': 29, '300-B': 29, '302-GA': 19, '303-F': 21, '300-T': 11, 'KBS-BSP-HMA': 1, 'SBS-BSP-HMA': 3, 'D10G-KMH-SBS': 2, '300-D': 37, '300-E SBS-KTMLRG': 2, '302-N': 38, '276-AB BMT45-DBH': 1, '300-F': 17, '302-F': 39, 'SJHS-LGP-HBL': 3, '303-E': 32, '302-B': 40, '302-E': 14, 'OASIS-4A': 3, 'OASIS-2A': 2, 'KBS-SDSH': 1, 'SOPHIYA-15': 2, 'SBS-SVPSH': 1, 'SBS-SVPSL': 2, 'SHS-10': 2, 'BMES-5': 3, 'BCGHS-18': 2, 'STJOHN-5': 2, 'CALLBUS-05': 1, 'BELGS-46': 2, 'KBS-SVPSB': 1, '302-A': 20, 'VCS-MEBP-12 BSK-MEBP': 1, '330 SBS-ABISRO': 2, '301-G': 17, '303-G': 29, '302-G': 19, 'D10G-BMES': 1, '300-H  ITICG-KBS': 1, '301-A': 12}"
Pottery Town,13.00243146,77.60914089,0,29159209,{}
Sindhi Colony,12.99556417,77.61664061,67,29159209,"{'250-AA': 10, '126-A': 33, 'TR-7': 9, '171-H MLO-KKSD': 1, '248-T': 13, '302 ARMYS-KLNB': 1}"
Williams Town Park,12.99998422,77.60748558,2,29159209,"{'BELGS-35': 0, 'D24-TNF-WTP': 1, 'WTP-JVH-KRP': 1}"
Clarence School,13.00226912,77.61665130,1946,29159210,"{'327-C': 14, '301-E': 39, '300-E': 55, '300-D': 37, '300-H': 48, 'SBS-D10G': 31, '295-D': 21, 'KBS-D10G': 8, '302-C': 11, '293-P': 12, '296-V': 13, 'D10G-MRG': 2, 'G-11': 35, '296-C': 18, 'KLN-LGP-SBS': 14, '292-E': 12, 'D10G-SBS': 6, '292-C': 30, '401-M NLO-CLO': 1, '302-J': 29, '300-B': 29, 'KBS-HNR-CHLS': 3, '302-GA': 19, '303-F': 21, 'MGMS-KLN': 2, '292-D': 17, '293-H': 19, '292-B': 12, '293-A': 16, '79-K': 13, 'SBS-KLN': 27, '294-F': 9, '294-B': 0, '300-DA': 15, '294-E': 18, '294-H': 26, 'KBS-KLN': 6, '295-A': 14, '296-N': 17, '293-R': 13, '293-S': 32, '300-T': 11, '293-K': 13, '296-A': 17, '296-B': 19, '296-D': 26, '296-K': 4, '293-F': 11, 'SBS-HNS': 3, '293-J': 11, 'SBS-RYL': 2, '327-D': 5, '295-C': 34, '300-A': 14, '295-E': 12, '295-B': 15, '295-G': 17, 'KBS-BSP-HMA': 1, 'SBS-BSP-HMA': 3, '294-A': 11, '293-B': 11, '294-C SBS-JTN': 32, 'SBS-CHLS': 2, '296-T': 17, 'KBS-LGP-CHLS': 1, 'SGH-SBS': 2, 'G-11 SNBS-BLR': 1, '301-F': 6, '300-P': 46, '300-E SBS-KTMLRG': 2, 'KMT-BLS-YPB': 1, '300-C': 19, 'SBS-BPS-KLK': 2, 'VSD-BSP-KLK': 1, '293-G': 30, '215-NB': 12, 'D10G-SOPHIA': 1, 'BMESU-HBL': 4, '242-GA KBS-EWC': 2, '302-D': 35, '300-K': 13, '348-H': 12, '302-N': 38, 'KMT-CHLS': 0, 'KLNB-LGP-BSK': 3, '276-AB BMT45-DBH': 1, '293-N': 15, '300-F': 17, '296-Q': 23, '302 SBS-KLN': 3, '80-F': 35, '302 VSD-KLN': 4, '293-C OASIS-KMT': 1, 'KBS-BDSN': 4, '302-F': 39, 'SJHS-LGP-HBL': 3, '296-F': 10, 'KLNB-LGP-KBS': 2, 'MF-4': 15, '303-E': 32, '302-B': 40, '293-C': 32, '302-E': 14, '303-C': 24, '293-D': 12, '293-M': 11, '296-M': 6, '293-L': 11, '314-N': 26, 'BMT10-NRG': 1, 'KBS-SDSH': 1, 'HMNL-SJHS': 1, 'BMES-SBS': 3, 'KLNB-LGP-SBSP': 1, 'KLNB-LGP-SSMT': 1, 'SBS-SVPSH': 1, 'SBS-SMHSL': 3, '293 KBS-SMHS': 2, 'SBS-SVPSL': 2, 'SOPHIYA-1': 2, '296 SBS-BMESL': 1, 'BCGHS-18': 2, 'VNS-03': 3, '302 BMT10-SBS': 2, '293-E': 10, 'OASIS-2B': 2, 'D24-TNF-WTP': 1, 'KBS-SVPSB': 1, '295-D SBS-BMT10': 1, '302-A': 20, 'GDWC-BGL': 1, '129 KBS-BNWRS': 1, '293 SBS-HMN': 7, '293 SBS-LGP-KLN': 4, '330 SBS-ABISRO': 2, '301-D': 18, '301-G': 17, '303-G': 29, '302-G': 19, '293G SBS-BMT48': 16, '293F KMT-BMT48': 6, '293S KBS-BMT48': 6, 'ARMY-3': 3, 'D10G-BMES': 1, '293 BMT10-ARMY': 2, '295-KMT-D48': 2, '300-H  KBS-ITICG': 3, '294-C BMT48-MGMS': 1, 'CRISTAL-3': 1, 'G11-BMT48-MGMS': 2, '294-D': 12, '290-E ITCF-YHKOT': 0, '500-A CSB-SJHSU': 3, '293-S KBS-HNS': 2, 'HALM-SBS-BMES': 1, 'SVM-SBS-BMES': 1, '301-A': 12, 'AMRY-2': 4}"
Coles Road,12.99632578,77.61236246,1517,29159210,"{'250-AA': 10, 'SBS-BTM-MDL': 1, '161-D': 24, '301-E': 39, '365-D': 26, '365-B': 6, '365-E': 17, 'KBS-BDC-D34G': 11, '300-E': 55, '300-D': 37, 'BCS-BMSITY': 1, 'KBS-RMS': 2, 'MGRM-BNP': 2, '370-B': 6, 'V-365': 26, 'V-365J': 21, '368-D': 11, '369-F': 11, '369-G': 10, '300-H': 48, '302-C': 11, 'MYH-UBL': 1, 'TTC-UBL': 1, '369-E': 36, '302-J': 29, '300-B': 29, '302-GA': 19, '303-F': 21, '79-K': 13, '300-DA': 15, '300-T': 11, '300-A': 14, 'KBS-BSP-HMA': 1, 'SBS-BSP-HMA': 3, '365-F': 4, '365-N': 19, '365-Q': 16, '365-S': 6, '366-L': 10, '366-N': 16, '366-Q': 15, '366-QA': 8, '366-T': 12, '366-W': 13, '366-Z': 20, '366-F': 12, '366-KA': 8, '368-C': 6, 'KGR-BEML5': 21, '372-F': 9, '372-A': 7, '372-B': 9, '372-E': 7, '372-J': 7, '301-F': 6, 'SBS-JNN': 3, '300-P': 46, '365-J': 44, 'D10G-KMH-SBS': 2, '300-E SBS-KTMLRG': 2, '366-R': 14, 'KBS-CNP': 2, 'SBS-JDVH': 1, '300-C': 19, 'SBS-BPS-KLK': 2, 'VSD-BSP-KLK': 1, 'BGR-JAPC': 5, 'KBS-BMD-DCH': 3, 'C-365': 17, '300-K': 13, 'SBS-DVC': 4, '375-GA': 5, '370-A': 10, 'KBS-UJND': 3, '370-E': 6, '302-N': 38, '369-K': 12, '367-B': 10, 'KBS-SSPL': 1, '276-AB BMT45-DBH': 1, '300-F': 17, 'G-4': 35, '302-F': 39, '366-ZA': 5, '303-E': 32, '302-B': 40, '302-E': 14, '303-C': 24, '372-M': 11, '372-MA': 9, 'KBS-SDSH': 1, 'SBS-SVPSH': 1, 'SBS-SVPSL': 2, 'KBS-GTG-BVH-KGP': 1, 'KBS-SVPSB': 1, '302-A': 20, '330 SBS-ABISRO': 2, '301-D': 18, '301-G': 17, '303-G': 29, '302-G': 19, '300-H  ITICG-KBS': 1, '300-H  KBS-ITICG': 3, '301-A': 12, '369-D': 31, '371-D': 9, '369-J': 12, '371-A': 8, 'AMRY-2': 4}"
CS-Imra Masjid Sunders Road,12.99600127,77.61135131,2,29159210,{'OASIS-1A': 2}
East Railway Station,13.00024247,77.61721795,0,29159210,{}
Frazer Town,13.00095911,77.61294625,1227,29159210,"{'327-C': 14, 'NGW-DPJN': 6, 'SBS-D10G': 31, '295-D': 21, 'KBS-D10G': 8, '293-P': 12, '296-V': 13, 'D10G-MRG': 2, '290-D': 19, 'G-11': 35, '296-C': 18, 'KLN-LGP-SBS': 14, '292-E': 12, 'D10G-SBS': 6, '292-C': 30, '401-M NLO-CLO': 1, '291-J': 26, 'MGMS-KLN': 2, '292-D': 17, '293-H': 19, '290-J': 0, '292-B': 12, '293-A': 16, 'SBS-KLN': 27, '290-J MSP-SBS': 0, '294-F': 9, '294-B': 0, '294-E': 18, '294-H': 26, '295-A': 14, '296-N': 17, '293-R': 13, '293-S': 32, '293-K': 13, '296-A': 17, '296-B': 19, '296-D': 26, '296-K': 4, '293-F': 11, 'SBS-HNS': 3, '293-J': 11, 'SBS-RYL': 2, '327-D': 5, '295-C': 34, '295-E': 12, '295-B': 15, '295-G': 17, '294-A': 11, '293-B': 11, '294-C SBS-JTN': 32, 'SBS-CHLS': 2, '296-T': 17, 'KBS-LGP-CHLS': 1, 'SGH-SBS': 2, 'G-11 SNBS-BLR': 1, 'D10G-NGVR-JJN': 1, 'KMT-BLS-YPB': 1, '293-G': 30, '215-NB': 12, 'D10G-SOPHIA': 1, 'BMESU-HBL': 4, '302-D': 35, 'KLNB-BKC': 1, '348-H': 12, 'PTH-SBS1': 4, 'KMT-CHLS': 0, 'KLNB-LGP-BSK': 3, '293-N': 15, '296-Q': 23, '302 SBS-KLN': 3, '80-F': 35, '302 VSD-KLN': 4, '293-C OASIS-KMT': 1, '296-F': 10, 'KLNB-LGP-KBS': 2, '293-C': 32, '293-D': 12, '293-M': 11, '293-L': 11, 'JGF-2': 3, 'KLN-JJN': 1, '314-N': 26, 'K-6': 41, 'MSP-ARMYK': 1, 'HMNL-SJHS': 1, 'BMES-SBS': 3, 'KLNB-LGP-SBSP': 1, 'KLNB-LGP-SSMT': 1, 'ITPL-2A': 2, 'SBS-SMHSL': 3, '293 KBS-SMHS': 2, 'SHS-10': 2, '296 SBS-BMESL': 1, 'BCGHS-9': 2, 'VNS-03': 3, 'SJHS-9': 1, '302 BMT10-SBS': 2, 'BELGS-46': 2, 'BTP-27A': 2, '293-E': 10, 'OASIS-2B': 2, 'WTP-JVH-KRP': 1, '295-D SBS-BMT10': 1, '290-F': 0, 'TR-4 NGV-MRBS': 2, 'GDWC-BGL': 1, '129 KBS-BNWRS': 1, 'MBS-2': 17, '293 SBS-HMN': 7, '293 SBS-LGP-KLN': 4, 'VCS-ORRCA-112 ULSL-ORRCA': 2, '293G SBS-BMT48': 16, '293F KMT-BMT48': 6, '293S KBS-BMT48': 6, 'D10G-BMES': 1, 'MBS2 PTH-MRHSPG': 1, '293 BMT10-ARMY': 2, '295-KMT-D48': 2, '294-C BMT48-MGMS': 1, 'CRISTAL-3': 1, 'G11-BMT48-MGMS': 2, '294-D': 12, '293-S KBS-HNS': 2, 'HALM-SBS-BMES': 1, 'SVM-SBS-BMES': 1}"
HP Petrol Bunk Coles Road,12.99663178,77.61175163,7,29159210,"{'SJHS-LGP-HBL': 3, 'ADT-9': 4}"
Mosque Road,13.00031693,77.61607925,530,29159210,"{'300-E': 55, '302-C': 11, '302-J': 29, '300-B': 29, '302-GA': 19, '303-F': 21, '300-T': 11, 'KBS-BSP-HMA': 1, 'SBS-BSP-HMA': 3, 'D10G-KMH-SBS': 2, '300-D': 37, '300-E SBS-KTMLRG': 2, '302-N': 38, '276-AB BMT45-DBH': 1, '300-F': 17, '302-F': 39, 'SJHS-LGP-HBL': 3, '303-E': 32, '302-B': 40, '302-E': 14, 'OASIS-4A': 3, 'OASIS-2A': 2, 'KBS-SDSH': 1, 'SOPHIYA-15': 2, 'SBS-SVPSH': 1, 'SBS-SVPSL': 2, 'SHS-10': 2, 'BMES-5': 3, 'BCGHS-18': 2, 'STJOHN-5': 2, 'CALLBUS-05': 1, 'BELGS-46': 2, 'KBS-SVPSB': 1, '302-A': 20, 'VCS-MEBP-12 BSK-MEBP': 1, '330 SBS-ABISRO': 2, '301-G': 17, '303-G': 29, '302-G': 19, 'D10G-BMES': 1, '300-H  ITICG-KBS': 1, '301-A': 12}"
Sindhi Colony,12.99556417,77.61664061,67,29159210,"{'250-AA': 10, '126-A': 33, 'TR-7': 9, '171-H MLO-KKSD': 1, '248-T': 13, '302 ARMYS-KLNB': 1}"
Byadarahalli Jayamahal,13.00116812,77.60973930,16,29159211,{'210-X': 16}
Coles Park Millers Road,12.99554851,77.60656584,1594,29159211,"{'SBS-AMC': 0, '210-X': 16, '327-C': 14, '290-EA': 0, '290-E SBS-PTH': 0, '291-N': 16, 'TR-4': 46, '290-EB KGR-YHK': 0, '253-A': 12, 'SBS-D10G': 31, '295-D': 21, 'KBS-D10G': 8, '290-M': 8, '293-P': 12, '296-V': 13, 'DPJN-JJN-NGW': 4, 'G-11': 35, '296-C': 18, '292-E': 12, '292-C': 30, '290-A': 28, '401-M NLO-CLO': 1, '290-H': 0, 'KBS-HNR-CHLS': 3, 'MGMS-KLN': 2, '292-D': 17, '293-H': 19, '290-RA': 5, '292-B': 12, 'SBS-KLN': 27, '290-R': 13, '294-F': 9, '294-B': 0, '294-E': 18, '294-H': 26, 'KBS-KLN': 6, '295-A': 14, '296-N': 17, '290-EB': 0, '293-R': 13, '293-S': 32, '293-K': 13, '296-A': 17, '296-B': 19, '296-D': 26, '296-K': 4, '293-F': 11, 'SBS-HNS': 3, '293-J': 11, 'SBS-RYL': 2, '327-D': 5, '295-C': 34, '295-E': 12, '295-B': 15, '290-QA': 18, '295-G': 17, '294-A': 11, '293-B': 11, '290-G': 0, '294-C SBS-JTN': 32, 'SBS-CHLS': 2, '296-T': 17, 'KBS-LGP-CHLS': 1, '290-Q': 14, 'G-11 SNBS-BLR': 1, 'TR-4A': 10, 'KMT-BLS-YPB': 1, '290-T': 11, '293-G': 30, '290-HA': 0, '215-NB': 12, 'BMESU-HBL': 4, '242-GA KBS-EWC': 2, '302-D': 35, '348-H': 12, 'SBS-SDH': 2, 'KMT-CHLS': 0, '291-D': 22, '293-N': 15, '296-Q': 23, '302 SBS-KLN': 3, '80-F': 35, '302 VSD-KLN': 4, '291-L': 3, 'KBS-BDSN': 4, '290-Z': 4, '290-P': 24, 'MBS-14': 10, 'SBS-JKR-ALSG-PTH': 1, '296-F': 10, 'CLO-RKH': 5, '291-K': 7, '293-C': 32, '291-A': 11, '291-E': 16, '293-D': 12, '293-M': 11, '296-M': 6, 'G-10': 0, '293-L': 11, '290 KBS-YLKOT': 2, '290-EY': 0, '314-N': 26, '290-KA KMT-PLG': 1, 'TR-4 JJN-PLG': 2, '290-QA NRG-RKHN': 1, '291-H': 21, '94E YPRTTMC-TRDBS': 1, 'SBS-SMHSL': 3, '293 KBS-SMHS': 2, '296 SBS-BMESL': 1, '290-E STJHS-YLKOT': 0, 'KBS-NGVRJ-VNS': 1, '293-E': 10, '295-D SBS-BMT10': 1, '290-N': 40, '317-K': 0, '241-CD': 11, 'TR-4 KMT-NGV': 1, 'GDWC-BGL': 1, '290-C': 63, '129 KBS-BNWRS': 1, '293 SBS-HMN': 7, '293 SBS-LGP-KLN': 4, '293G SBS-BMT48': 16, '293F KMT-BMT48': 6, '293S KBS-BMT48': 6, '290EY KMT-YHKOT': 0, '295-KMT-D48': 2, '294-D': 12, '290-E SBS-NGW-KLN': 0, '293-S KBS-HNS': 2, 'HALM-SBS-BMES': 1, 'SVM-SBS-BMES': 1, 'V-SBS-KNB': 1, 'BSK-KRP-ITI': 1, '348-F': 14, 'BMSIT-3': 1, '213-D': 6, 'SBS-RJP': 2, 'SBS-HTN': 1, '375-D': 80}"
Coles Road,12.99632578,77.61236246,1517,29159211,"{'250-AA': 10, 'SBS-BTM-MDL': 1, '161-D': 24, '301-E': 39, '365-D': 26, '365-B': 6, '365-E': 17, 'KBS-BDC-D34G': 11, '300-E': 55, '300-D': 37, 'BCS-BMSITY': 1, 'KBS-RMS': 2, 'MGRM-BNP': 2, '370-B': 6, 'V-365': 26, 'V-365J': 21, '368-D': 11, '369-F': 11, '369-G': 10, '300-H': 48, '302-C': 11, 'MYH-UBL': 1, 'TTC-UBL': 1, '369-E': 36, '302-J': 29, '300-B': 29, '302-GA': 19, '303-F': 21, '79-K': 13, '300-DA': 15, '300-T': 11, '300-A': 14, 'KBS-BSP-HMA': 1, 'SBS-BSP-HMA': 3, '365-F': 4, '365-N': 19, '365-Q': 16, '365-S': 6, '366-L': 10, '366-N': 16, '366-Q': 15, '366-QA': 8, '366-T': 12, '366-W': 13, '366-Z': 20, '366-F': 12, '366-KA': 8, '368-C': 6, 'KGR-BEML5': 21, '372-F': 9, '372-A': 7, '372-B': 9, '372-E': 7, '372-J': 7, '301-F': 6, 'SBS-JNN': 3, '300-P': 46, '365-J': 44, 'D10G-KMH-SBS': 2, '300-E SBS-KTMLRG': 2, '366-R': 14, 'KBS-CNP': 2, 'SBS-JDVH': 1, '300-C': 19, 'SBS-BPS-KLK': 2, 'VSD-BSP-KLK': 1, 'BGR-JAPC': 5, 'KBS-BMD-DCH': 3, 'C-365': 17, '300-K': 13, 'SBS-DVC': 4, '375-GA': 5, '370-A': 10, 'KBS-UJND': 3, '370-E': 6, '302-N': 38, '369-K': 12, '367-B': 10, 'KBS-SSPL': 1, '276-AB BMT45-DBH': 1, '300-F': 17, 'G-4': 35, '302-F': 39, '366-ZA': 5, '303-E': 32, '302-B': 40, '302-E': 14, '303-C': 24, '372-M': 11, '372-MA': 9, 'KBS-SDSH': 1, 'SBS-SVPSH': 1, 'SBS-SVPSL': 2, 'KBS-GTG-BVH-KGP': 1, 'KBS-SVPSB': 1, '302-A': 20, '330 SBS-ABISRO': 2, '301-D': 18, '301-G': 17, '303-G': 29, '302-G': 19, '300-H  ITICG-KBS': 1, '300-H  KBS-ITICG': 3, '301-A': 12, '369-D': 31, '371-D': 9, '369-J': 12, '371-A': 8, 'AMRY-2': 4}"
CS-Imra Masjid Sunders Road,12.99600127,77.61135131,2,29159211,{'OASIS-1A': 2}
Doddy Tannery Road,13.00257755,77.61206767,540,29159211,"{'SBS-AMC': 0, '290-EA': 0, '290-E SBS-PTH': 0, '291-N': 16, 'TR-4': 46, '290-EB KGR-YHK': 0, '253-A': 12, '290-M': 8, 'DPJN-JJN-NGW': 4, '290-A': 28, '290-H': 0, '290-RA': 5, '290-R': 13, '290-EB': 0, '290-QA': 18, '290-G': 0, '290-Q': 14, 'TR-4A': 10, '290-T': 11, '290-HA': 0, 'SBS-SDH': 2, '291-D': 22, '291-L': 3, '290-Z': 4, '290-P': 24, 'MBS-14': 10, 'SBS-JKR-ALSG-PTH': 1, 'CLO-RKH': 5, '291-K': 7, '291-A': 11, '291-E': 16, 'G-10': 0, '290 KBS-YLKOT': 2, '290-EY': 0, '290-KA KMT-PLG': 1, 'TR-4 JJN-PLG': 2, '290-QA NRG-RKHN': 1, '291-H': 21, '94E YPRTTMC-TRDBS': 1, '290-E STJHS-YLKOT': 0, 'KBS-NGVRJ-VNS': 1, '290-N': 40, '317-K': 0, '241-CD': 11, 'TR-4 KMT-NGV': 1, '290-C': 63, '290EY KMT-YHKOT': 0, '290-E SBS-NGW-KLN': 0, '290-E ITCF-YHKOT': 0, 'V-SBS-KNB': 1, 'BSK-KRP-ITI': 1, '348-F': 14, 'BMSIT-3': 1, '213-D': 6, 'SBS-RJP': 2, 'SBS-HTN': 1, '375-D': 80}"
Frazer Town,13.00095911,77.61294625,1227,29159211,"{'327-C': 14, 'NGW-DPJN': 6, 'SBS-D10G': 31, '295-D': 21, 'KBS-D10G': 8, '293-P': 12, '296-V': 13, 'D10G-MRG': 2, '290-D': 19, 'G-11': 35, '296-C': 18, 'KLN-LGP-SBS': 14, '292-E': 12, 'D10G-SBS': 6, '292-C': 30, '401-M NLO-CLO': 1, '291-J': 26, 'MGMS-KLN': 2, '292-D': 17, '293-H': 19, '290-J': 0, '292-B': 12, '293-A': 16, 'SBS-KLN': 27, '290-J MSP-SBS': 0, '294-F': 9, '294-B': 0, '294-E': 18, '294-H': 26, '295-A': 14, '296-N': 17, '293-R': 13, '293-S': 32, '293-K': 13, '296-A': 17, '296-B': 19, '296-D': 26, '296-K': 4, '293-F': 11, 'SBS-HNS': 3, '293-J': 11, 'SBS-RYL': 2, '327-D': 5, '295-C': 34, '295-E': 12, '295-B': 15, '295-G': 17, '294-A': 11, '293-B': 11, '294-C SBS-JTN': 32, 'SBS-CHLS': 2, '296-T': 17, 'KBS-LGP-CHLS': 1, 'SGH-SBS': 2, 'G-11 SNBS-BLR': 1, 'D10G-NGVR-JJN': 1, 'KMT-BLS-YPB': 1, '293-G': 30, '215-NB': 12, 'D10G-SOPHIA': 1, 'BMESU-HBL': 4, '302-D': 35, 'KLNB-BKC': 1, '348-H': 12, 'PTH-SBS1': 4, 'KMT-CHLS': 0, 'KLNB-LGP-BSK': 3, '293-N': 15, '296-Q': 23, '302 SBS-KLN': 3, '80-F': 35, '302 VSD-KLN': 4, '293-C OASIS-KMT': 1, '296-F': 10, 'KLNB-LGP-KBS': 2, '293-C': 32, '293-D': 12, '293-M': 11, '293-L': 11, 'JGF-2': 3, 'KLN-JJN': 1, '314-N': 26, 'K-6': 41, 'MSP-ARMYK': 1, 'HMNL-SJHS': 1, 'BMES-SBS': 3, 'KLNB-LGP-SBSP': 1, 'KLNB-LGP-SSMT': 1, 'ITPL-2A': 2, 'SBS-SMHSL': 3, '293 KBS-SMHS': 2, 'SHS-10': 2, '296 SBS-BMESL': 1, 'BCGHS-9': 2, 'VNS-03': 3, 'SJHS-9': 1, '302 BMT10-SBS': 2, 'BELGS-46': 2, 'BTP-27A': 2, '293-E': 10, 'OASIS-2B': 2, 'WTP-JVH-KRP': 1, '295-D SBS-BMT10': 1, '290-F': 0, 'TR-4 NGV-MRBS': 2, 'GDWC-BGL': 1, '129 KBS-BNWRS': 1, 'MBS-2': 17, '293 SBS-HMN': 7, '293 SBS-LGP-KLN': 4, 'VCS-ORRCA-112 ULSL-ORRCA': 2, '293G SBS-BMT48': 16, '293F KMT-BMT48': 6, '293S KBS-BMT48': 6, 'D10G-BMES': 1, 'MBS2 PTH-MRHSPG': 1, '293 BMT10-ARMY': 2, '295-KMT-D48': 2, '294-C BMT48-MGMS': 1, 'CRISTAL-3': 1, 'G11-BMT48-MGMS': 2, '294-D': 12, '293-S KBS-HNS': 2, 'HALM-SBS-BMES': 1, 'SVM-SBS-BMES': 1}"
Goodwill Womens College Hines Road,12.99659650,77.60917034,1,29159211,{'GDWC-BGL': 1}
HP Petrol Bunk Coles Road,12.99663178,77.61175163,7,29159211,"{'SJHS-LGP-HBL': 3, 'ADT-9': 4}"
Pottery Town,13.00243146,77.60914089,0,29159211,{}
Williams Town Park,12.99998422,77.60748558,2,29159211,"{'BELGS-35': 0, 'D24-TNF-WTP': 1, 'WTP-JVH-KRP': 1}"
Bamboo Bazaar,12.99219243,77.60414818,1909,29159212,"{'SBS-AMC': 0, '210-X': 16, '327-C': 14, '290-EA': 0, '290-E SBS-PTH': 0, '250-AA': 10, '291-N': 16, '301-E': 39, 'TR-4': 46, '290-EB YHK-KGR': 0, '290-EB KGR-YHK': 0, 'NGW-DPJN': 6, '302 VSD-KLN': 4, '253-A': 12, 'SBS-D10G': 31, '295-D': 21, 'KBS-D10G': 8, '290-M': 8, '293-P': 12, '296-V': 13, 'DPJN-JJN-NGW': 4, '290-D': 19, 'G-11': 35, '296-C': 18, 'KLN-LGP-SBS': 14, '292-E': 12, 'D10G-SBS': 6, '292-C': 30, '290-A': 28, '401-M NLO-CLO': 1, '290-H': 0, '291-J': 26, 'KBS-HNR-CHLS': 3, '303-F': 21, 'MGMS-KLN': 2, '292-D': 17, '293-H': 19, '290-J': 0, '290-RA': 5, '292-B': 12, '293-A': 16, '79-K': 13, 'SBS-KLN': 27, '290-R': 13, '290-J MSP-SBS': 0, '294-F': 9, '294-B': 0, '294-E': 18, '294-H': 26, '295-A': 14, '296-N': 17, '290-EB': 0, '293-R': 13, '293-S': 32, '293-K': 13, '296-A': 17, '296-B': 19, '296-D': 26, '296-K': 4, '293-F': 11, 'SBS-HNS': 3, '293-J': 11, 'SBS-RYL': 2, '327-D': 5, '295-C': 34, '295-E': 12, '295-B': 15, '290-QA': 18, '291-G': 20, '295-G': 17, '294-A': 11, '293-B': 11, '290-G': 0, '294-C SBS-JTN': 32, 'SBS-CHLS': 2, '296-T': 17, 'KBS-LGP-CHLS': 1, 'SGH-SBS': 2, '290-Q': 14, 'G-11 SNBS-BLR': 1, '301-F': 6, 'D10G-NGVR-JJN': 1, 'D10G-KMH-SBS': 2, 'TR-4A': 10, 'KMT-BLS-YPB': 1, '290-S': 13, '290-HA': 0, '215-NB': 12, 'D10G-SOPHIA': 1, '302-D': 35, '197 JBN-CLP-STP': 2, 'KLNB-BKC': 1, '348-H': 12, 'SBS-SDH': 2, 'PTH-SBS1': 4, 'KMT-CHLS': 0, '291-D': 22, 'KLNB-LGP-BSK': 3, '293-N': 15, '296-Q': 23, '302 SBS-KLN': 3, '80-F': 35, '291-L': 3, '293-C OASIS-KMT': 1, 'KBS-BDSN': 4, '290-P': 24, 'SBS-JKR-ALSG-PTH': 1, '296-F': 10, 'KLNB-LGP-KBS': 2, 'CLO-RKH': 5, '291-K': 7, '293-C': 32, '303-C': 24, '291-A': 11, '291-E': 16, '293-D': 12, '293-M': 11, '296-M': 6, '293-L': 11, '290 KBS-YLKOT': 2, '290-EY': 0, '291-R': 15, 'KLN-JJN': 1, '314-N': 26, 'K-6': 41, '290-KA KMT-PLG': 1, 'TR-4 JJN-PLG': 2, 'BMT10-NRG': 1, '290-QA NRG-RKHN': 1, 'HMNL-SJHS': 1, 'BMES-SBS': 3, '291-H': 21, 'KLNB-LGP-SBSP': 1, 'KLNB-LGP-SSMT': 1, '291-B': 2, '94E YPRTTMC-TRDBS': 1, 'SBS-SMHSL': 3, '293 KBS-SMHS': 2, '296 SBS-BMESL': 1, 'KBS-NGVRJ-VNS': 1, '302 BMT10-SBS': 2, '293-E': 10, '63 SBS-DPJN': 1, '295-D SBS-BMT10': 1, '290-F': 0, '290-N': 40, '317-K': 0, '241-CD': 11, 'TR-4 KMT-NGV': 1, '290-C': 63, '129 KBS-BNWRS': 1, 'MBS-2': 17, '293 SBS-HMN': 7, '293 SBS-LGP-KLN': 4, '293F KMT-BMT48': 6, '293S KBS-BMT48': 6, '290EY KMT-YHKOT': 0, '300-H  ITICG-KBS': 1, 'MBS2 PTH-MRHSPG': 1, '293 BMT10-ARMY': 2, '295-KMT-D48': 2, '294-C BMT48-MGMS': 1, 'G11-BMT48-MGMS': 2, '294-D': 12, '290-E SBS-NGW-KLN': 0, '293-S KBS-HNS': 2, 'HALM-SBS-BMES': 1, 'SVM-SBS-BMES': 1, 'V-SBS-KNB': 1, '290-E': 52, 'PTH-SBS': 3, 'AMRY-2': 4, 'BSK-KRP-ITI': 1, 'BMSIT-3': 1, '213-D': 6, 'SBS-RJP': 2, '375-D': 80}"
Byadarahalli Jayamahal,13.00116812,77.60973930,16,29159212,{'210-X': 16}
Coles Park Millers Road,12.99554851,77.60656584,1594,29159212,"{'SBS-AMC': 0, '210-X': 16, '327-C': 14, '290-EA': 0, '290-E SBS-PTH': 0, '291-N': 16, 'TR-4': 46, '290-EB KGR-YHK': 0, '253-A': 12, 'SBS-D10G': 31, '295-D': 21, 'KBS-D10G': 8, '290-M': 8, '293-P': 12, '296-V': 13, 'DPJN-JJN-NGW': 4, 'G-11': 35, '296-C': 18, '292-E': 12, '292-C': 30, '290-A': 28, '401-M NLO-CLO': 1, '290-H': 0, 'KBS-HNR-CHLS': 3, 'MGMS-KLN': 2, '292-D': 17, '293-H': 19, '290-RA': 5, '292-B': 12, 'SBS-KLN': 27, '290-R': 13, '294-F': 9, '294-B': 0, '294-E': 18, '294-H': 26, 'KBS-KLN': 6, '295-A': 14, '296-N': 17, '290-EB': 0, '293-R': 13, '293-S': 32, '293-K': 13, '296-A': 17, '296-B': 19, '296-D': 26, '296-K': 4, '293-F': 11, 'SBS-HNS': 3, '293-J': 11, 'SBS-RYL': 2, '327-D': 5, '295-C': 34, '295-E': 12, '295-B': 15, '290-QA': 18, '295-G': 17, '294-A': 11, '293-B': 11, '290-G': 0, '294-C SBS-JTN': 32, 'SBS-CHLS': 2, '296-T': 17, 'KBS-LGP-CHLS': 1, '290-Q': 14, 'G-11 SNBS-BLR': 1, 'TR-4A': 10, 'KMT-BLS-YPB': 1, '290-T': 11, '293-G': 30, '290-HA': 0, '215-NB': 12, 'BMESU-HBL': 4, '242-GA KBS-EWC': 2, '302-D': 35, '348-H': 12, 'SBS-SDH': 2, 'KMT-CHLS': 0, '291-D': 22, '293-N': 15, '296-Q': 23, '302 SBS-KLN': 3, '80-F': 35, '302 VSD-KLN': 4, '291-L': 3, 'KBS-BDSN': 4, '290-Z': 4, '290-P': 24, 'MBS-14': 10, 'SBS-JKR-ALSG-PTH': 1, '296-F': 10, 'CLO-RKH': 5, '291-K': 7, '293-C': 32, '291-A': 11, '291-E': 16, '293-D': 12, '293-M': 11, '296-M': 6, 'G-10': 0, '293-L': 11, '290 KBS-YLKOT': 2, '290-EY': 0, '314-N': 26, '290-KA KMT-PLG': 1, 'TR-4 JJN-PLG': 2, '290-QA NRG-RKHN': 1, '291-H': 21, '94E YPRTTMC-TRDBS': 1, 'SBS-SMHSL': 3, '293 KBS-SMHS': 2, '296 SBS-BMESL': 1, '290-E STJHS-YLKOT': 0, 'KBS-NGVRJ-VNS': 1, '293-E': 10, '295-D SBS-BMT10': 1, '290-N': 40, '317-K': 0, '241-CD': 11, 'TR-4 KMT-NGV': 1, 'GDWC-BGL': 1, '290-C': 63, '129 KBS-BNWRS': 1, '293 SBS-HMN': 7, '293 SBS-LGP-KLN': 4, '293G SBS-BMT48': 16, '293F KMT-BMT48': 6, '293S KBS-BMT48': 6, '290EY KMT-YHKOT': 0, '295-KMT-D48': 2, '294-D': 12, '290-E SBS-NGW-KLN': 0, '293-S KBS-HNS': 2, 'HALM-SBS-BMES': 1, 'SVM-SBS-BMES': 1, 'V-SBS-KNB': 1, 'BSK-KRP-ITI': 1, '348-F': 14, 'BMSIT-3': 1, '213-D': 6, 'SBS-RJP': 2, 'SBS-HTN': 1, '375-D': 80}"
Coles Road,12.99632578,77.61236246,1517,29159212,"{'250-AA': 10, 'SBS-BTM-MDL': 1, '161-D': 24, '301-E': 39, '365-D': 26, '365-B': 6, '365-E': 17, 'KBS-BDC-D34G': 11, '300-E': 55, '300-D': 37, 'BCS-BMSITY': 1, 'KBS-RMS': 2, 'MGRM-BNP': 2, '370-B': 6, 'V-365': 26, 'V-365J': 21, '368-D': 11, '369-F': 11, '369-G': 10, '300-H': 48, '302-C': 11, 'MYH-UBL': 1, 'TTC-UBL': 1, '369-E': 36, '302-J': 29, '300-B': 29, '302-GA': 19, '303-F': 21, '79-K': 13, '300-DA': 15, '300-T': 11, '300-A': 14, 'KBS-BSP-HMA': 1, 'SBS-BSP-HMA': 3, '365-F': 4, '365-N': 19, '365-Q': 16, '365-S': 6, '366-L': 10, '366-N': 16, '366-Q': 15, '366-QA': 8, '366-T': 12, '366-W': 13, '366-Z': 20, '366-F': 12, '366-KA': 8, '368-C': 6, 'KGR-BEML5': 21, '372-F': 9, '372-A': 7, '372-B': 9, '372-E': 7, '372-J': 7, '301-F': 6, 'SBS-JNN': 3, '300-P': 46, '365-J': 44, 'D10G-KMH-SBS': 2, '300-E SBS-KTMLRG': 2, '366-R': 14, 'KBS-CNP': 2, 'SBS-JDVH': 1, '300-C': 19, 'SBS-BPS-KLK': 2, 'VSD-BSP-KLK': 1, 'BGR-JAPC': 5, 'KBS-BMD-DCH': 3, 'C-365': 17, '300-K': 13, 'SBS-DVC': 4, '375-GA': 5, '370-A': 10, 'KBS-UJND': 3, '370-E': 6, '302-N': 38, '369-K': 12, '367-B': 10, 'KBS-SSPL': 1, '276-AB BMT45-DBH': 1, '300-F': 17, 'G-4': 35, '302-F': 39, '366-ZA': 5, '303-E': 32, '302-B': 40, '302-E': 14, '303-C': 24, '372-M': 11, '372-MA': 9, 'KBS-SDSH': 1, 'SBS-SVPSH': 1, 'SBS-SVPSL': 2, 'KBS-GTG-BVH-KGP': 1, 'KBS-SVPSB': 1, '302-A': 20, '330 SBS-ABISRO': 2, '301-D': 18, '301-G': 17, '303-G': 29, '302-G': 19, '300-H  ITICG-KBS': 1, '300-H  KBS-ITICG': 3, '301-A': 12, '369-D': 31, '371-D': 9, '369-J': 12, '371-A': 8, 'AMRY-2': 4}"
CS-Imra Masjid Sunders Road,12.99600127,77.61135131,2,29159212,{'OASIS-1A': 2}
Goodwill Womens College Hines Road,12.99659650,77.60917034,1,29159212,{'GDWC-BGL': 1}
HP Petrol Bunk Coles Road,12.99663178,77.61175163,7,29159212,"{'SJHS-LGP-HBL': 3, 'ADT-9': 4}"
Millers Road,12.99535051,77.60299891,20,29159212,"{'STJHS-HBLB': 2, 'KIAS-4': 9, 'KIAS-4A': 9}"
Pottery Town,13.00243146,77.60914089,0,29159212,{}
Williams Town Park,12.99998422,77.60748558,2,29159212,"{'BELGS-35': 0, 'D24-TNF-WTP': 1, 'WTP-JVH-KRP': 1}"
YMC Nandhidurga Road,12.99588429,77.60195152,100,29159212,"{'266-N': 12, 'D10G-MRG': 2, '114-A': 63, '342-U': 6, 'D06G-STP': 2, '119-B': 15}"
Byadarahalli Jayamahal,13.00116812,77.60973930,16,29159213,{'210-X': 16}
Coles Park Millers Road,12.99554851,77.60656584,1594,29159213,"{'SBS-AMC': 0, '210-X': 16, '327-C': 14, '290-EA': 0, '290-E SBS-PTH': 0, '291-N': 16, 'TR-4': 46, '290-EB KGR-YHK': 0, '253-A': 12, 'SBS-D10G': 31, '295-D': 21, 'KBS-D10G': 8, '290-M': 8, '293-P': 12, '296-V': 13, 'DPJN-JJN-NGW': 4, 'G-11': 35, '296-C': 18, '292-E': 12, '292-C': 30, '290-A': 28, '401-M NLO-CLO': 1, '290-H': 0, 'KBS-HNR-CHLS': 3, 'MGMS-KLN': 2, '292-D': 17, '293-H': 19, '290-RA': 5, '292-B': 12, 'SBS-KLN': 27, '290-R': 13, '294-F': 9, '294-B': 0, '294-E': 18, '294-H': 26, 'KBS-KLN': 6, '295-A': 14, '296-N': 17, '290-EB': 0, '293-R': 13, '293-S': 32, '293-K': 13, '296-A': 17, '296-B': 19, '296-D': 26, '296-K': 4, '293-F': 11, 'SBS-HNS': 3, '293-J': 11, 'SBS-RYL': 2, '327-D': 5, '295-C': 34, '295-E': 12, '295-B': 15, '290-QA': 18, '295-G': 17, '294-A': 11, '293-B': 11, '290-G': 0, '294-C SBS-JTN': 32, 'SBS-CHLS': 2, '296-T': 17, 'KBS-LGP-CHLS': 1, '290-Q': 14, 'G-11 SNBS-BLR': 1, 'TR-4A': 10, 'KMT-BLS-YPB': 1, '290-T': 11, '293-G': 30, '290-HA': 0, '215-NB': 12, 'BMESU-HBL': 4, '242-GA KBS-EWC': 2, '302-D': 35, '348-H': 12, 'SBS-SDH': 2, 'KMT-CHLS': 0, '291-D': 22, '293-N': 15, '296-Q': 23, '302 SBS-KLN': 3, '80-F': 35, '302 VSD-KLN': 4, '291-L': 3, 'KBS-BDSN': 4, '290-Z': 4, '290-P': 24, 'MBS-14': 10, 'SBS-JKR-ALSG-PTH': 1, '296-F': 10, 'CLO-RKH': 5, '291-K': 7, '293-C': 32, '291-A': 11, '291-E': 16, '293-D': 12, '293-M': 11, '296-M': 6, 'G-10': 0, '293-L': 11, '290 KBS-YLKOT': 2, '290-EY': 0, '314-N': 26, '290-KA KMT-PLG': 1, 'TR-4 JJN-PLG': 2, '290-QA NRG-RKHN': 1, '291-H': 21, '94E YPRTTMC-TRDBS': 1, 'SBS-SMHSL': 3, '293 KBS-SMHS': 2, '296 SBS-BMESL': 1, '290-E STJHS-YLKOT': 0, 'KBS-NGVRJ-VNS': 1, '293-E': 10, '295-D SBS-BMT10': 1, '290-N': 40, '317-K': 0, '241-CD': 11, 'TR-4 KMT-NGV': 1, 'GDWC-BGL': 1, '290-C': 63, '129 KBS-BNWRS': 1, '293 SBS-HMN': 7, '293 SBS-LGP-KLN': 4, '293G SBS-BMT48': 16, '293F KMT-BMT48': 6, '293S KBS-BMT48': 6, '290EY KMT-YHKOT': 0, '295-KMT-D48': 2, '294-D': 12, '290-E SBS-NGW-KLN': 0, '293-S KBS-HNS': 2, 'HALM-SBS-BMES': 1, 'SVM-SBS-BMES': 1, 'V-SBS-KNB': 1, 'BSK-KRP-ITI': 1, '348-F': 14, 'BMSIT-3': 1, '213-D': 6, 'SBS-RJP': 2, 'SBS-HTN': 1, '375-D': 80}"
Coles Road,12.99632578,77.61236246,1517,29159213,"{'250-AA': 10, 'SBS-BTM-MDL': 1, '161-D': 24, '301-E': 39, '365-D': 26, '365-B': 6, '365-E': 17, 'KBS-BDC-D34G': 11, '300-E': 55, '300-D': 37, 'BCS-BMSITY': 1, 'KBS-RMS': 2, 'MGRM-BNP': 2, '370-B': 6, 'V-365': 26, 'V-365J': 21, '368-D': 11, '369-F': 11, '369-G': 10, '300-H': 48, '302-C': 11, 'MYH-UBL': 1, 'TTC-UBL': 1, '369-E': 36, '302-J': 29, '300-B': 29, '302-GA': 19, '303-F': 21, '79-K': 13, '300-DA': 15, '300-T': 11, '300-A': 14, 'KBS-BSP-HMA': 1, 'SBS-BSP-HMA': 3, '365-F': 4, '365-N': 19, '365-Q': 16, '365-S': 6, '366-L': 10, '366-N': 16, '366-Q': 15, '366-QA': 8, '366-T': 12, '366-W': 13, '366-Z': 20, '366-F': 12, '366-KA': 8, '368-C': 6, 'KGR-BEML5': 21, '372-F': 9, '372-A': 7, '372-B': 9, '372-E': 7, '372-J': 7, '301-F': 6, 'SBS-JNN': 3, '300-P': 46, '365-J': 44, 'D10G-KMH-SBS': 2, '300-E SBS-KTMLRG': 2, '366-R': 14, 'KBS-CNP': 2, 'SBS-JDVH': 1, '300-C': 19, 'SBS-BPS-KLK': 2, 'VSD-BSP-KLK': 1, 'BGR-JAPC': 5, 'KBS-BMD-DCH': 3, 'C-365': 17, '300-K': 13, 'SBS-DVC': 4, '375-GA': 5, '370-A': 10, 'KBS-UJND': 3, '370-E': 6, '302-N': 38, '369-K': 12, '367-B': 10, 'KBS-SSPL': 1, '276-AB BMT45-DBH': 1, '300-F': 17, 'G-4': 35, '302-F': 39, '366-ZA': 5, '303-E': 32, '302-B': 40, '302-E': 14, '303-C': 24, '372-M': 11, '372-MA': 9, 'KBS-SDSH': 1, 'SBS-SVPSH': 1, 'SBS-SVPSL': 2, 'KBS-GTG-BVH-KGP': 1, 'KBS-SVPSB': 1, '302-A': 20, '330 SBS-ABISRO': 2, '301-D': 18, '301-G': 17, '303-G': 29, '302-G': 19, '300-H  ITICG-KBS': 1, '300-H  KBS-ITICG': 3, '301-A': 12, '369-D': 31, '371-D': 9, '369-J': 12, '371-A': 8, 'AMRY-2': 4}"
CS-Imra Masjid Sunders Road,12.99600127,77.61135131,2,29159213,{'OASIS-1A': 2}
Doddy Tannery Road,13.00257755,77.61206767,540,29159213,"{'SBS-AMC': 0, '290-EA': 0, '290-E SBS-PTH': 0, '291-N': 16, 'TR-4': 46, '290-EB KGR-YHK': 0, '253-A': 12, '290-M': 8, 'DPJN-JJN-NGW': 4, '290-A': 28, '290-H': 0, '290-RA': 5, '290-R': 13, '290-EB': 0, '290-QA': 18, '290-G': 0, '290-Q': 14, 'TR-4A': 10, '290-T': 11, '290-HA': 0, 'SBS-SDH': 2, '291-D': 22, '291-L': 3, '290-Z': 4, '290-P': 24, 'MBS-14': 10, 'SBS-JKR-ALSG-PTH': 1, 'CLO-RKH': 5, '291-K': 7, '291-A': 11, '291-E': 16, 'G-10': 0, '290 KBS-YLKOT': 2, '290-EY': 0, '290-KA KMT-PLG': 1, 'TR-4 JJN-PLG': 2, '290-QA NRG-RKHN': 1, '291-H': 21, '94E YPRTTMC-TRDBS': 1, '290-E STJHS-YLKOT': 0, 'KBS-NGVRJ-VNS': 1, '290-N': 40, '317-K': 0, '241-CD': 11, 'TR-4 KMT-NGV': 1, '290-C': 63, '290EY KMT-YHKOT': 0, '290-E SBS-NGW-KLN': 0, '290-E ITCF-YHKOT': 0, 'V-SBS-KNB': 1, 'BSK-KRP-ITI': 1, '348-F': 14, 'BMSIT-3': 1, '213-D': 6, 'SBS-RJP': 2, 'SBS-HTN': 1, '375-D': 80}"
Frazer Town,13.00095911,77.61294625,1227,29159213,"{'327-C': 14, 'NGW-DPJN': 6, 'SBS-D10G': 31, '295-D': 21, 'KBS-D10G': 8, '293-P': 12, '296-V': 13, 'D10G-MRG': 2, '290-D': 19, 'G-11': 35, '296-C': 18, 'KLN-LGP-SBS': 14, '292-E': 12, 'D10G-SBS': 6, '292-C': 30, '401-M NLO-CLO': 1, '291-J': 26, 'MGMS-KLN': 2, '292-D': 17, '293-H': 19, '290-J': 0, '292-B': 12, '293-A': 16, 'SBS-KLN': 27, '290-J MSP-SBS': 0, '294-F': 9, '294-B': 0, '294-E': 18, '294-H': 26, '295-A': 14, '296-N': 17, '293-R': 13, '293-S': 32, '293-K': 13, '296-A': 17, '296-B': 19, '296-D': 26, '296-K': 4, '293-F': 11, 'SBS-HNS': 3, '293-J': 11, 'SBS-RYL': 2, '327-D': 5, '295-C': 34, '295-E': 12, '295-B': 15, '295-G': 17, '294-A': 11, '293-B': 11, '294-C SBS-JTN': 32, 'SBS-CHLS': 2, '296-T': 17, 'KBS-LGP-CHLS': 1, 'SGH-SBS': 2, 'G-11 SNBS-BLR': 1, 'D10G-NGVR-JJN': 1, 'KMT-BLS-YPB': 1, '293-G': 30, '215-NB': 12, 'D10G-SOPHIA': 1, 'BMESU-HBL': 4, '302-D': 35, 'KLNB-BKC': 1, '348-H': 12, 'PTH-SBS1': 4, 'KMT-CHLS': 0, 'KLNB-LGP-BSK': 3, '293-N': 15, '296-Q': 23, '302 SBS-KLN': 3, '80-F': 35, '302 VSD-KLN': 4, '293-C OASIS-KMT': 1, '296-F': 10, 'KLNB-LGP-KBS': 2, '293-C': 32, '293-D': 12, '293-M': 11, '293-L': 11, 'JGF-2': 3, 'KLN-JJN': 1, '314-N': 26, 'K-6': 41, 'MSP-ARMYK': 1, 'HMNL-SJHS': 1, 'BMES-SBS': 3, 'KLNB-LGP-SBSP': 1, 'KLNB-LGP-SSMT': 1, 'ITPL-2A': 2, 'SBS-SMHSL': 3, '293 KBS-SMHS': 2, 'SHS-10': 2, '296 SBS-BMESL': 1, 'BCGHS-9': 2, 'VNS-03': 3, 'SJHS-9': 1, '302 BMT10-SBS': 2, 'BELGS-46': 2, 'BTP-27A': 2, '293-E': 10, 'OASIS-2B': 2, 'WTP-JVH-KRP': 1, '295-D SBS-BMT10': 1, '290-F': 0, 'TR-4 NGV-MRBS': 2, 'GDWC-BGL': 1, '129 KBS-BNWRS': 1, 'MBS-2': 17, '293 SBS-HMN': 7, '293 SBS-LGP-KLN': 4, 'VCS-ORRCA-112 ULSL-ORRCA': 2, '293G SBS-BMT48': 16, '293F KMT-BMT48': 6, '293S KBS-BMT48': 6, 'D10G-BMES': 1, 'MBS2 PTH-MRHSPG': 1, '293 BMT10-ARMY': 2, '295-KMT-D48': 2, '294-C BMT48-MGMS': 1, 'CRISTAL-3': 1, 'G11-BMT48-MGMS': 2, '294-D': 12, '293-S KBS-HNS': 2, 'HALM-SBS-BMES': 1, 'SVM-SBS-BMES': 1}"
Goodwill Womens College Hines Road,12.99659650,77.60917034,1,29159213,{'GDWC-BGL': 1}
HP Petrol Bunk Coles Road,12.99663178,77.61175163,7,29159213,"{'SJHS-LGP-HBL': 3, 'ADT-9': 4}"
Pottery Town,13.00243146,77.60914089,0,29159213,{}
Williams Town Park,12.99998422,77.60748558,2,29159213,"{'BELGS-35': 0, 'D24-TNF-WTP': 1, 'WTP-JVH-KRP': 1}"
Coles Park Millers Road,12.99554851,77.60656584,1594,29159214,"{'SBS-AMC': 0, '210-X': 16, '327-C': 14, '290-EA': 0, '290-E SBS-PTH': 0, '291-N': 16, 'TR-4': 46, '290-EB KGR-YHK': 0, '253-A': 12, 'SBS-D10G': 31, '295-D': 21, 'KBS-D10G': 8, '290-M': 8, '293-P': 12, '296-V': 13, 'DPJN-JJN-NGW': 4, 'G-11': 35, '296-C': 18, '292-E': 12, '292-C': 30, '290-A': 28, '401-M NLO-CLO': 1, '290-H': 0, 'KBS-HNR-CHLS': 3, 'MGMS-KLN': 2, '292-D': 17, '293-H': 19, '290-RA': 5, '292-B': 12, 'SBS-KLN': 27, '290-R': 13, '294-F': 9, '294-B': 0, '294-E': 18, '294-H': 26, 'KBS-KLN': 6, '295-A': 14, '296-N': 17, '290-EB': 0, '293-R': 13, '293-S': 32, '293-K': 13, '296-A': 17, '296-B': 19, '296-D': 26, '296-K': 4, '293-F': 11, 'SBS-HNS': 3, '293-J': 11, 'SBS-RYL': 2, '327-D': 5, '295-C': 34, '295-E': 12, '295-B': 15, '290-QA': 18, '295-G': 17, '294-A': 11, '293-B': 11, '290-G': 0, '294-C SBS-JTN': 32, 'SBS-CHLS': 2, '296-T': 17, 'KBS-LGP-CHLS': 1, '290-Q': 14, 'G-11 SNBS-BLR': 1, 'TR-4A': 10, 'KMT-BLS-YPB': 1, '290-T': 11, '293-G': 30, '290-HA': 0, '215-NB': 12, 'BMESU-HBL': 4, '242-GA KBS-EWC': 2, '302-D': 35, '348-H': 12, 'SBS-SDH': 2, 'KMT-CHLS': 0, '291-D': 22, '293-N': 15, '296-Q': 23, '302 SBS-KLN': 3, '80-F': 35, '302 VSD-KLN': 4, '291-L': 3, 'KBS-BDSN': 4, '290-Z': 4, '290-P': 24, 'MBS-14': 10, 'SBS-JKR-ALSG-PTH': 1, '296-F': 10, 'CLO-RKH': 5, '291-K': 7, '293-C': 32, '291-A': 11, '291-E': 16, '293-D': 12, '293-M': 11, '296-M': 6, 'G-10': 0, '293-L': 11, '290 KBS-YLKOT': 2, '290-EY': 0, '314-N': 26, '290-KA KMT-PLG': 1, 'TR-4 JJN-PLG': 2, '290-QA NRG-RKHN': 1, '291-H': 21, '94E YPRTTMC-TRDBS': 1, 'SBS-SMHSL': 3, '293 KBS-SMHS': 2, '296 SBS-BMESL': 1, '290-E STJHS-YLKOT': 0, 'KBS-NGVRJ-VNS': 1, '293-E': 10, '295-D SBS-BMT10': 1, '290-N': 40, '317-K': 0, '241-CD': 11, 'TR-4 KMT-NGV': 1, 'GDWC-BGL': 1, '290-C': 63, '129 KBS-BNWRS': 1, '293 SBS-HMN': 7, '293 SBS-LGP-KLN': 4, '293G SBS-BMT48': 16, '293F KMT-BMT48': 6, '293S KBS-BMT48': 6, '290EY KMT-YHKOT': 0, '295-KMT-D48': 2, '294-D': 12, '290-E SBS-NGW-KLN': 0, '293-S KBS-HNS': 2, 'HALM-SBS-BMES': 1, 'SVM-SBS-BMES': 1, 'V-SBS-KNB': 1, 'BSK-KRP-ITI': 1, '348-F': 14, 'BMSIT-3': 1, '213-D': 6, 'SBS-RJP': 2, 'SBS-HTN': 1, '375-D': 80}"
Coles Road,12.99632578,77.61236246,1517,29159214,"{'250-AA': 10, 'SBS-BTM-MDL': 1, '161-D': 24, '301-E': 39, '365-D': 26, '365-B': 6, '365-E': 17, 'KBS-BDC-D34G': 11, '300-E': 55, '300-D': 37, 'BCS-BMSITY': 1, 'KBS-RMS': 2, 'MGRM-BNP': 2, '370-B': 6, 'V-365': 26, 'V-365J': 21, '368-D': 11, '369-F': 11, '369-G': 10, '300-H': 48, '302-C': 11, 'MYH-UBL': 1, 'TTC-UBL': 1, '369-E': 36, '302-J': 29, '300-B': 29, '302-GA': 19, '303-F': 21, '79-K': 13, '300-DA': 15, '300-T': 11, '300-A': 14, 'KBS-BSP-HMA': 1, 'SBS-BSP-HMA': 3, '365-F': 4, '365-N': 19, '365-Q': 16, '365-S': 6, '366-L': 10, '366-N': 16, '366-Q': 15, '366-QA': 8, '366-T': 12, '366-W': 13, '366-Z': 20, '366-F': 12, '366-KA': 8, '368-C': 6, 'KGR-BEML5': 21, '372-F': 9, '372-A': 7, '372-B': 9, '372-E': 7, '372-J': 7, '301-F': 6, 'SBS-JNN': 3, '300-P': 46, '365-J': 44, 'D10G-KMH-SBS': 2, '300-E SBS-KTMLRG': 2, '366-R': 14, 'KBS-CNP': 2, 'SBS-JDVH': 1, '300-C': 19, 'SBS-BPS-KLK': 2, 'VSD-BSP-KLK': 1, 'BGR-JAPC': 5, 'KBS-BMD-DCH': 3, 'C-365': 17, '300-K': 13, 'SBS-DVC': 4, '375-GA': 5, '370-A': 10, 'KBS-UJND': 3, '370-E': 6, '302-N': 38, '369-K': 12, '367-B': 10, 'KBS-SSPL': 1, '276-AB BMT45-DBH': 1, '300-F': 17, 'G-4': 35, '302-F': 39, '366-ZA': 5, '303-E': 32, '302-B': 40, '302-E': 14, '303-C': 24, '372-M': 11, '372-MA': 9, 'KBS-SDSH': 1, 'SBS-SVPSH': 1, 'SBS-SVPSL': 2, 'KBS-GTG-BVH-KGP': 1, 'KBS-SVPSB': 1, '302-A': 20, '330 SBS-ABISRO': 2, '301-D': 18, '301-G': 17, '303-G': 29, '302-G': 19, '300-H  ITICG-KBS': 1, '300-H  KBS-ITICG': 3, '301-A': 12, '369-D': 31, '371-D': 9, '369-J': 12, '371-A': 8, 'AMRY-2': 4}"
CS-Imra Masjid Sunders Road,12.99600127,77.61135131,2,29159214,{'OASIS-1A': 2}
Frazer Town,13.00095911,77.61294625,1227,29159214,"{'327-C': 14, 'NGW-DPJN': 6, 'SBS-D10G': 31, '295-D': 21, 'KBS-D10G': 8, '293-P': 12, '296-V': 13, 'D10G-MRG': 2, '290-D': 19, 'G-11': 35, '296-C': 18, 'KLN-LGP-SBS': 14, '292-E': 12, 'D10G-SBS': 6, '292-C': 30, '401-M NLO-CLO': 1, '291-J': 26, 'MGMS-KLN': 2, '292-D': 17, '293-H': 19, '290-J': 0, '292-B': 12, '293-A': 16, 'SBS-KLN': 27, '290-J MSP-SBS': 0, '294-F': 9, '294-B': 0, '294-E': 18, '294-H': 26, '295-A': 14, '296-N': 17, '293-R': 13, '293-S': 32, '293-K': 13, '296-A': 17, '296-B': 19, '296-D': 26, '296-K': 4, '293-F': 11, 'SBS-HNS': 3, '293-J': 11, 'SBS-RYL': 2, '327-D': 5, '295-C': 34, '295-E': 12, '295-B': 15, '295-G': 17, '294-A': 11, '293-B': 11, '294-C SBS-JTN': 32, 'SBS-CHLS': 2, '296-T': 17, 'KBS-LGP-CHLS': 1, 'SGH-SBS': 2, 'G-11 SNBS-BLR': 1, 'D10G-NGVR-JJN': 1, 'KMT-BLS-YPB': 1, '293-G': 30, '215-NB': 12, 'D10G-SOPHIA': 1, 'BMESU-HBL': 4, '302-D': 35, 'KLNB-BKC': 1, '348-H': 12, 'PTH-SBS1': 4, 'KMT-CHLS': 0, 'KLNB-LGP-BSK': 3, '293-N': 15, '296-Q': 23, '302 SBS-KLN': 3, '80-F': 35, '302 VSD-KLN': 4, '293-C OASIS-KMT': 1, '296-F': 10, 'KLNB-LGP-KBS': 2, '293-C': 32, '293-D': 12, '293-M': 11, '293-L': 11, 'JGF-2': 3, 'KLN-JJN': 1, '314-N': 26, 'K-6': 41, 'MSP-ARMYK': 1, 'HMNL-SJHS': 1, 'BMES-SBS': 3, 'KLNB-LGP-SBSP': 1, 'KLNB-LGP-SSMT': 1, 'ITPL-2A': 2, 'SBS-SMHSL': 3, '293 KBS-SMHS': 2, 'SHS-10': 2, '296 SBS-BMESL': 1, 'BCGHS-9': 2, 'VNS-03': 3, 'SJHS-9': 1, '302 BMT10-SBS': 2, 'BELGS-46': 2, 'BTP-27A': 2, '293-E': 10, 'OASIS-2B': 2, 'WTP-JVH-KRP': 1, '295-D SBS-BMT10': 1, '290-F': 0, 'TR-4 NGV-MRBS': 2, 'GDWC-BGL': 1, '129 KBS-BNWRS': 1, 'MBS-2': 17, '293 SBS-HMN': 7, '293 SBS-LGP-KLN': 4, 'VCS-ORRCA-112 ULSL-ORRCA': 2, '293G SBS-BMT48': 16, '293F KMT-BMT48': 6, '293S KBS-BMT48': 6, 'D10G-BMES': 1, 'MBS2 PTH-MRHSPG': 1, '293 BMT10-ARMY': 2, '295-KMT-D48': 2, '294-C BMT48-MGMS': 1, 'CRISTAL-3': 1, 'G11-BMT48-MGMS': 2, '294-D': 12, '293-S KBS-HNS': 2, 'HALM-SBS-BMES': 1, 'SVM-SBS-BMES': 1}"
Goodwill Womens College Hines Road,12.99659650,77.60917034,1,29159214,{'GDWC-BGL': 1}
HP Petrol Bunk Coles Road,12.99663178,77.61175163,7,29159214,"{'SJHS-LGP-HBL': 3, 'ADT-9': 4}"
Sindhi Colony,12.99556417,77.61664061,67,29159214,"{'250-AA': 10, '126-A': 33, 'TR-7': 9, '171-H MLO-KKSD': 1, '248-T': 13, '302 ARMYS-KLNB': 1}"
St Johns School Thamos Cafe,12.99164776,77.61149079,7,29159214,"{'STJHS-HBLB': 2, 'MRHB-STJHS': 2, '290-E STJHS-YLKOT': 0, '500-A CSB-SJHSU': 3}"
Thomas Bakery,12.99115299,77.61423039,60,29159214,"{'126-A': 33, 'TR-7': 9, '171-H MLO-KKSD': 1, '302 VSD-KLN': 4, '248-T': 13}"
Thomas Cafe,12.99069319,77.61358827,24,29159214,"{'BMESU-HBL': 4, 'CAPGPS-7': 2, 'AMRY-2': 4, 'MSP-ARMYK': 1, 'SOPHIY-8': 2, 'BMES-5': 3, 'BCGHS-18': 2, 'BGHS-6': 2, 'MRHB-STJHS': 2, 'VCS-JFWTC-12 DPT-JFWTC': 1, 'D10G-BMES': 1}"
Coles Road,12.99632578,77.61236246,1517,29159215,"{'250-AA': 10, 'SBS-BTM-MDL': 1, '161-D': 24, '301-E': 39, '365-D': 26, '365-B': 6, '365-E': 17, 'KBS-BDC-D34G': 11, '300-E': 55, '300-D': 37, 'BCS-BMSITY': 1, 'KBS-RMS': 2, 'MGRM-BNP': 2, '370-B': 6, 'V-365': 26, 'V-365J': 21, '368-D': 11, '369-F': 11, '369-G': 10, '300-H': 48, '302-C': 11, 'MYH-UBL': 1, 'TTC-UBL': 1, '369-E': 36, '302-J': 29, '300-B': 29, '302-GA': 19, '303-F': 21, '79-K': 13, '300-DA': 15, '300-T': 11, '300-A': 14, 'KBS-BSP-HMA': 1, 'SBS-BSP-HMA': 3, '365-F': 4, '365-N': 19, '365-Q': 16, '365-S': 6, '366-L': 10, '366-N': 16, '366-Q': 15, '366-QA': 8, '366-T': 12, '366-W': 13, '366-Z': 20, '366-F': 12, '366-KA': 8, '368-C': 6, 'KGR-BEML5': 21, '372-F': 9, '372-A': 7, '372-B': 9, '372-E': 7, '372-J': 7, '301-F': 6, 'SBS-JNN': 3, '300-P': 46, '365-J': 44, 'D10G-KMH-SBS': 2, '300-E SBS-KTMLRG': 2, '366-R': 14, 'KBS-CNP': 2, 'SBS-JDVH': 1, '300-C': 19, 'SBS-BPS-KLK': 2, 'VSD-BSP-KLK': 1, 'BGR-JAPC': 5, 'KBS-BMD-DCH': 3, 'C-365': 17, '300-K': 13, 'SBS-DVC': 4, '375-GA': 5, '370-A': 10, 'KBS-UJND': 3, '370-E': 6, '302-N': 38, '369-K': 12, '367-B': 10, 'KBS-SSPL': 1, '276-AB BMT45-DBH': 1, '300-F': 17, 'G-4': 35, '302-F': 39, '366-ZA': 5, '303-E': 32, '302-B': 40, '302-E': 14, '303-C': 24, '372-M': 11, '372-MA': 9, 'KBS-SDSH': 1, 'SBS-SVPSH': 1, 'SBS-SVPSL': 2, 'KBS-GTG-BVH-KGP': 1, 'KBS-SVPSB': 1, '302-A': 20, '330 SBS-ABISRO': 2, '301-D': 18, '301-G': 17, '303-G': 29, '302-G': 19, '300-H  ITICG-KBS': 1, '300-H  KBS-ITICG': 3, '301-A': 12, '369-D': 31, '371-D': 9, '369-J': 12, '371-A': 8, 'AMRY-2': 4}"
Cox Town,12.99629380,77.62153345,150,29159215,"{'BTML-KMHCB': 1, 'ITPL-6K': 3, '250-AA': 10, '126-A': 33, 'TR-7': 9, '171-H MLO-KKSD': 1, 'D10G-JVH': 2, '248-T': 13, 'JVH-KRPGH': 1, '500-KK': 22, 'MBS-8': 31, 'SJHS-4A': 2, 'MBS-8E KLN-DML': 3, 'MBS-8E': 10, 'ITPL-2A': 2, 'BELGS-46': 2, 'D24-TNF-WTP': 1, 'WTP-JVH-KRP': 1, 'BEML-CTC': 1, 'VCS-MEBP-12 BSK-MEBP': 1, 'HNR-Ernst Young B': 1}"
East Railway Station,13.00024247,77.61721795,0,29159215,{}
HP Petrol Bunk Coles Road,12.99663178,77.61175163,7,29159215,"{'SJHS-LGP-HBL': 3, 'ADT-9': 4}"
Lake Side Hospital,12.98850204,77.61746024,7,29159215,"{'302 VSD-KLN': 4, 'LTU-IND-BSK': 1, 'MRHB-STJHS': 2}"
Mosque Road,13.00031693,77.61607925,530,29159215,"{'300-E': 55, '302-C': 11, '302-J': 29, '300-B': 29, '302-GA': 19, '303-F': 21, '300-T': 11, 'KBS-BSP-HMA': 1, 'SBS-BSP-HMA': 3, 'D10G-KMH-SBS': 2, '300-D': 37, '300-E SBS-KTMLRG': 2, '302-N': 38, '276-AB BMT45-DBH': 1, '300-F': 17, '302-F': 39, 'SJHS-LGP-HBL': 3, '303-E': 32, '302-B': 40, '302-E': 14, 'OASIS-4A': 3, 'OASIS-2A': 2, 'KBS-SDSH': 1, 'SOPHIYA-15': 2, 'SBS-SVPSH': 1, 'SBS-SVPSL': 2, 'SHS-10': 2, 'BMES-5': 3, 'BCGHS-18': 2, 'STJOHN-5': 2, 'CALLBUS-05': 1, 'BELGS-46': 2, 'KBS-SVPSB': 1, '302-A': 20, 'VCS-MEBP-12 BSK-MEBP': 1, '330 SBS-ABISRO': 2, '301-G': 17, '303-G': 29, '302-G': 19, 'D10G-BMES': 1, '300-H  ITICG-KBS': 1, '301-A': 12}"
Shivanachetty Garden,12.98973271,77.61544035,6,29159215,"{'171-H MLO-KKSD': 1, '302 VSD-KLN': 4, 'D10G-BMES': 1}"
Sindhi Colony,12.99556417,77.61664061,67,29159215,"{'250-AA': 10, '126-A': 33, 'TR-7': 9, '171-H MLO-KKSD': 1, '248-T': 13, '302 ARMYS-KLNB': 1}"
St Johns School Thamos Cafe,12.99164776,77.61149079,7,29159215,"{'STJHS-HBLB': 2, 'MRHB-STJHS': 2, '290-E STJHS-YLKOT': 0, '500-A CSB-SJHSU': 3}"
Thomas Bakery,12.99115299,77.61423039,60,29159215,"{'126-A': 33, 'TR-7': 9, '171-H MLO-KKSD': 1, '302 VSD-KLN': 4, '248-T': 13}"
Thomas Cafe,12.99069319,77.61358827,24,29159215,"{'BMESU-HBL': 4, 'CAPGPS-7': 2, 'AMRY-2': 4, 'MSP-ARMYK': 1, 'SOPHIY-8': 2, 'BMES-5': 3, 'BCGHS-18': 2, 'BGHS-6': 2, 'MRHB-STJHS': 2, 'VCS-JFWTC-12 DPT-JFWTC': 1, 'D10G-BMES': 1}"
Byadarahalli Jayamahal,13.00116812,77.60973930,16,29159216,{'210-X': 16}
Coles Park Millers Road,12.99554851,77.60656584,1594,29159216,"{'SBS-AMC': 0, '210-X': 16, '327-C': 14, '290-EA': 0, '290-E SBS-PTH': 0, '291-N': 16, 'TR-4': 46, '290-EB KGR-YHK': 0, '253-A': 12, 'SBS-D10G': 31, '295-D': 21, 'KBS-D10G': 8, '290-M': 8, '293-P': 12, '296-V': 13, 'DPJN-JJN-NGW': 4, 'G-11': 35, '296-C': 18, '292-E': 12, '292-C': 30, '290-A': 28, '401-M NLO-CLO': 1, '290-H': 0, 'KBS-HNR-CHLS': 3, 'MGMS-KLN': 2, '292-D': 17, '293-H': 19, '290-RA': 5, '292-B': 12, 'SBS-KLN': 27, '290-R': 13, '294-F': 9, '294-B': 0, '294-E': 18, '294-H': 26, 'KBS-KLN': 6, '295-A': 14, '296-N': 17, '290-EB': 0, '293-R': 13, '293-S': 32, '293-K': 13, '296-A': 17, '296-B': 19, '296-D': 26, '296-K': 4, '293-F': 11, 'SBS-HNS': 3, '293-J': 11, 'SBS-RYL': 2, '327-D': 5, '295-C': 34, '295-E': 12, '295-B': 15, '290-QA': 18, '295-G': 17, '294-A': 11, '293-B': 11, '290-G': 0, '294-C SBS-JTN': 32, 'SBS-CHLS': 2, '296-T': 17, 'KBS-LGP-CHLS': 1, '290-Q': 14, 'G-11 SNBS-BLR': 1, 'TR-4A': 10, 'KMT-BLS-YPB': 1, '290-T': 11, '293-G': 30, '290-HA': 0, '215-NB': 12, 'BMESU-HBL': 4, '242-GA KBS-EWC': 2, '302-D': 35, '348-H': 12, 'SBS-SDH': 2, 'KMT-CHLS': 0, '291-D': 22, '293-N': 15, '296-Q': 23, '302 SBS-KLN': 3, '80-F': 35, '302 VSD-KLN': 4, '291-L': 3, 'KBS-BDSN': 4, '290-Z': 4, '290-P': 24, 'MBS-14': 10, 'SBS-JKR-ALSG-PTH': 1, '296-F': 10, 'CLO-RKH': 5, '291-K': 7, '293-C': 32, '291-A': 11, '291-E': 16, '293-D': 12, '293-M': 11, '296-M': 6, 'G-10': 0, '293-L': 11, '290 KBS-YLKOT': 2, '290-EY': 0, '314-N': 26, '290-KA KMT-PLG': 1, 'TR-4 JJN-PLG': 2, '290-QA NRG-RKHN': 1, '291-H': 21, '94E YPRTTMC-TRDBS': 1, 'SBS-SMHSL': 3, '293 KBS-SMHS': 2, '296 SBS-BMESL': 1, '290-E STJHS-YLKOT': 0, 'KBS-NGVRJ-VNS': 1, '293-E': 10, '295-D SBS-BMT10': 1, '290-N': 40, '317-K': 0, '241-CD': 11, 'TR-4 KMT-NGV': 1, 'GDWC-BGL': 1, '290-C': 63, '129 KBS-BNWRS': 1, '293 SBS-HMN': 7, '293 SBS-LGP-KLN': 4, '293G SBS-BMT48': 16, '293F KMT-BMT48': 6, '293S KBS-BMT48': 6, '290EY KMT-YHKOT': 0, '295-KMT-D48': 2, '294-D': 12, '290-E SBS-NGW-KLN': 0, '293-S KBS-HNS': 2, 'HALM-SBS-BMES': 1, 'SVM-SBS-BMES': 1, 'V-SBS-KNB': 1, 'BSK-KRP-ITI': 1, '348-F': 14, 'BMSIT-3': 1, '213-D': 6, 'SBS-RJP': 2, 'SBS-HTN': 1, '375-D': 80}"
Coles Road,12.99632578,77.61236246,1517,29159216,"{'250-AA': 10, 'SBS-BTM-MDL': 1, '161-D': 24, '301-E': 39, '365-D': 26, '365-B': 6, '365-E': 17, 'KBS-BDC-D34G': 11, '300-E': 55, '300-D': 37, 'BCS-BMSITY': 1, 'KBS-RMS': 2, 'MGRM-BNP': 2, '370-B': 6, 'V-365': 26, 'V-365J': 21, '368-D': 11, '369-F': 11, '369-G': 10, '300-H': 48, '302-C': 11, 'MYH-UBL': 1, 'TTC-UBL': 1, '369-E': 36, '302-J': 29, '300-B': 29, '302-GA': 19, '303-F': 21, '79-K': 13, '300-DA': 15, '300-T': 11, '300-A': 14, 'KBS-BSP-HMA': 1, 'SBS-BSP-HMA': 3, '365-F': 4, '365-N': 19, '365-Q': 16, '365-S': 6, '366-L': 10, '366-N': 16, '366-Q': 15, '366-QA': 8, '366-T': 12, '366-W': 13, '366-Z': 20, '366-F': 12, '366-KA': 8, '368-C': 6, 'KGR-BEML5': 21, '372-F': 9, '372-A': 7, '372-B': 9, '372-E': 7, '372-J': 7, '301-F': 6, 'SBS-JNN': 3, '300-P': 46, '365-J': 44, 'D10G-KMH-SBS': 2, '300-E SBS-KTMLRG': 2, '366-R': 14, 'KBS-CNP': 2, 'SBS-JDVH': 1, '300-C': 19, 'SBS-BPS-KLK': 2, 'VSD-BSP-KLK': 1, 'BGR-JAPC': 5, 'KBS-BMD-DCH': 3, 'C-365': 17, '300-K': 13, 'SBS-DVC': 4, '375-GA': 5, '370-A': 10, 'KBS-UJND': 3, '370-E': 6, '302-N': 38, '369-K': 12, '367-B': 10, 'KBS-SSPL': 1, '276-AB BMT45-DBH': 1, '300-F': 17, 'G-4': 35, '302-F': 39, '366-ZA': 5, '303-E': 32, '302-B': 40, '302-E': 14, '303-C': 24, '372-M': 11, '372-MA': 9, 'KBS-SDSH': 1, 'SBS-SVPSH': 1, 'SBS-SVPSL': 2, 'KBS-GTG-BVH-KGP': 1, 'KBS-SVPSB': 1, '302-A': 20, '330 SBS-ABISRO': 2, '301-D': 18, '301-G': 17, '303-G': 29, '302-G': 19, '300-H  ITICG-KBS': 1, '300-H  KBS-ITICG': 3, '301-A': 12, '369-D': 31, '371-D': 9, '369-J': 12, '371-A': 8, 'AMRY-2': 4}"
CS-Imra Masjid Sunders Road,12.99600127,77.61135131,2,29159216,{'OASIS-1A': 2}
Frazer Town,13.00095911,77.61294625,1227,29159216,"{'327-C': 14, 'NGW-DPJN': 6, 'SBS-D10G': 31, '295-D': 21, 'KBS-D10G': 8, '293-P': 12, '296-V': 13, 'D10G-MRG': 2, '290-D': 19, 'G-11': 35, '296-C': 18, 'KLN-LGP-SBS': 14, '292-E': 12, 'D10G-SBS': 6, '292-C': 30, '401-M NLO-CLO': 1, '291-J': 26, 'MGMS-KLN': 2, '292-D': 17, '293-H': 19, '290-J': 0, '292-B': 12, '293-A': 16, 'SBS-KLN': 27, '290-J MSP-SBS': 0, '294-F': 9, '294-B': 0, '294-E': 18, '294-H': 26, '295-A': 14, '296-N': 17, '293-R': 13, '293-S': 32, '293-K': 13, '296-A': 17, '296-B': 19, '296-D': 26, '296-K': 4, '293-F': 11, 'SBS-HNS': 3, '293-J': 11, 'SBS-RYL': 2, '327-D': 5, '295-C': 34, '295-E': 12, '295-B': 15, '295-G': 17, '294-A': 11, '293-B': 11, '294-C SBS-JTN': 32, 'SBS-CHLS': 2, '296-T': 17, 'KBS-LGP-CHLS': 1, 'SGH-SBS': 2, 'G-11 SNBS-BLR': 1, 'D10G-NGVR-JJN': 1, 'KMT-BLS-YPB': 1, '293-G': 30, '215-NB': 12, 'D10G-SOPHIA': 1, 'BMESU-HBL': 4, '302-D': 35, 'KLNB-BKC': 1, '348-H': 12, 'PTH-SBS1': 4, 'KMT-CHLS': 0, 'KLNB-LGP-BSK': 3, '293-N': 15, '296-Q': 23, '302 SBS-KLN': 3, '80-F': 35, '302 VSD-KLN': 4, '293-C OASIS-KMT': 1, '296-F': 10, 'KLNB-LGP-KBS': 2, '293-C': 32, '293-D': 12, '293-M': 11, '293-L': 11, 'JGF-2': 3, 'KLN-JJN': 1, '314-N': 26, 'K-6': 41, 'MSP-ARMYK': 1, 'HMNL-SJHS': 1, 'BMES-SBS': 3, 'KLNB-LGP-SBSP': 1, 'KLNB-LGP-SSMT': 1, 'ITPL-2A': 2, 'SBS-SMHSL': 3, '293 KBS-SMHS': 2, 'SHS-10': 2, '296 SBS-BMESL': 1, 'BCGHS-9': 2, 'VNS-03': 3, 'SJHS-9': 1, '302 BMT10-SBS': 2, 'BELGS-46': 2, 'BTP-27A': 2, '293-E': 10, 'OASIS-2B': 2, 'WTP-JVH-KRP': 1, '295-D SBS-BMT10': 1, '290-F': 0, 'TR-4 NGV-MRBS': 2, 'GDWC-BGL': 1, '129 KBS-BNWRS': 1, 'MBS-2': 17, '293 SBS-HMN': 7, '293 SBS-LGP-KLN': 4, 'VCS-ORRCA-112 ULSL-ORRCA': 2, '293G SBS-BMT48': 16, '293F KMT-BMT48': 6, '293S KBS-BMT48': 6, 'D10G-BMES': 1, 'MBS2 PTH-MRHSPG': 1, '293 BMT10-ARMY': 2, '295-KMT-D48': 2, '294-C BMT48-MGMS': 1, 'CRISTAL-3': 1, 'G11-BMT48-MGMS': 2, '294-D': 12, '293-S KBS-HNS': 2, 'HALM-SBS-BMES': 1, 'SVM-SBS-BMES': 1}"
Goodwill Womens College Hines Road,12.99659650,77.60917034,1,29159216,{'GDWC-BGL': 1}
HP Petrol Bunk Coles Road,12.99663178,77.61175163,7,29159216,"{'SJHS-LGP-HBL': 3, 'ADT-9': 4}"
St Johns School Thamos Cafe,12.99164776,77.61149079,7,29159216,"{'STJHS-HBLB': 2, 'MRHB-STJHS': 2, '290-E STJHS-YLKOT': 0, '500-A CSB-SJHSU': 3}"
Williams Town Park,12.99998422,77.60748558,2,29159216,"{'BELGS-35': 0, 'D24-TNF-WTP': 1, 'WTP-JVH-KRP': 1}"
,12.99521199,77.59204678,25,29159217,"{'92-E': 21, '100 SBS-YTTMC': 4}"
Bamboo Bazaar,12.99219243,77.60414818,1909,29159217,"{'SBS-AMC': 0, '210-X': 16, '327-C': 14, '290-EA': 0, '290-E SBS-PTH': 0, '250-AA': 10, '291-N': 16, '301-E': 39, 'TR-4': 46, '290-EB YHK-KGR': 0, '290-EB KGR-YHK': 0, 'NGW-DPJN': 6, '302 VSD-KLN': 4, '253-A': 12, 'SBS-D10G': 31, '295-D': 21, 'KBS-D10G': 8, '290-M': 8, '293-P': 12, '296-V': 13, 'DPJN-JJN-NGW': 4, '290-D': 19, 'G-11': 35, '296-C': 18, 'KLN-LGP-SBS': 14, '292-E': 12, 'D10G-SBS': 6, '292-C': 30, '290-A': 28, '401-M NLO-CLO': 1, '290-H': 0, '291-J': 26, 'KBS-HNR-CHLS': 3, '303-F': 21, 'MGMS-KLN': 2, '292-D': 17, '293-H': 19, '290-J': 0, '290-RA': 5, '292-B': 12, '293-A': 16, '79-K': 13, 'SBS-KLN': 27, '290-R': 13, '290-J MSP-SBS': 0, '294-F': 9, '294-B': 0, '294-E': 18, '294-H': 26, '295-A': 14, '296-N': 17, '290-EB': 0, '293-R': 13, '293-S': 32, '293-K': 13, '296-A': 17, '296-B': 19, '296-D': 26, '296-K': 4, '293-F': 11, 'SBS-HNS': 3, '293-J': 11, 'SBS-RYL': 2, '327-D': 5, '295-C': 34, '295-E': 12, '295-B': 15, '290-QA': 18, '291-G': 20, '295-G': 17, '294-A': 11, '293-B': 11, '290-G': 0, '294-C SBS-JTN': 32, 'SBS-CHLS': 2, '296-T': 17, 'KBS-LGP-CHLS': 1, 'SGH-SBS': 2, '290-Q': 14, 'G-11 SNBS-BLR': 1, '301-F': 6, 'D10G-NGVR-JJN': 1, 'D10G-KMH-SBS': 2, 'TR-4A': 10, 'KMT-BLS-YPB': 1, '290-S': 13, '290-HA': 0, '215-NB': 12, 'D10G-SOPHIA': 1, '302-D': 35, '197 JBN-CLP-STP': 2, 'KLNB-BKC': 1, '348-H': 12, 'SBS-SDH': 2, 'PTH-SBS1': 4, 'KMT-CHLS': 0, '291-D': 22, 'KLNB-LGP-BSK': 3, '293-N': 15, '296-Q': 23, '302 SBS-KLN': 3, '80-F': 35, '291-L': 3, '293-C OASIS-KMT': 1, 'KBS-BDSN': 4, '290-P': 24, 'SBS-JKR-ALSG-PTH': 1, '296-F': 10, 'KLNB-LGP-KBS': 2, 'CLO-RKH': 5, '291-K': 7, '293-C': 32, '303-C': 24, '291-A': 11, '291-E': 16, '293-D': 12, '293-M': 11, '296-M': 6, '293-L': 11, '290 KBS-YLKOT': 2, '290-EY': 0, '291-R': 15, 'KLN-JJN': 1, '314-N': 26, 'K-6': 41, '290-KA KMT-PLG': 1, 'TR-4 JJN-PLG': 2, 'BMT10-NRG': 1, '290-QA NRG-RKHN': 1, 'HMNL-SJHS': 1, 'BMES-SBS': 3, '291-H': 21, 'KLNB-LGP-SBSP': 1, 'KLNB-LGP-SSMT': 1, '291-B': 2, '94E YPRTTMC-TRDBS': 1, 'SBS-SMHSL': 3, '293 KBS-SMHS': 2, '296 SBS-BMESL': 1, 'KBS-NGVRJ-VNS': 1, '302 BMT10-SBS': 2, '293-E': 10, '63 SBS-DPJN': 1, '295-D SBS-BMT10': 1, '290-F': 0, '290-N': 40, '317-K': 0, '241-CD': 11, 'TR-4 KMT-NGV': 1, '290-C': 63, '129 KBS-BNWRS': 1, 'MBS-2': 17, '293 SBS-HMN': 7, '293 SBS-LGP-KLN': 4, '293F KMT-BMT48': 6, '293S KBS-BMT48': 6, '290EY KMT-YHKOT': 0, '300-H  ITICG-KBS': 1, 'MBS2 PTH-MRHSPG': 1, '293 BMT10-ARMY': 2, '295-KMT-D48': 2, '294-C BMT48-MGMS': 1, 'G11-BMT48-MGMS': 2, '294-D': 12, '290-E SBS-NGW-KLN': 0, '293-S KBS-HNS': 2, 'HALM-SBS-BMES': 1, 'SVM-SBS-BMES': 1, 'V-SBS-KNB': 1, '290-E': 52, 'PTH-SBS': 3, 'AMRY-2': 4, 'BSK-KRP-ITI': 1, 'BMSIT-3': 1, '213-D': 6, 'SBS-RJP': 2, '375-D': 80}"
Canara Bank Millers Road,12.99551843,77.60157265,98,29159217,"{'266-N': 12, '114-A': 63, '342-U': 6, 'D06G-STP': 2, '119-B': 15}"
Cantonment Railway Station,12.99278817,77.59495232,2143,29159217,"{'210-X': 16, 'PK-100E': 9, 'BMT10-NBMS': 1, '301-E': 39, 'YPR-DBS': 5, '63 CLO-SBS': 1, 'D14-SBS': 3, '63-B': 25, '300-E': 55, '300-D': 37, '13-S': 5, 'STP-BSK': 1, '302 VSD-KLN': 4, '253-A': 12, '300-H': 48, 'SBS-D10G': 31, '295-D': 21, 'KBS-D10G': 8, '302-C': 11, 'KBR-SJHS': 1, '293-P': 12, 'TTN-SBS': 7, 'G-11': 35, '296-C': 18, '292-E': 12, '292-C': 30, '302-J': 29, '300-B': 29, 'KBS-HNR-CHLS': 3, '302-GA': 19, '303-F': 21, 'MGMS-KLN': 2, '292-D': 17, '293-H': 19, '292-B': 12, '79-K': 13, 'SBS-KLN': 27, '294-F': 9, '294-B': 0, '300-DA': 15, '294-E': 18, '294-H': 26, 'KBS-KLN': 6, '295-A': 14, '300-T': 11, '293-K': 13, '296-A': 17, '296-B': 19, '296-D': 26, '296-K': 4, '293-J': 11, 'SBS-RYL': 2, '295-C': 34, '300-A': 14, '295-E': 12, '295-B': 15, '295-G': 17, 'KBS-BSP-HMA': 1, 'SBS-BSP-HMA': 3, '293-B': 11, 'SBS-CHLS': 2, '296-T': 17, '380 KMT-KTO': 6, 'G-11 SNBS-BLR': 1, '114-A': 63, '301-F': 6, '342-U': 6, '300-P': 46, '248-T': 13, 'DBDR-SBS': 5, '300-E SBS-KTMLRG': 2, 'KMT-BLS-YPB': 1, '144-H NLO-NGV': 1, '290-T': 11, '300-C': 19, 'SBS-BPS-KLK': 2, 'VSD-BSP-KLK': 1, 'V-331A': 16, 'MBS-6': 23, '293-G': 30, 'GNR-EJP': 1, '215-NB': 12, '242-GA KBS-EWC': 2, '302-D': 35, '96-G SNBS-VSD': 2, '197 JBN-CLP-STP': 2, '63-E': 14, '300-K': 13, '348-H': 12, 'KBR-KRM': 1, 'PTH-SBSH': 4, '302-N': 38, '291-D': 22, 'ADITI-4': 0, 'D06G-STP': 2, 'SBS-STP': 3, 'STP-SBS': 2, 'SPHC-KMT': 1, 'YTTMC-MYH': 1, '276-AB BMT45-DBH': 1, '293-N': 15, '300-F': 17, '296-Q': 23, '320-B': 5, '302 SBS-KLN': 3, '80-F': 35, '291-L': 3, '92-E': 21, '240-M': 8, 'KBS-BDSN': 4, '290-Z': 4, '290-P': 24, 'MBS-14': 10, '302-F': 39, 'SBS-JKR-ALSG-PTH': 1, 'K-1': 24, '303-E': 32, '302-B': 40, '291-K': 7, '293-C': 32, '302-E': 14, '303-C': 24, '293-D': 12, '296-M': 6, 'G-10': 0, '293-L': 11, 'D06-STP': 1, '66 D31G-SBS': 2, '314-N': 26, '64 VPS-SBS': 1, '64 DPN-SBS': 1, '290-KA KMT-PLG': 1, 'KBS-SDSH': 1, '79-A': 33, 'SBS-SVPSH': 1, 'CHM-SBS': 1, 'ALS-SBDFD': 1, 'KDHL-TECR': 1, 'YPRTTMC-BEMLF': 1, '94E YPRTTMC-TRDBS': 1, 'SBS-SMHSL': 3, '293 KBS-SMHS': 2, 'SBS-SVPSL': 2, '296 SBS-BMESL': 1, 'KBS-NGVRJ-VNS': 1, 'KBS-SVPSB': 1, '276-E BMT45-VRP-SBS': 3, '295-D SBS-BMT10': 1, '63 VTTMC-SBS': 5, '63 MRTM-SBS': 1, '302-A': 20, 'KIAS-5B': 6, 'SBS-CSI': 1, 'V-VRP-CPR': 1, 'D35G-SWTK-SBS': 1, '293 SBS-HMN': 7, '293 SBS-LGP-KLN': 4, '330 SBS-ABISRO': 2, '301-D': 18, '301-G': 17, '303-G': 29, '302-G': 19, '293G SBS-BMT48': 16, 'K1': 7, 'K-1 YTTMC-CSB': 1, 'K-1 PSBS-DBS': 2, '295-KMT-D48': 2, '300-H  KBS-ITICG': 3, '335 RTNP-BEMLF': 1, '294-D': 12, 'MBS-6 BMT45-CVRN': 1, 'HALM-SBS-BMES': 1, 'SVM-SBS-BMES': 1, '272-E BMT45-SBS': 2, '301-A': 12, 'AMRY-2': 4, 'BSK-KRP-ITI': 1, '348-F': 14, '242-RA': 8, '213-D': 6, 'SBS-HTN': 1}"
Coles Park Millers Road,12.99554851,77.60656584,1594,29159217,"{'SBS-AMC': 0, '210-X': 16, '327-C': 14, '290-EA': 0, '290-E SBS-PTH': 0, '291-N': 16, 'TR-4': 46, '290-EB KGR-YHK': 0, '253-A': 12, 'SBS-D10G': 31, '295-D': 21, 'KBS-D10G': 8, '290-M': 8, '293-P': 12, '296-V': 13, 'DPJN-JJN-NGW': 4, 'G-11': 35, '296-C': 18, '292-E': 12, '292-C': 30, '290-A': 28, '401-M NLO-CLO': 1, '290-H': 0, 'KBS-HNR-CHLS': 3, 'MGMS-KLN': 2, '292-D': 17, '293-H': 19, '290-RA': 5, '292-B': 12, 'SBS-KLN': 27, '290-R': 13, '294-F': 9, '294-B': 0, '294-E': 18, '294-H': 26, 'KBS-KLN': 6, '295-A': 14, '296-N': 17, '290-EB': 0, '293-R': 13, '293-S': 32, '293-K': 13, '296-A': 17, '296-B': 19, '296-D': 26, '296-K': 4, '293-F': 11, 'SBS-HNS': 3, '293-J': 11, 'SBS-RYL': 2, '327-D': 5, '295-C': 34, '295-E': 12, '295-B': 15, '290-QA': 18, '295-G': 17, '294-A': 11, '293-B': 11, '290-G': 0, '294-C SBS-JTN': 32, 'SBS-CHLS': 2, '296-T': 17, 'KBS-LGP-CHLS': 1, '290-Q': 14, 'G-11 SNBS-BLR': 1, 'TR-4A': 10, 'KMT-BLS-YPB': 1, '290-T': 11, '293-G': 30, '290-HA': 0, '215-NB': 12, 'BMESU-HBL': 4, '242-GA KBS-EWC': 2, '302-D': 35, '348-H': 12, 'SBS-SDH': 2, 'KMT-CHLS': 0, '291-D': 22, '293-N': 15, '296-Q': 23, '302 SBS-KLN': 3, '80-F': 35, '302 VSD-KLN': 4, '291-L': 3, 'KBS-BDSN': 4, '290-Z': 4, '290-P': 24, 'MBS-14': 10, 'SBS-JKR-ALSG-PTH': 1, '296-F': 10, 'CLO-RKH': 5, '291-K': 7, '293-C': 32, '291-A': 11, '291-E': 16, '293-D': 12, '293-M': 11, '296-M': 6, 'G-10': 0, '293-L': 11, '290 KBS-YLKOT': 2, '290-EY': 0, '314-N': 26, '290-KA KMT-PLG': 1, 'TR-4 JJN-PLG': 2, '290-QA NRG-RKHN': 1, '291-H': 21, '94E YPRTTMC-TRDBS': 1, 'SBS-SMHSL': 3, '293 KBS-SMHS': 2, '296 SBS-BMESL': 1, '290-E STJHS-YLKOT': 0, 'KBS-NGVRJ-VNS': 1, '293-E': 10, '295-D SBS-BMT10': 1, '290-N': 40, '317-K': 0, '241-CD': 11, 'TR-4 KMT-NGV': 1, 'GDWC-BGL': 1, '290-C': 63, '129 KBS-BNWRS': 1, '293 SBS-HMN': 7, '293 SBS-LGP-KLN': 4, '293G SBS-BMT48': 16, '293F KMT-BMT48': 6, '293S KBS-BMT48': 6, '290EY KMT-YHKOT': 0, '295-KMT-D48': 2, '294-D': 12, '290-E SBS-NGW-KLN': 0, '293-S KBS-HNS': 2, 'HALM-SBS-BMES': 1, 'SVM-SBS-BMES': 1, 'V-SBS-KNB': 1, 'BSK-KRP-ITI': 1, '348-F': 14, 'BMSIT-3': 1, '213-D': 6, 'SBS-RJP': 2, 'SBS-HTN': 1, '375-D': 80}"
CSI Hospital,12.98992431,77.59933748,597,29159217,"{'PK-100E': 9, 'BMT10-NBMS': 1, '250-AA': 10, 'YPR-DBS': 5, '63 CLO-SBS': 1, 'D14-SBS': 3, '63-B': 25, '290-EB YHK-KGR': 0, 'NGW-DPJN': 6, '13-S': 5, 'STP-BSK': 1, 'KBR-SJHS': 1, '290-D': 19, 'TTN-SBS': 7, 'KLN-LGP-SBS': 14, 'D10G-SBS': 6, '291-J': 26, '290-J': 0, '293-A': 16, '290-J MSP-SBS': 0, '291-G': 20, 'SGH-SBS': 2, '380 KMT-KTO': 6, '342-U': 6, '248-T': 13, 'D10G-NGVR-JJN': 1, 'D10G-KMH-SBS': 2, 'DBDR-SBS': 5, '144-H NLO-NGV': 1, '290-S': 13, 'V-331A': 16, 'MBS-6': 23, 'GNR-EJP': 1, 'D10G-SOPHIA': 1, '96-G SNBS-VSD': 2, '63-E': 14, 'KLNB-BKC': 1, 'KBR-KRM': 1, 'PTH-SBSH': 4, 'PTH-SBS1': 4, 'ADITI-4': 0, 'STP-SBS': 2, 'KLNB-LGP-BSK': 3, 'SPHC-KMT': 1, 'YTTMC-MYH': 1, '320-B': 5, '92-E': 21, '240-M': 8, '293-C OASIS-KMT': 1, 'KLNB-LGP-KBS': 2, 'K-1': 24, 'JGF-2': 3, '291-R': 15, 'KLN-JJN': 1, '66 D31G-SBS': 2, '64 VPS-SBS': 1, '64 DPN-SBS': 1, 'K-6': 41, 'BMT10-NRG': 1, '79-A': 33, 'HMNL-SJHS': 1, 'BMES-SBS': 3, 'KLNB-LGP-SSMT': 1, 'CHM-SBS': 1, 'ALS-SBDFD': 1, 'KDHL-TECR': 1, 'YPRTTMC-BEMLF': 1, '291-B': 2, 'SHS-10': 2, 'BCGS-14': 2, '302 BMT10-SBS': 2, '63 SBS-DPJN': 1, '276-E BMT45-VRP-SBS': 3, '290-F': 0, '63 VTTMC-SBS': 5, '63 MRTM-SBS': 1, 'TR-4 NGV-MRBS': 2, 'SBS-CSI': 1, 'V-VRP-CPR': 1, 'MBS-2': 17, 'D35G-SWTK-SBS': 1, 'K1': 7, 'K-1 YTTMC-CSB': 1, 'K-1 PSBS-DBS': 2, '300-H  ITICG-KBS': 1, 'MBS2 PTH-MRHSPG': 1, '293 BMT10-ARMY': 2, '294-C BMT48-MGMS': 1, 'G11-BMT48-MGMS': 2, '335 RTNP-BEMLF': 1, 'MBS-6 BMT45-CVRN': 1, '272-E BMT45-SBS': 2, '290-E': 52, 'PTH-SBS': 3, '242-RA': 8}"
Ganesha Temple Vasantanagara,12.99524363,77.59213849,456,29159217,"{'PK-100E': 9, '30-C': 9, '111-C': 59, '302 VSD-KLN': 4, '108-B': 46, '415-B': 33, '415-G': 18, '415-F': 46, 'KBS-SPHC': 1, '114-E': 8, '415-A': 2, 'KBS-D14': 4, '296-A': 17, '114-G': 22, 'KMT-TLE-GKVK': 2, '258-VC': 13, 'VSD-KBR': 1, '240-M': 8, '415-D': 29, '114-C': 63, '114-B': 42, '242-R': 9, '111-C KBS-MDG': 9, 'KBS-LRB': 1, '114 KBS-JCN': 1}"
Goodwill Womens College Hines Road,12.99659650,77.60917034,1,29159217,{'GDWC-BGL': 1}
HK Degree College,12.99183405,77.60245694,1093,29159217,"{'210-X': 16, '327-C': 14, '250-AA': 10, '301-E': 39, '300-E': 55, '300-D': 37, '302 VSD-KLN': 4, '253-A': 12, '300-H': 48, '302-C': 11, '302-J': 29, '300-B': 29, '302-GA': 19, '293-H': 19, '79-K': 13, '300-DA': 15, 'KBS-KLN': 6, '290-EB': 0, '293-S': 32, '300-T': 11, '293-K': 13, '293-J': 11, '300-A': 14, 'KBS-BSP-HMA': 1, 'SBS-BSP-HMA': 3, 'KBS-LGP-CHLS': 1, '301-F': 6, '300-P': 46, '300-E SBS-KTMLRG': 2, '290-T': 11, '300-C': 19, 'SBS-BPS-KLK': 2, 'VSD-BSP-KLK': 1, '293-G': 30, '242-GA KBS-EWC': 2, '302-D': 35, '197 JBN-CLP-STP': 2, '300-K': 13, 'PTH-SBS1': 4, '302-N': 38, '276-AB BMT45-DBH': 1, '300-F': 17, '290-Z': 4, 'MBS-14': 10, '302-F': 39, '303-E': 32, '302-B': 40, '302-E': 14, '293-M': 11, 'G-10': 0, '290-KA KMT-PLG': 1, 'KBS-SDSH': 1, '291-H': 21, 'SBS-SVPSH': 1, 'SBS-SVPSL': 2, 'KBS-NGVRJ-VNS': 1, 'KBS-SVPSB': 1, '302-A': 20, 'MBS-2': 17, '330 SBS-ABISRO': 2, '301-D': 18, '301-G': 17, '303-G': 29, '302-G': 19, '293G SBS-BMT48': 16, '293S KBS-BMT48': 6, 'MBS2 PTH-MRHSPG': 1, '300-H  KBS-ITICG': 3, 'HALM-SBS-BMES': 1, 'SVM-SBS-BMES': 1, '301-A': 12, 'AMRY-2': 4, '348-F': 14, '213-D': 6, 'SBS-HTN': 1}"
Millers Road,12.99535051,77.60299891,20,29159217,"{'STJHS-HBLB': 2, 'KIAS-4': 9, 'KIAS-4A': 9}"
Shivajinagara Police Station,12.98778688,77.60346495,6,29159217,"{'OASIS-4A': 3, 'OASIS-4B': 2, 'KLNB-LGP-SBSP': 1}"
Vasantha Nagara Cantonment,12.99382911,77.59540625,106,29159217,"{'114-C': 63, '114-B': 42, '114 KBS-JCN': 1}"
YMC Nandhidurga Road,12.99588429,77.60195152,100,29159217,"{'266-N': 12, 'D10G-MRG': 2, '114-A': 63, '342-U': 6, 'D06G-STP': 2, '119-B': 15}"
Bamboo Bazaar,12.99219243,77.60414818,1909,29159218,"{'SBS-AMC': 0, '210-X': 16, '327-C': 14, '290-EA': 0, '290-E SBS-PTH': 0, '250-AA': 10, '291-N': 16, '301-E': 39, 'TR-4': 46, '290-EB YHK-KGR': 0, '290-EB KGR-YHK': 0, 'NGW-DPJN': 6, '302 VSD-KLN': 4, '253-A': 12, 'SBS-D10G': 31, '295-D': 21, 'KBS-D10G': 8, '290-M': 8, '293-P': 12, '296-V': 13, 'DPJN-JJN-NGW': 4, '290-D': 19, 'G-11': 35, '296-C': 18, 'KLN-LGP-SBS': 14, '292-E': 12, 'D10G-SBS': 6, '292-C': 30, '290-A': 28, '401-M NLO-CLO': 1, '290-H': 0, '291-J': 26, 'KBS-HNR-CHLS': 3, '303-F': 21, 'MGMS-KLN': 2, '292-D': 17, '293-H': 19, '290-J': 0, '290-RA': 5, '292-B': 12, '293-A': 16, '79-K': 13, 'SBS-KLN': 27, '290-R': 13, '290-J MSP-SBS': 0, '294-F': 9, '294-B': 0, '294-E': 18, '294-H': 26, '295-A': 14, '296-N': 17, '290-EB': 0, '293-R': 13, '293-S': 32, '293-K': 13, '296-A': 17, '296-B': 19, '296-D': 26, '296-K': 4, '293-F': 11, 'SBS-HNS': 3, '293-J': 11, 'SBS-RYL': 2, '327-D': 5, '295-C': 34, '295-E': 12, '295-B': 15, '290-QA': 18, '291-G': 20, '295-G': 17, '294-A': 11, '293-B': 11, '290-G': 0, '294-C SBS-JTN': 32, 'SBS-CHLS': 2, '296-T': 17, 'KBS-LGP-CHLS': 1, 'SGH-SBS': 2, '290-Q': 14, 'G-11 SNBS-BLR': 1, '301-F': 6, 'D10G-NGVR-JJN': 1, 'D10G-KMH-SBS': 2, 'TR-4A': 10, 'KMT-BLS-YPB': 1, '290-S': 13, '290-HA': 0, '215-NB': 12, 'D10G-SOPHIA': 1, '302-D': 35, '197 JBN-CLP-STP': 2, 'KLNB-BKC': 1, '348-H': 12, 'SBS-SDH': 2, 'PTH-SBS1': 4, 'KMT-CHLS': 0, '291-D': 22, 'KLNB-LGP-BSK': 3, '293-N': 15, '296-Q': 23, '302 SBS-KLN': 3, '80-F': 35, '291-L': 3, '293-C OASIS-KMT': 1, 'KBS-BDSN': 4, '290-P': 24, 'SBS-JKR-ALSG-PTH': 1, '296-F': 10, 'KLNB-LGP-KBS': 2, 'CLO-RKH': 5, '291-K': 7, '293-C': 32, '303-C': 24, '291-A': 11, '291-E': 16, '293-D': 12, '293-M': 11, '296-M': 6, '293-L': 11, '290 KBS-YLKOT': 2, '290-EY': 0, '291-R': 15, 'KLN-JJN': 1, '314-N': 26, 'K-6': 41, '290-KA KMT-PLG': 1, 'TR-4 JJN-PLG': 2, 'BMT10-NRG': 1, '290-QA NRG-RKHN': 1, 'HMNL-SJHS': 1, 'BMES-SBS': 3, '291-H': 21, 'KLNB-LGP-SBSP': 1, 'KLNB-LGP-SSMT': 1, '291-B': 2, '94E YPRTTMC-TRDBS': 1, 'SBS-SMHSL': 3, '293 KBS-SMHS': 2, '296 SBS-BMESL': 1, 'KBS-NGVRJ-VNS': 1, '302 BMT10-SBS': 2, '293-E': 10, '63 SBS-DPJN': 1, '295-D SBS-BMT10': 1, '290-F': 0, '290-N': 40, '317-K': 0, '241-CD': 11, 'TR-4 KMT-NGV': 1, '290-C': 63, '129 KBS-BNWRS': 1, 'MBS-2': 17, '293 SBS-HMN': 7, '293 SBS-LGP-KLN': 4, '293F KMT-BMT48': 6, '293S KBS-BMT48': 6, '290EY KMT-YHKOT': 0, '300-H  ITICG-KBS': 1, 'MBS2 PTH-MRHSPG': 1, '293 BMT10-ARMY': 2, '295-KMT-D48': 2, '294-C BMT48-MGMS': 1, 'G11-BMT48-MGMS': 2, '294-D': 12, '290-E SBS-NGW-KLN': 0, '293-S KBS-HNS': 2, 'HALM-SBS-BMES': 1, 'SVM-SBS-BMES': 1, 'V-SBS-KNB': 1, '290-E': 52, 'PTH-SBS': 3, 'AMRY-2': 4, 'BSK-KRP-ITI': 1, 'BMSIT-3': 1, '213-D': 6, 'SBS-RJP': 2, '375-D': 80}"
Canara Bank Millers Road,12.99551843,77.60157265,98,29159218,"{'266-N': 12, '114-A': 63, '342-U': 6, 'D06G-STP': 2, '119-B': 15}"
Coles Park Millers Road,12.99554851,77.60656584,1594,29159218,"{'SBS-AMC': 0, '210-X': 16, '327-C': 14, '290-EA': 0, '290-E SBS-PTH': 0, '291-N': 16, 'TR-4': 46, '290-EB KGR-YHK': 0, '253-A': 12, 'SBS-D10G': 31, '295-D': 21, 'KBS-D10G': 8, '290-M': 8, '293-P': 12, '296-V': 13, 'DPJN-JJN-NGW': 4, 'G-11': 35, '296-C': 18, '292-E': 12, '292-C': 30, '290-A': 28, '401-M NLO-CLO': 1, '290-H': 0, 'KBS-HNR-CHLS': 3, 'MGMS-KLN': 2, '292-D': 17, '293-H': 19, '290-RA': 5, '292-B': 12, 'SBS-KLN': 27, '290-R': 13, '294-F': 9, '294-B': 0, '294-E': 18, '294-H': 26, 'KBS-KLN': 6, '295-A': 14, '296-N': 17, '290-EB': 0, '293-R': 13, '293-S': 32, '293-K': 13, '296-A': 17, '296-B': 19, '296-D': 26, '296-K': 4, '293-F': 11, 'SBS-HNS': 3, '293-J': 11, 'SBS-RYL': 2, '327-D': 5, '295-C': 34, '295-E': 12, '295-B': 15, '290-QA': 18, '295-G': 17, '294-A': 11, '293-B': 11, '290-G': 0, '294-C SBS-JTN': 32, 'SBS-CHLS': 2, '296-T': 17, 'KBS-LGP-CHLS': 1, '290-Q': 14, 'G-11 SNBS-BLR': 1, 'TR-4A': 10, 'KMT-BLS-YPB': 1, '290-T': 11, '293-G': 30, '290-HA': 0, '215-NB': 12, 'BMESU-HBL': 4, '242-GA KBS-EWC': 2, '302-D': 35, '348-H': 12, 'SBS-SDH': 2, 'KMT-CHLS': 0, '291-D': 22, '293-N': 15, '296-Q': 23, '302 SBS-KLN': 3, '80-F': 35, '302 VSD-KLN': 4, '291-L': 3, 'KBS-BDSN': 4, '290-Z': 4, '290-P': 24, 'MBS-14': 10, 'SBS-JKR-ALSG-PTH': 1, '296-F': 10, 'CLO-RKH': 5, '291-K': 7, '293-C': 32, '291-A': 11, '291-E': 16, '293-D': 12, '293-M': 11, '296-M': 6, 'G-10': 0, '293-L': 11, '290 KBS-YLKOT': 2, '290-EY': 0, '314-N': 26, '290-KA KMT-PLG': 1, 'TR-4 JJN-PLG': 2, '290-QA NRG-RKHN': 1, '291-H': 21, '94E YPRTTMC-TRDBS': 1, 'SBS-SMHSL': 3, '293 KBS-SMHS': 2, '296 SBS-BMESL': 1, '290-E STJHS-YLKOT': 0, 'KBS-NGVRJ-VNS': 1, '293-E': 10, '295-D SBS-BMT10': 1, '290-N': 40, '317-K': 0, '241-CD': 11, 'TR-4 KMT-NGV': 1, 'GDWC-BGL': 1, '290-C': 63, '129 KBS-BNWRS': 1, '293 SBS-HMN': 7, '293 SBS-LGP-KLN': 4, '293G SBS-BMT48': 16, '293F KMT-BMT48': 6, '293S KBS-BMT48': 6, '290EY KMT-YHKOT': 0, '295-KMT-D48': 2, '294-D': 12, '290-E SBS-NGW-KLN': 0, '293-S KBS-HNS': 2, 'HALM-SBS-BMES': 1, 'SVM-SBS-BMES': 1, 'V-SBS-KNB': 1, 'BSK-KRP-ITI': 1, '348-F': 14, 'BMSIT-3': 1, '213-D': 6, 'SBS-RJP': 2, 'SBS-HTN': 1, '375-D': 80}"
Goodwill Womens College Hines Road,12.99659650,77.60917034,1,29159218,{'GDWC-BGL': 1}
HK Degree College,12.99183405,77.60245694,1093,29159218,"{'210-X': 16, '327-C': 14, '250-AA': 10, '301-E': 39, '300-E': 55, '300-D': 37, '302 VSD-KLN': 4, '253-A': 12, '300-H': 48, '302-C': 11, '302-J': 29, '300-B': 29, '302-GA': 19, '293-H': 19, '79-K': 13, '300-DA': 15, 'KBS-KLN': 6, '290-EB': 0, '293-S': 32, '300-T': 11, '293-K': 13, '293-J': 11, '300-A': 14, 'KBS-BSP-HMA': 1, 'SBS-BSP-HMA': 3, 'KBS-LGP-CHLS': 1, '301-F': 6, '300-P': 46, '300-E SBS-KTMLRG': 2, '290-T': 11, '300-C': 19, 'SBS-BPS-KLK': 2, 'VSD-BSP-KLK': 1, '293-G': 30, '242-GA KBS-EWC': 2, '302-D': 35, '197 JBN-CLP-STP': 2, '300-K': 13, 'PTH-SBS1': 4, '302-N': 38, '276-AB BMT45-DBH': 1, '300-F': 17, '290-Z': 4, 'MBS-14': 10, '302-F': 39, '303-E': 32, '302-B': 40, '302-E': 14, '293-M': 11, 'G-10': 0, '290-KA KMT-PLG': 1, 'KBS-SDSH': 1, '291-H': 21, 'SBS-SVPSH': 1, 'SBS-SVPSL': 2, 'KBS-NGVRJ-VNS': 1, 'KBS-SVPSB': 1, '302-A': 20, 'MBS-2': 17, '330 SBS-ABISRO': 2, '301-D': 18, '301-G': 17, '303-G': 29, '302-G': 19, '293G SBS-BMT48': 16, '293S KBS-BMT48': 6, 'MBS2 PTH-MRHSPG': 1, '300-H  KBS-ITICG': 3, 'HALM-SBS-BMES': 1, 'SVM-SBS-BMES': 1, '301-A': 12, 'AMRY-2': 4, '348-F': 14, '213-D': 6, 'SBS-HTN': 1}"
Millers Road,12.99535051,77.60299891,20,29159218,"{'STJHS-HBLB': 2, 'KIAS-4': 9, 'KIAS-4A': 9}"
Shivajinagara Police Station,12.98778688,77.60346495,6,29159218,"{'OASIS-4A': 3, 'OASIS-4B': 2, 'KLNB-LGP-SBSP': 1}"
St Johns School Thamos Cafe,12.99164776,77.61149079,7,29159218,"{'STJHS-HBLB': 2, 'MRHB-STJHS': 2, '290-E STJHS-YLKOT': 0, '500-A CSB-SJHSU': 3}"
YMC Nandhidurga Road,12.99588429,77.60195152,100,29159218,"{'266-N': 12, 'D10G-MRG': 2, '114-A': 63, '342-U': 6, 'D06G-STP': 2, '119-B': 15}"
Bamboo Bazaar,12.99219243,77.60414818,1909,29159219,"{'SBS-AMC': 0, '210-X': 16, '327-C': 14, '290-EA': 0, '290-E SBS-PTH': 0, '250-AA': 10, '291-N': 16, '301-E': 39, 'TR-4': 46, '290-EB YHK-KGR': 0, '290-EB KGR-YHK': 0, 'NGW-DPJN': 6, '302 VSD-KLN': 4, '253-A': 12, 'SBS-D10G': 31, '295-D': 21, 'KBS-D10G': 8, '290-M': 8, '293-P': 12, '296-V': 13, 'DPJN-JJN-NGW': 4, '290-D': 19, 'G-11': 35, '296-C': 18, 'KLN-LGP-SBS': 14, '292-E': 12, 'D10G-SBS': 6, '292-C': 30, '290-A': 28, '401-M NLO-CLO': 1, '290-H': 0, '291-J': 26, 'KBS-HNR-CHLS': 3, '303-F': 21, 'MGMS-KLN': 2, '292-D': 17, '293-H': 19, '290-J': 0, '290-RA': 5, '292-B': 12, '293-A': 16, '79-K': 13, 'SBS-KLN': 27, '290-R': 13, '290-J MSP-SBS': 0, '294-F': 9, '294-B': 0, '294-E': 18, '294-H': 26, '295-A': 14, '296-N': 17, '290-EB': 0, '293-R': 13, '293-S': 32, '293-K': 13, '296-A': 17, '296-B': 19, '296-D': 26, '296-K': 4, '293-F': 11, 'SBS-HNS': 3, '293-J': 11, 'SBS-RYL': 2, '327-D': 5, '295-C': 34, '295-E': 12, '295-B': 15, '290-QA': 18, '291-G': 20, '295-G': 17, '294-A': 11, '293-B': 11, '290-G': 0, '294-C SBS-JTN': 32, 'SBS-CHLS': 2, '296-T': 17, 'KBS-LGP-CHLS': 1, 'SGH-SBS': 2, '290-Q': 14, 'G-11 SNBS-BLR': 1, '301-F': 6, 'D10G-NGVR-JJN': 1, 'D10G-KMH-SBS': 2, 'TR-4A': 10, 'KMT-BLS-YPB': 1, '290-S': 13, '290-HA': 0, '215-NB': 12, 'D10G-SOPHIA': 1, '302-D': 35, '197 JBN-CLP-STP': 2, 'KLNB-BKC': 1, '348-H': 12, 'SBS-SDH': 2, 'PTH-SBS1': 4, 'KMT-CHLS': 0, '291-D': 22, 'KLNB-LGP-BSK': 3, '293-N': 15, '296-Q': 23, '302 SBS-KLN': 3, '80-F': 35, '291-L': 3, '293-C OASIS-KMT': 1, 'KBS-BDSN': 4, '290-P': 24, 'SBS-JKR-ALSG-PTH': 1, '296-F': 10, 'KLNB-LGP-KBS': 2, 'CLO-RKH': 5, '291-K': 7, '293-C': 32, '303-C': 24, '291-A': 11, '291-E': 16, '293-D': 12, '293-M': 11, '296-M': 6, '293-L': 11, '290 KBS-YLKOT': 2, '290-EY': 0, '291-R': 15, 'KLN-JJN': 1, '314-N': 26, 'K-6': 41, '290-KA KMT-PLG': 1, 'TR-4 JJN-PLG': 2, 'BMT10-NRG': 1, '290-QA NRG-RKHN': 1, 'HMNL-SJHS': 1, 'BMES-SBS': 3, '291-H': 21, 'KLNB-LGP-SBSP': 1, 'KLNB-LGP-SSMT': 1, '291-B': 2, '94E YPRTTMC-TRDBS': 1, 'SBS-SMHSL': 3, '293 KBS-SMHS': 2, '296 SBS-BMESL': 1, 'KBS-NGVRJ-VNS': 1, '302 BMT10-SBS': 2, '293-E': 10, '63 SBS-DPJN': 1, '295-D SBS-BMT10': 1, '290-F': 0, '290-N': 40, '317-K': 0, '241-CD': 11, 'TR-4 KMT-NGV': 1, '290-C': 63, '129 KBS-BNWRS': 1, 'MBS-2': 17, '293 SBS-HMN': 7, '293 SBS-LGP-KLN': 4, '293F KMT-BMT48': 6, '293S KBS-BMT48': 6, '290EY KMT-YHKOT': 0, '300-H  ITICG-KBS': 1, 'MBS2 PTH-MRHSPG': 1, '293 BMT10-ARMY': 2, '295-KMT-D48': 2, '294-C BMT48-MGMS': 1, 'G11-BMT48-MGMS': 2, '294-D': 12, '290-E SBS-NGW-KLN': 0, '293-S KBS-HNS': 2, 'HALM-SBS-BMES': 1, 'SVM-SBS-BMES': 1, 'V-SBS-KNB': 1, '290-E': 52, 'PTH-SBS': 3, 'AMRY-2': 4, 'BSK-KRP-ITI': 1, 'BMSIT-3': 1, '213-D': 6, 'SBS-RJP': 2, '375-D': 80}"
Coles Park Millers Road,12.99554851,77.60656584,1594,29159219,"{'SBS-AMC': 0, '210-X': 16, '327-C': 14, '290-EA': 0, '290-E SBS-PTH': 0, '291-N': 16, 'TR-4': 46, '290-EB KGR-YHK': 0, '253-A': 12, 'SBS-D10G': 31, '295-D': 21, 'KBS-D10G': 8, '290-M': 8, '293-P': 12, '296-V': 13, 'DPJN-JJN-NGW': 4, 'G-11': 35, '296-C': 18, '292-E': 12, '292-C': 30, '290-A': 28, '401-M NLO-CLO': 1, '290-H': 0, 'KBS-HNR-CHLS': 3, 'MGMS-KLN': 2, '292-D': 17, '293-H': 19, '290-RA': 5, '292-B': 12, 'SBS-KLN': 27, '290-R': 13, '294-F': 9, '294-B': 0, '294-E': 18, '294-H': 26, 'KBS-KLN': 6, '295-A': 14, '296-N': 17, '290-EB': 0, '293-R': 13, '293-S': 32, '293-K': 13, '296-A': 17, '296-B': 19, '296-D': 26, '296-K': 4, '293-F': 11, 'SBS-HNS': 3, '293-J': 11, 'SBS-RYL': 2, '327-D': 5, '295-C': 34, '295-E': 12, '295-B': 15, '290-QA': 18, '295-G': 17, '294-A': 11, '293-B': 11, '290-G': 0, '294-C SBS-JTN': 32, 'SBS-CHLS': 2, '296-T': 17, 'KBS-LGP-CHLS': 1, '290-Q': 14, 'G-11 SNBS-BLR': 1, 'TR-4A': 10, 'KMT-BLS-YPB': 1, '290-T': 11, '293-G': 30, '290-HA': 0, '215-NB': 12, 'BMESU-HBL': 4, '242-GA KBS-EWC': 2, '302-D': 35, '348-H': 12, 'SBS-SDH': 2, 'KMT-CHLS': 0, '291-D': 22, '293-N': 15, '296-Q': 23, '302 SBS-KLN': 3, '80-F': 35, '302 VSD-KLN': 4, '291-L': 3, 'KBS-BDSN': 4, '290-Z': 4, '290-P': 24, 'MBS-14': 10, 'SBS-JKR-ALSG-PTH': 1, '296-F': 10, 'CLO-RKH': 5, '291-K': 7, '293-C': 32, '291-A': 11, '291-E': 16, '293-D': 12, '293-M': 11, '296-M': 6, 'G-10': 0, '293-L': 11, '290 KBS-YLKOT': 2, '290-EY': 0, '314-N': 26, '290-KA KMT-PLG': 1, 'TR-4 JJN-PLG': 2, '290-QA NRG-RKHN': 1, '291-H': 21, '94E YPRTTMC-TRDBS': 1, 'SBS-SMHSL': 3, '293 KBS-SMHS': 2, '296 SBS-BMESL': 1, '290-E STJHS-YLKOT': 0, 'KBS-NGVRJ-VNS': 1, '293-E': 10, '295-D SBS-BMT10': 1, '290-N': 40, '317-K': 0, '241-CD': 11, 'TR-4 KMT-NGV': 1, 'GDWC-BGL': 1, '290-C': 63, '129 KBS-BNWRS': 1, '293 SBS-HMN': 7, '293 SBS-LGP-KLN': 4, '293G SBS-BMT48': 16, '293F KMT-BMT48': 6, '293S KBS-BMT48': 6, '290EY KMT-YHKOT': 0, '295-KMT-D48': 2, '294-D': 12, '290-E SBS-NGW-KLN': 0, '293-S KBS-HNS': 2, 'HALM-SBS-BMES': 1, 'SVM-SBS-BMES': 1, 'V-SBS-KNB': 1, 'BSK-KRP-ITI': 1, '348-F': 14, 'BMSIT-3': 1, '213-D': 6, 'SBS-RJP': 2, 'SBS-HTN': 1, '375-D': 80}"
HK Degree College,12.99183405,77.60245694,1093,29159219,"{'210-X': 16, '327-C': 14, '250-AA': 10, '301-E': 39, '300-E': 55, '300-D': 37, '302 VSD-KLN': 4, '253-A': 12, '300-H': 48, '302-C': 11, '302-J': 29, '300-B': 29, '302-GA': 19, '293-H': 19, '79-K': 13, '300-DA': 15, 'KBS-KLN': 6, '290-EB': 0, '293-S': 32, '300-T': 11, '293-K': 13, '293-J': 11, '300-A': 14, 'KBS-BSP-HMA': 1, 'SBS-BSP-HMA': 3, 'KBS-LGP-CHLS': 1, '301-F': 6, '300-P': 46, '300-E SBS-KTMLRG': 2, '290-T': 11, '300-C': 19, 'SBS-BPS-KLK': 2, 'VSD-BSP-KLK': 1, '293-G': 30, '242-GA KBS-EWC': 2, '302-D': 35, '197 JBN-CLP-STP': 2, '300-K': 13, 'PTH-SBS1': 4, '302-N': 38, '276-AB BMT45-DBH': 1, '300-F': 17, '290-Z': 4, 'MBS-14': 10, '302-F': 39, '303-E': 32, '302-B': 40, '302-E': 14, '293-M': 11, 'G-10': 0, '290-KA KMT-PLG': 1, 'KBS-SDSH': 1, '291-H': 21, 'SBS-SVPSH': 1, 'SBS-SVPSL': 2, 'KBS-NGVRJ-VNS': 1, 'KBS-SVPSB': 1, '302-A': 20, 'MBS-2': 17, '330 SBS-ABISRO': 2, '301-D': 18, '301-G': 17, '303-G': 29, '302-G': 19, '293G SBS-BMT48': 16, '293S KBS-BMT48': 6, 'MBS2 PTH-MRHSPG': 1, '300-H  KBS-ITICG': 3, 'HALM-SBS-BMES': 1, 'SVM-SBS-BMES': 1, '301-A': 12, 'AMRY-2': 4, '348-F': 14, '213-D': 6, 'SBS-HTN': 1}"
Shivajinagara Police Station,12.98778688,77.60346495,6,29159219,"{'OASIS-4A': 3, 'OASIS-4B': 2, 'KLNB-LGP-SBSP': 1}"
St Johns School Thamos Cafe,12.99164776,77.61149079,7,29159219,"{'STJHS-HBLB': 2, 'MRHB-STJHS': 2, '290-E STJHS-YLKOT': 0, '500-A CSB-SJHSU': 3}"
Bamboo Bazaar,12.99219243,77.60414818,1909,29159221,"{'SBS-AMC': 0, '210-X': 16, '327-C': 14, '290-EA': 0, '290-E SBS-PTH': 0, '250-AA': 10, '291-N': 16, '301-E': 39, 'TR-4': 46, '290-EB YHK-KGR': 0, '290-EB KGR-YHK': 0, 'NGW-DPJN': 6, '302 VSD-KLN': 4, '253-A': 12, 'SBS-D10G': 31, '295-D': 21, 'KBS-D10G': 8, '290-M': 8, '293-P': 12, '296-V': 13, 'DPJN-JJN-NGW': 4, '290-D': 19, 'G-11': 35, '296-C': 18, 'KLN-LGP-SBS': 14, '292-E': 12, 'D10G-SBS': 6, '292-C': 30, '290-A': 28, '401-M NLO-CLO': 1, '290-H': 0, '291-J': 26, 'KBS-HNR-CHLS': 3, '303-F': 21, 'MGMS-KLN': 2, '292-D': 17, '293-H': 19, '290-J': 0, '290-RA': 5, '292-B': 12, '293-A': 16, '79-K': 13, 'SBS-KLN': 27, '290-R': 13, '290-J MSP-SBS': 0, '294-F': 9, '294-B': 0, '294-E': 18, '294-H': 26, '295-A': 14, '296-N': 17, '290-EB': 0, '293-R': 13, '293-S': 32, '293-K': 13, '296-A': 17, '296-B': 19, '296-D': 26, '296-K': 4, '293-F': 11, 'SBS-HNS': 3, '293-J': 11, 'SBS-RYL': 2, '327-D': 5, '295-C': 34, '295-E': 12, '295-B': 15, '290-QA': 18, '291-G': 20, '295-G': 17, '294-A': 11, '293-B': 11, '290-G': 0, '294-C SBS-JTN': 32, 'SBS-CHLS': 2, '296-T': 17, 'KBS-LGP-CHLS': 1, 'SGH-SBS': 2, '290-Q': 14, 'G-11 SNBS-BLR': 1, '301-F': 6, 'D10G-NGVR-JJN': 1, 'D10G-KMH-SBS': 2, 'TR-4A': 10, 'KMT-BLS-YPB': 1, '290-S': 13, '290-HA': 0, '215-NB': 12, 'D10G-SOPHIA': 1, '302-D': 35, '197 JBN-CLP-STP': 2, 'KLNB-BKC': 1, '348-H': 12, 'SBS-SDH': 2, 'PTH-SBS1': 4, 'KMT-CHLS': 0, '291-D': 22, 'KLNB-LGP-BSK': 3, '293-N': 15, '296-Q': 23, '302 SBS-KLN': 3, '80-F': 35, '291-L': 3, '293-C OASIS-KMT': 1, 'KBS-BDSN': 4, '290-P': 24, 'SBS-JKR-ALSG-PTH': 1, '296-F': 10, 'KLNB-LGP-KBS': 2, 'CLO-RKH': 5, '291-K': 7, '293-C': 32, '303-C': 24, '291-A': 11, '291-E': 16, '293-D': 12, '293-M': 11, '296-M': 6, '293-L': 11, '290 KBS-YLKOT': 2, '290-EY': 0, '291-R': 15, 'KLN-JJN': 1, '314-N': 26, 'K-6': 41, '290-KA KMT-PLG': 1, 'TR-4 JJN-PLG': 2, 'BMT10-NRG': 1, '290-QA NRG-RKHN': 1, 'HMNL-SJHS': 1, 'BMES-SBS': 3, '291-H': 21, 'KLNB-LGP-SBSP': 1, 'KLNB-LGP-SSMT': 1, '291-B': 2, '94E YPRTTMC-TRDBS': 1, 'SBS-SMHSL': 3, '293 KBS-SMHS': 2, '296 SBS-BMESL': 1, 'KBS-NGVRJ-VNS': 1, '302 BMT10-SBS': 2, '293-E': 10, '63 SBS-DPJN': 1, '295-D SBS-BMT10': 1, '290-F': 0, '290-N': 40, '317-K': 0, '241-CD': 11, 'TR-4 KMT-NGV': 1, '290-C': 63, '129 KBS-BNWRS': 1, 'MBS-2': 17, '293 SBS-HMN': 7, '293 SBS-LGP-KLN': 4, '293F KMT-BMT48': 6, '293S KBS-BMT48': 6, '290EY KMT-YHKOT': 0, '300-H  ITICG-KBS': 1, 'MBS2 PTH-MRHSPG': 1, '293 BMT10-ARMY': 2, '295-KMT-D48': 2, '294-C BMT48-MGMS': 1, 'G11-BMT48-MGMS': 2, '294-D': 12, '290-E SBS-NGW-KLN': 0, '293-S KBS-HNS': 2, 'HALM-SBS-BMES': 1, 'SVM-SBS-BMES': 1, 'V-SBS-KNB': 1, '290-E': 52, 'PTH-SBS': 3, 'AMRY-2': 4, 'BSK-KRP-ITI': 1, 'BMSIT-3': 1, '213-D': 6, 'SBS-RJP': 2, '375-D': 80}"
Canara Bank Millers Road,12.99551843,77.60157265,98,29159221,"{'266-N': 12, '114-A': 63, '342-U': 6, 'D06G-STP': 2, '119-B': 15}"
Coles Park Millers Road,12.99554851,77.60656584,1594,29159221,"{'SBS-AMC': 0, '210-X': 16, '327-C': 14, '290-EA': 0, '290-E SBS-PTH': 0, '291-N': 16, 'TR-4': 46, '290-EB KGR-YHK': 0, '253-A': 12, 'SBS-D10G': 31, '295-D': 21, 'KBS-D10G': 8, '290-M': 8, '293-P': 12, '296-V': 13, 'DPJN-JJN-NGW': 4, 'G-11': 35, '296-C': 18, '292-E': 12, '292-C': 30, '290-A': 28, '401-M NLO-CLO': 1, '290-H': 0, 'KBS-HNR-CHLS': 3, 'MGMS-KLN': 2, '292-D': 17, '293-H': 19, '290-RA': 5, '292-B': 12, 'SBS-KLN': 27, '290-R': 13, '294-F': 9, '294-B': 0, '294-E': 18, '294-H': 26, 'KBS-KLN': 6, '295-A': 14, '296-N': 17, '290-EB': 0, '293-R': 13, '293-S': 32, '293-K': 13, '296-A': 17, '296-B': 19, '296-D': 26, '296-K': 4, '293-F': 11, 'SBS-HNS': 3, '293-J': 11, 'SBS-RYL': 2, '327-D': 5, '295-C': 34, '295-E': 12, '295-B': 15, '290-QA': 18, '295-G': 17, '294-A': 11, '293-B': 11, '290-G': 0, '294-C SBS-JTN': 32, 'SBS-CHLS': 2, '296-T': 17, 'KBS-LGP-CHLS': 1, '290-Q': 14, 'G-11 SNBS-BLR': 1, 'TR-4A': 10, 'KMT-BLS-YPB': 1, '290-T': 11, '293-G': 30, '290-HA': 0, '215-NB': 12, 'BMESU-HBL': 4, '242-GA KBS-EWC': 2, '302-D': 35, '348-H': 12, 'SBS-SDH': 2, 'KMT-CHLS': 0, '291-D': 22, '293-N': 15, '296-Q': 23, '302 SBS-KLN': 3, '80-F': 35, '302 VSD-KLN': 4, '291-L': 3, 'KBS-BDSN': 4, '290-Z': 4, '290-P': 24, 'MBS-14': 10, 'SBS-JKR-ALSG-PTH': 1, '296-F': 10, 'CLO-RKH': 5, '291-K': 7, '293-C': 32, '291-A': 11, '291-E': 16, '293-D': 12, '293-M': 11, '296-M': 6, 'G-10': 0, '293-L': 11, '290 KBS-YLKOT': 2, '290-EY': 0, '314-N': 26, '290-KA KMT-PLG': 1, 'TR-4 JJN-PLG': 2, '290-QA NRG-RKHN': 1, '291-H': 21, '94E YPRTTMC-TRDBS': 1, 'SBS-SMHSL': 3, '293 KBS-SMHS': 2, '296 SBS-BMESL': 1, '290-E STJHS-YLKOT': 0, 'KBS-NGVRJ-VNS': 1, '293-E': 10, '295-D SBS-BMT10': 1, '290-N': 40, '317-K': 0, '241-CD': 11, 'TR-4 KMT-NGV': 1, 'GDWC-BGL': 1, '290-C': 63, '129 KBS-BNWRS': 1, '293 SBS-HMN': 7, '293 SBS-LGP-KLN': 4, '293G SBS-BMT48': 16, '293F KMT-BMT48': 6, '293S KBS-BMT48': 6, '290EY KMT-YHKOT': 0, '295-KMT-D48': 2, '294-D': 12, '290-E SBS-NGW-KLN': 0, '293-S KBS-HNS': 2, 'HALM-SBS-BMES': 1, 'SVM-SBS-BMES': 1, 'V-SBS-KNB': 1, 'BSK-KRP-ITI': 1, '348-F': 14, 'BMSIT-3': 1, '213-D': 6, 'SBS-RJP': 2, 'SBS-HTN': 1, '375-D': 80}"
Coles Road,12.99632578,77.61236246,1517,29159221,"{'250-AA': 10, 'SBS-BTM-MDL': 1, '161-D': 24, '301-E': 39, '365-D': 26, '365-B': 6, '365-E': 17, 'KBS-BDC-D34G': 11, '300-E': 55, '300-D': 37, 'BCS-BMSITY': 1, 'KBS-RMS': 2, 'MGRM-BNP': 2, '370-B': 6, 'V-365': 26, 'V-365J': 21, '368-D': 11, '369-F': 11, '369-G': 10, '300-H': 48, '302-C': 11, 'MYH-UBL': 1, 'TTC-UBL': 1, '369-E': 36, '302-J': 29, '300-B': 29, '302-GA': 19, '303-F': 21, '79-K': 13, '300-DA': 15, '300-T': 11, '300-A': 14, 'KBS-BSP-HMA': 1, 'SBS-BSP-HMA': 3, '365-F': 4, '365-N': 19, '365-Q': 16, '365-S': 6, '366-L': 10, '366-N': 16, '366-Q': 15, '366-QA': 8, '366-T': 12, '366-W': 13, '366-Z': 20, '366-F': 12, '366-KA': 8, '368-C': 6, 'KGR-BEML5': 21, '372-F': 9, '372-A': 7, '372-B': 9, '372-E': 7, '372-J': 7, '301-F': 6, 'SBS-JNN': 3, '300-P': 46, '365-J': 44, 'D10G-KMH-SBS': 2, '300-E SBS-KTMLRG': 2, '366-R': 14, 'KBS-CNP': 2, 'SBS-JDVH': 1, '300-C': 19, 'SBS-BPS-KLK': 2, 'VSD-BSP-KLK': 1, 'BGR-JAPC': 5, 'KBS-BMD-DCH': 3, 'C-365': 17, '300-K': 13, 'SBS-DVC': 4, '375-GA': 5, '370-A': 10, 'KBS-UJND': 3, '370-E': 6, '302-N': 38, '369-K': 12, '367-B': 10, 'KBS-SSPL': 1, '276-AB BMT45-DBH': 1, '300-F': 17, 'G-4': 35, '302-F': 39, '366-ZA': 5, '303-E': 32, '302-B': 40, '302-E': 14, '303-C': 24, '372-M': 11, '372-MA': 9, 'KBS-SDSH': 1, 'SBS-SVPSH': 1, 'SBS-SVPSL': 2, 'KBS-GTG-BVH-KGP': 1, 'KBS-SVPSB': 1, '302-A': 20, '330 SBS-ABISRO': 2, '301-D': 18, '301-G': 17, '303-G': 29, '302-G': 19, '300-H  ITICG-KBS': 1, '300-H  KBS-ITICG': 3, '301-A': 12, '369-D': 31, '371-D': 9, '369-J': 12, '371-A': 8, 'AMRY-2': 4}"
CS-Imra Masjid Sunders Road,12.99600127,77.61135131,2,29159221,{'OASIS-1A': 2}
Goodwill Womens College Hines Road,12.99659650,77.60917034,1,29159221,{'GDWC-BGL': 1}
HK Degree College,12.99183405,77.60245694,1093,29159221,"{'210-X': 16, '327-C': 14, '250-AA': 10, '301-E': 39, '300-E': 55, '300-D': 37, '302 VSD-KLN': 4, '253-A': 12, '300-H': 48, '302-C': 11, '302-J': 29, '300-B': 29, '302-GA': 19, '293-H': 19, '79-K': 13, '300-DA': 15, 'KBS-KLN': 6, '290-EB': 0, '293-S': 32, '300-T': 11, '293-K': 13, '293-J': 11, '300-A': 14, 'KBS-BSP-HMA': 1, 'SBS-BSP-HMA': 3, 'KBS-LGP-CHLS': 1, '301-F': 6, '300-P': 46, '300-E SBS-KTMLRG': 2, '290-T': 11, '300-C': 19, 'SBS-BPS-KLK': 2, 'VSD-BSP-KLK': 1, '293-G': 30, '242-GA KBS-EWC': 2, '302-D': 35, '197 JBN-CLP-STP': 2, '300-K': 13, 'PTH-SBS1': 4, '302-N': 38, '276-AB BMT45-DBH': 1, '300-F': 17, '290-Z': 4, 'MBS-14': 10, '302-F': 39, '303-E': 32, '302-B': 40, '302-E': 14, '293-M': 11, 'G-10': 0, '290-KA KMT-PLG': 1, 'KBS-SDSH': 1, '291-H': 21, 'SBS-SVPSH': 1, 'SBS-SVPSL': 2, 'KBS-NGVRJ-VNS': 1, 'KBS-SVPSB': 1, '302-A': 20, 'MBS-2': 17, '330 SBS-ABISRO': 2, '301-D': 18, '301-G': 17, '303-G': 29, '302-G': 19, '293G SBS-BMT48': 16, '293S KBS-BMT48': 6, 'MBS2 PTH-MRHSPG': 1, '300-H  KBS-ITICG': 3, 'HALM-SBS-BMES': 1, 'SVM-SBS-BMES': 1, '301-A': 12, 'AMRY-2': 4, '348-F': 14, '213-D': 6, 'SBS-HTN': 1}"
HP Petrol Bunk Coles Road,12.99663178,77.61175163,7,29159221,"{'SJHS-LGP-HBL': 3, 'ADT-9': 4}"
Millers Road,12.99535051,77.60299891,20,29159221,"{'STJHS-HBLB': 2, 'KIAS-4': 9, 'KIAS-4A': 9}"
St Johns School Thamos Cafe,12.99164776,77.61149079,7,29159221,"{'STJHS-HBLB': 2, 'MRHB-STJHS': 2, '290-E STJHS-YLKOT': 0, '500-A CSB-SJHSU': 3}"
YMC Nandhidurga Road,12.99588429,77.60195152,100,29159221,"{'266-N': 12, 'D10G-MRG': 2, '114-A': 63, '342-U': 6, 'D06G-STP': 2, '119-B': 15}"
Bamboo Bazaar,12.99219243,77.60414818,1909,29159222,"{'SBS-AMC': 0, '210-X': 16, '327-C': 14, '290-EA': 0, '290-E SBS-PTH': 0, '250-AA': 10, '291-N': 16, '301-E': 39, 'TR-4': 46, '290-EB YHK-KGR': 0, '290-EB KGR-YHK': 0, 'NGW-DPJN': 6, '302 VSD-KLN': 4, '253-A': 12, 'SBS-D10G': 31, '295-D': 21, 'KBS-D10G': 8, '290-M': 8, '293-P': 12, '296-V': 13, 'DPJN-JJN-NGW': 4, '290-D': 19, 'G-11': 35, '296-C': 18, 'KLN-LGP-SBS': 14, '292-E': 12, 'D10G-SBS': 6, '292-C': 30, '290-A': 28, '401-M NLO-CLO': 1, '290-H': 0, '291-J': 26, 'KBS-HNR-CHLS': 3, '303-F': 21, 'MGMS-KLN': 2, '292-D': 17, '293-H': 19, '290-J': 0, '290-RA': 5, '292-B': 12, '293-A': 16, '79-K': 13, 'SBS-KLN': 27, '290-R': 13, '290-J MSP-SBS': 0, '294-F': 9, '294-B': 0, '294-E': 18, '294-H': 26, '295-A': 14, '296-N': 17, '290-EB': 0, '293-R': 13, '293-S': 32, '293-K': 13, '296-A': 17, '296-B': 19, '296-D': 26, '296-K': 4, '293-F': 11, 'SBS-HNS': 3, '293-J': 11, 'SBS-RYL': 2, '327-D': 5, '295-C': 34, '295-E': 12, '295-B': 15, '290-QA': 18, '291-G': 20, '295-G': 17, '294-A': 11, '293-B': 11, '290-G': 0, '294-C SBS-JTN': 32, 'SBS-CHLS': 2, '296-T': 17, 'KBS-LGP-CHLS': 1, 'SGH-SBS': 2, '290-Q': 14, 'G-11 SNBS-BLR': 1, '301-F': 6, 'D10G-NGVR-JJN': 1, 'D10G-KMH-SBS': 2, 'TR-4A': 10, 'KMT-BLS-YPB': 1, '290-S': 13, '290-HA': 0, '215-NB': 12, 'D10G-SOPHIA': 1, '302-D': 35, '197 JBN-CLP-STP': 2, 'KLNB-BKC': 1, '348-H': 12, 'SBS-SDH': 2, 'PTH-SBS1': 4, 'KMT-CHLS': 0, '291-D': 22, 'KLNB-LGP-BSK': 3, '293-N': 15, '296-Q': 23, '302 SBS-KLN': 3, '80-F': 35, '291-L': 3, '293-C OASIS-KMT': 1, 'KBS-BDSN': 4, '290-P': 24, 'SBS-JKR-ALSG-PTH': 1, '296-F': 10, 'KLNB-LGP-KBS': 2, 'CLO-RKH': 5, '291-K': 7, '293-C': 32, '303-C': 24, '291-A': 11, '291-E': 16, '293-D': 12, '293-M': 11, '296-M': 6, '293-L': 11, '290 KBS-YLKOT': 2, '290-EY': 0, '291-R': 15, 'KLN-JJN': 1, '314-N': 26, 'K-6': 41, '290-KA KMT-PLG': 1, 'TR-4 JJN-PLG': 2, 'BMT10-NRG': 1, '290-QA NRG-RKHN': 1, 'HMNL-SJHS': 1, 'BMES-SBS': 3, '291-H': 21, 'KLNB-LGP-SBSP': 1, 'KLNB-LGP-SSMT': 1, '291-B': 2, '94E YPRTTMC-TRDBS': 1, 'SBS-SMHSL': 3, '293 KBS-SMHS': 2, '296 SBS-BMESL': 1, 'KBS-NGVRJ-VNS': 1, '302 BMT10-SBS': 2, '293-E': 10, '63 SBS-DPJN': 1, '295-D SBS-BMT10': 1, '290-F': 0, '290-N': 40, '317-K': 0, '241-CD': 11, 'TR-4 KMT-NGV': 1, '290-C': 63, '129 KBS-BNWRS': 1, 'MBS-2': 17, '293 SBS-HMN': 7, '293 SBS-LGP-KLN': 4, '293F KMT-BMT48': 6, '293S KBS-BMT48': 6, '290EY KMT-YHKOT': 0, '300-H  ITICG-KBS': 1, 'MBS2 PTH-MRHSPG': 1, '293 BMT10-ARMY': 2, '295-KMT-D48': 2, '294-C BMT48-MGMS': 1, 'G11-BMT48-MGMS': 2, '294-D': 12, '290-E SBS-NGW-KLN': 0, '293-S KBS-HNS': 2, 'HALM-SBS-BMES': 1, 'SVM-SBS-BMES': 1, 'V-SBS-KNB': 1, '290-E': 52, 'PTH-SBS': 3, 'AMRY-2': 4, 'BSK-KRP-ITI': 1, 'BMSIT-3': 1, '213-D': 6, 'SBS-RJP': 2, '375-D': 80}"
Coles Park Millers Road,12.99554851,77.60656584,1594,29159222,"{'SBS-AMC': 0, '210-X': 16, '327-C': 14, '290-EA': 0, '290-E SBS-PTH': 0, '291-N': 16, 'TR-4': 46, '290-EB KGR-YHK': 0, '253-A': 12, 'SBS-D10G': 31, '295-D': 21, 'KBS-D10G': 8, '290-M': 8, '293-P': 12, '296-V': 13, 'DPJN-JJN-NGW': 4, 'G-11': 35, '296-C': 18, '292-E': 12, '292-C': 30, '290-A': 28, '401-M NLO-CLO': 1, '290-H': 0, 'KBS-HNR-CHLS': 3, 'MGMS-KLN': 2, '292-D': 17, '293-H': 19, '290-RA': 5, '292-B': 12, 'SBS-KLN': 27, '290-R': 13, '294-F': 9, '294-B': 0, '294-E': 18, '294-H': 26, 'KBS-KLN': 6, '295-A': 14, '296-N': 17, '290-EB': 0, '293-R': 13, '293-S': 32, '293-K': 13, '296-A': 17, '296-B': 19, '296-D': 26, '296-K': 4, '293-F': 11, 'SBS-HNS': 3, '293-J': 11, 'SBS-RYL': 2, '327-D': 5, '295-C': 34, '295-E': 12, '295-B': 15, '290-QA': 18, '295-G': 17, '294-A': 11, '293-B': 11, '290-G': 0, '294-C SBS-JTN': 32, 'SBS-CHLS': 2, '296-T': 17, 'KBS-LGP-CHLS': 1, '290-Q': 14, 'G-11 SNBS-BLR': 1, 'TR-4A': 10, 'KMT-BLS-YPB': 1, '290-T': 11, '293-G': 30, '290-HA': 0, '215-NB': 12, 'BMESU-HBL': 4, '242-GA KBS-EWC': 2, '302-D': 35, '348-H': 12, 'SBS-SDH': 2, 'KMT-CHLS': 0, '291-D': 22, '293-N': 15, '296-Q': 23, '302 SBS-KLN': 3, '80-F': 35, '302 VSD-KLN': 4, '291-L': 3, 'KBS-BDSN': 4, '290-Z': 4, '290-P': 24, 'MBS-14': 10, 'SBS-JKR-ALSG-PTH': 1, '296-F': 10, 'CLO-RKH': 5, '291-K': 7, '293-C': 32, '291-A': 11, '291-E': 16, '293-D': 12, '293-M': 11, '296-M': 6, 'G-10': 0, '293-L': 11, '290 KBS-YLKOT': 2, '290-EY': 0, '314-N': 26, '290-KA KMT-PLG': 1, 'TR-4 JJN-PLG': 2, '290-QA NRG-RKHN': 1, '291-H': 21, '94E YPRTTMC-TRDBS': 1, 'SBS-SMHSL': 3, '293 KBS-SMHS': 2, '296 SBS-BMESL': 1, '290-E STJHS-YLKOT': 0, 'KBS-NGVRJ-VNS': 1, '293-E': 10, '295-D SBS-BMT10': 1, '290-N': 40, '317-K': 0, '241-CD': 11, 'TR-4 KMT-NGV': 1, 'GDWC-BGL': 1, '290-C': 63, '129 KBS-BNWRS': 1, '293 SBS-HMN': 7, '293 SBS-LGP-KLN': 4, '293G SBS-BMT48': 16, '293F KMT-BMT48': 6, '293S KBS-BMT48': 6, '290EY KMT-YHKOT': 0, '295-KMT-D48': 2, '294-D': 12, '290-E SBS-NGW-KLN': 0, '293-S KBS-HNS': 2, 'HALM-SBS-BMES': 1, 'SVM-SBS-BMES': 1, 'V-SBS-KNB': 1, 'BSK-KRP-ITI': 1, '348-F': 14, 'BMSIT-3': 1, '213-D': 6, 'SBS-RJP': 2, 'SBS-HTN': 1, '375-D': 80}"
Coles Road,12.99632578,77.61236246,1517,29159222,"{'250-AA': 10, 'SBS-BTM-MDL': 1, '161-D': 24, '301-E': 39, '365-D': 26, '365-B': 6, '365-E': 17, 'KBS-BDC-D34G': 11, '300-E': 55, '300-D': 37, 'BCS-BMSITY': 1, 'KBS-RMS': 2, 'MGRM-BNP': 2, '370-B': 6, 'V-365': 26, 'V-365J': 21, '368-D': 11, '369-F': 11, '369-G': 10, '300-H': 48, '302-C': 11, 'MYH-UBL': 1, 'TTC-UBL': 1, '369-E': 36, '302-J': 29, '300-B': 29, '302-GA': 19, '303-F': 21, '79-K': 13, '300-DA': 15, '300-T': 11, '300-A': 14, 'KBS-BSP-HMA': 1, 'SBS-BSP-HMA': 3, '365-F': 4, '365-N': 19, '365-Q': 16, '365-S': 6, '366-L': 10, '366-N': 16, '366-Q': 15, '366-QA': 8, '366-T': 12, '366-W': 13, '366-Z': 20, '366-F': 12, '366-KA': 8, '368-C': 6, 'KGR-BEML5': 21, '372-F': 9, '372-A': 7, '372-B': 9, '372-E': 7, '372-J': 7, '301-F': 6, 'SBS-JNN': 3, '300-P': 46, '365-J': 44, 'D10G-KMH-SBS': 2, '300-E SBS-KTMLRG': 2, '366-R': 14, 'KBS-CNP': 2, 'SBS-JDVH': 1, '300-C': 19, 'SBS-BPS-KLK': 2, 'VSD-BSP-KLK': 1, 'BGR-JAPC': 5, 'KBS-BMD-DCH': 3, 'C-365': 17, '300-K': 13, 'SBS-DVC': 4, '375-GA': 5, '370-A': 10, 'KBS-UJND': 3, '370-E': 6, '302-N': 38, '369-K': 12, '367-B': 10, 'KBS-SSPL': 1, '276-AB BMT45-DBH': 1, '300-F': 17, 'G-4': 35, '302-F': 39, '366-ZA': 5, '303-E': 32, '302-B': 40, '302-E': 14, '303-C': 24, '372-M': 11, '372-MA': 9, 'KBS-SDSH': 1, 'SBS-SVPSH': 1, 'SBS-SVPSL': 2, 'KBS-GTG-BVH-KGP': 1, 'KBS-SVPSB': 1, '302-A': 20, '330 SBS-ABISRO': 2, '301-D': 18, '301-G': 17, '303-G': 29, '302-G': 19, '300-H  ITICG-KBS': 1, '300-H  KBS-ITICG': 3, '301-A': 12, '369-D': 31, '371-D': 9, '369-J': 12, '371-A': 8, 'AMRY-2': 4}"
CS-Imra Masjid Sunders Road,12.99600127,77.61135131,2,29159222,{'OASIS-1A': 2}
Goodwill Womens College Hines Road,12.99659650,77.60917034,1,29159222,{'GDWC-BGL': 1}
HP Petrol Bunk Coles Road,12.99663178,77.61175163,7,29159222,"{'SJHS-LGP-HBL': 3, 'ADT-9': 4}"
Lake Side Hospital,12.98850204,77.61746024,7,29159222,"{'302 VSD-KLN': 4, 'LTU-IND-BSK': 1, 'MRHB-STJHS': 2}"
Lavanya Talkies,12.98601225,77.61551410,82,29159222,"{'126-A': 33, 'TR-7': 9, '171-H MLO-KKSD': 1, '248-T': 13, '197 JBN-CLP-STP': 2, 'MF-4': 15, 'LTU-IND-BSK': 1, 'BELGS-20': 2, '290-QA NRG-RKHN': 1, 'OASIS-1A': 2, 'BGHS-6': 2, 'D10G-BMES': 1}"
Shivanachetty Garden,12.98973271,77.61544035,6,29159222,"{'171-H MLO-KKSD': 1, '302 VSD-KLN': 4, 'D10G-BMES': 1}"
Sindhi Colony,12.99556417,77.61664061,67,29159222,"{'250-AA': 10, '126-A': 33, 'TR-7': 9, '171-H MLO-KKSD': 1, '248-T': 13, '302 ARMYS-KLNB': 1}"
St Johns School Thamos Cafe,12.99164776,77.61149079,7,29159222,"{'STJHS-HBLB': 2, 'MRHB-STJHS': 2, '290-E STJHS-YLKOT': 0, '500-A CSB-SJHSU': 3}"
Thomas Bakery,12.99115299,77.61423039,60,29159222,"{'126-A': 33, 'TR-7': 9, '171-H MLO-KKSD': 1, '302 VSD-KLN': 4, '248-T': 13}"
Thomas Cafe,12.99069319,77.61358827,24,29159222,"{'BMESU-HBL': 4, 'CAPGPS-7': 2, 'AMRY-2': 4, 'MSP-ARMYK': 1, 'SOPHIY-8': 2, 'BMES-5': 3, 'BCGHS-18': 2, 'BGHS-6': 2, 'MRHB-STJHS': 2, 'VCS-JFWTC-12 DPT-JFWTC': 1, 'D10G-BMES': 1}"
Williams Town Park,12.99998422,77.60748558,2,29159222,"{'BELGS-35': 0, 'D24-TNF-WTP': 1, 'WTP-JVH-KRP': 1}"
Coles Road,12.99632578,77.61236246,1517,29159223,"{'250-AA': 10, 'SBS-BTM-MDL': 1, '161-D': 24, '301-E': 39, '365-D': 26, '365-B': 6, '365-E': 17, 'KBS-BDC-D34G': 11, '300-E': 55, '300-D': 37, 'BCS-BMSITY': 1, 'KBS-RMS': 2, 'MGRM-BNP': 2, '370-B': 6, 'V-365': 26, 'V-365J': 21, '368-D': 11, '369-F': 11, '369-G': 10, '300-H': 48, '302-C': 11, 'MYH-UBL': 1, 'TTC-UBL': 1, '369-E': 36, '302-J': 29, '300-B': 29, '302-GA': 19, '303-F': 21, '79-K': 13, '300-DA': 15, '300-T': 11, '300-A': 14, 'KBS-BSP-HMA': 1, 'SBS-BSP-HMA': 3, '365-F': 4, '365-N': 19, '365-Q': 16, '365-S': 6, '366-L': 10, '366-N': 16, '366-Q': 15, '366-QA': 8, '366-T': 12, '366-W': 13, '366-Z': 20, '366-F': 12, '366-KA': 8, '368-C': 6, 'KGR-BEML5': 21, '372-F': 9, '372-A': 7, '372-B': 9, '372-E': 7, '372-J': 7, '301-F': 6, 'SBS-JNN': 3, '300-P': 46, '365-J': 44, 'D10G-KMH-SBS': 2, '300-E SBS-KTMLRG': 2, '366-R': 14, 'KBS-CNP': 2, 'SBS-JDVH': 1, '300-C': 19, 'SBS-BPS-KLK': 2, 'VSD-BSP-KLK': 1, 'BGR-JAPC': 5, 'KBS-BMD-DCH': 3, 'C-365': 17, '300-K': 13, 'SBS-DVC': 4, '375-GA': 5, '370-A': 10, 'KBS-UJND': 3, '370-E': 6, '302-N': 38, '369-K': 12, '367-B': 10, 'KBS-SSPL': 1, '276-AB BMT45-DBH': 1, '300-F': 17, 'G-4': 35, '302-F': 39, '366-ZA': 5, '303-E': 32, '302-B': 40, '302-E': 14, '303-C': 24, '372-M': 11, '372-MA': 9, 'KBS-SDSH': 1, 'SBS-SVPSH': 1, 'SBS-SVPSL': 2, 'KBS-GTG-BVH-KGP': 1, 'KBS-SVPSB': 1, '302-A': 20, '330 SBS-ABISRO': 2, '301-D': 18, '301-G': 17, '303-G': 29, '302-G': 19, '300-H  ITICG-KBS': 1, '300-H  KBS-ITICG': 3, '301-A': 12, '369-D': 31, '371-D': 9, '369-J': 12, '371-A': 8, 'AMRY-2': 4}"
CS-Imra Masjid Sunders Road,12.99600127,77.61135131,2,29159223,{'OASIS-1A': 2}
East Railway Station,13.00024247,77.61721795,0,29159223,{}
Frazer Town,13.00095911,77.61294625,1227,29159223,"{'327-C': 14, 'NGW-DPJN': 6, 'SBS-D10G': 31, '295-D': 21, 'KBS-D10G': 8, '293-P': 12, '296-V': 13, 'D10G-MRG': 2, '290-D': 19, 'G-11': 35, '296-C': 18, 'KLN-LGP-SBS': 14, '292-E': 12, 'D10G-SBS': 6, '292-C': 30, '401-M NLO-CLO': 1, '291-J': 26, 'MGMS-KLN': 2, '292-D': 17, '293-H': 19, '290-J': 0, '292-B': 12, '293-A': 16, 'SBS-KLN': 27, '290-J MSP-SBS': 0, '294-F': 9, '294-B': 0, '294-E': 18, '294-H': 26, '295-A': 14, '296-N': 17, '293-R': 13, '293-S': 32, '293-K': 13, '296-A': 17, '296-B': 19, '296-D': 26, '296-K': 4, '293-F': 11, 'SBS-HNS': 3, '293-J': 11, 'SBS-RYL': 2, '327-D': 5, '295-C': 34, '295-E': 12, '295-B': 15, '295-G': 17, '294-A': 11, '293-B': 11, '294-C SBS-JTN': 32, 'SBS-CHLS': 2, '296-T': 17, 'KBS-LGP-CHLS': 1, 'SGH-SBS': 2, 'G-11 SNBS-BLR': 1, 'D10G-NGVR-JJN': 1, 'KMT-BLS-YPB': 1, '293-G': 30, '215-NB': 12, 'D10G-SOPHIA': 1, 'BMESU-HBL': 4, '302-D': 35, 'KLNB-BKC': 1, '348-H': 12, 'PTH-SBS1': 4, 'KMT-CHLS': 0, 'KLNB-LGP-BSK': 3, '293-N': 15, '296-Q': 23, '302 SBS-KLN': 3, '80-F': 35, '302 VSD-KLN': 4, '293-C OASIS-KMT': 1, '296-F': 10, 'KLNB-LGP-KBS': 2, '293-C': 32, '293-D': 12, '293-M': 11, '293-L': 11, 'JGF-2': 3, 'KLN-JJN': 1, '314-N': 26, 'K-6': 41, 'MSP-ARMYK': 1, 'HMNL-SJHS': 1, 'BMES-SBS': 3, 'KLNB-LGP-SBSP': 1, 'KLNB-LGP-SSMT': 1, 'ITPL-2A': 2, 'SBS-SMHSL': 3, '293 KBS-SMHS': 2, 'SHS-10': 2, '296 SBS-BMESL': 1, 'BCGHS-9': 2, 'VNS-03': 3, 'SJHS-9': 1, '302 BMT10-SBS': 2, 'BELGS-46': 2, 'BTP-27A': 2, '293-E': 10, 'OASIS-2B': 2, 'WTP-JVH-KRP': 1, '295-D SBS-BMT10': 1, '290-F': 0, 'TR-4 NGV-MRBS': 2, 'GDWC-BGL': 1, '129 KBS-BNWRS': 1, 'MBS-2': 17, '293 SBS-HMN': 7, '293 SBS-LGP-KLN': 4, 'VCS-ORRCA-112 ULSL-ORRCA': 2, '293G SBS-BMT48': 16, '293F KMT-BMT48': 6, '293S KBS-BMT48': 6, 'D10G-BMES': 1, 'MBS2 PTH-MRHSPG': 1, '293 BMT10-ARMY': 2, '295-KMT-D48': 2, '294-C BMT48-MGMS': 1, 'CRISTAL-3': 1, 'G11-BMT48-MGMS': 2, '294-D': 12, '293-S KBS-HNS': 2, 'HALM-SBS-BMES': 1, 'SVM-SBS-BMES': 1}"
Goodwill Womens College Hines Road,12.99659650,77.60917034,1,29159223,{'GDWC-BGL': 1}
HP Petrol Bunk Coles Road,12.99663178,77.61175163,7,29159223,"{'SJHS-LGP-HBL': 3, 'ADT-9': 4}"
Mosque Road,13.00031693,77.61607925,530,29159223,"{'300-E': 55, '302-C': 11, '302-J': 29, '300-B': 29, '302-GA': 19, '303-F': 21, '300-T': 11, 'KBS-BSP-HMA': 1, 'SBS-BSP-HMA': 3, 'D10G-KMH-SBS': 2, '300-D': 37, '300-E SBS-KTMLRG': 2, '302-N': 38, '276-AB BMT45-DBH': 1, '300-F': 17, '302-F': 39, 'SJHS-LGP-HBL': 3, '303-E': 32, '302-B': 40, '302-E': 14, 'OASIS-4A': 3, 'OASIS-2A': 2, 'KBS-SDSH': 1, 'SOPHIYA-15': 2, 'SBS-SVPSH': 1, 'SBS-SVPSL': 2, 'SHS-10': 2, 'BMES-5': 3, 'BCGHS-18': 2, 'STJOHN-5': 2, 'CALLBUS-05': 1, 'BELGS-46': 2, 'KBS-SVPSB': 1, '302-A': 20, 'VCS-MEBP-12 BSK-MEBP': 1, '330 SBS-ABISRO': 2, '301-G': 17, '303-G': 29, '302-G': 19, 'D10G-BMES': 1, '300-H  ITICG-KBS': 1, '301-A': 12}"
Shivanachetty Garden,12.98973271,77.61544035,6,29159223,"{'171-H MLO-KKSD': 1, '302 VSD-KLN': 4, 'D10G-BMES': 1}"
Sindhi Colony,12.99556417,77.61664061,67,29159223,"{'250-AA': 10, '126-A': 33, 'TR-7': 9, '171-H MLO-KKSD': 1, '248-T': 13, '302 ARMYS-KLNB': 1}"
St Johns School Thamos Cafe,12.99164776,77.61149079,7,29159223,"{'STJHS-HBLB': 2, 'MRHB-STJHS': 2, '290-E STJHS-YLKOT': 0, '500-A CSB-SJHSU': 3}"
Thomas Bakery,12.99115299,77.61423039,60,29159223,"{'126-A': 33, 'TR-7': 9, '171-H MLO-KKSD': 1, '302 VSD-KLN': 4, '248-T': 13}"
Thomas Cafe,12.99069319,77.61358827,24,29159223,"{'BMESU-HBL': 4, 'CAPGPS-7': 2, 'AMRY-2': 4, 'MSP-ARMYK': 1, 'SOPHIY-8': 2, 'BMES-5': 3, 'BCGHS-18': 2, 'BGHS-6': 2, 'MRHB-STJHS': 2, 'VCS-JFWTC-12 DPT-JFWTC': 1, 'D10G-BMES': 1}"
Kaval Byrasandra,13.01970724,77.60760896,241,29159028,"{'111-C': 59, 'RTNPS-KBR': 3, 'KVB-NVG': 5, 'KBR-SJHS': 1, 'HBL-KBR': 1, '176 KBR-VTTMC': 1, '342-U': 6, '144-K D06G-KVLB': 1, '144-K': 23, 'VSD-KBR': 1, '300-V': 4, '176 CLO-KBR': 3, 'KVBR-HBL-CHSC': 3, 'KBR-KRM': 1, '241-T': 7, 'KRM-KBR': 2, '176-E': 10, 'BEMLA-7': 2, '176-A': 14, 'KVLB-VNS': 1, 'BVNR-KVBL': 1, 'SPHS-BMT14': 1, 'CRISTAL-5': 3, 'SOPHIYA-3': 2, '242-R': 9, 'YTTMC-MMLKB': 1, 'BELGS-55': 3, '176-E VTTMC-KBR': 1, '79-B': 27, '256-MB': 6, '112-A': 24, '230-A': 12}"
Manjushree Hospital,13.02135230,77.60704770,62,29159028,"{'RTNPS-ABC': 1, 'RTNPS-SMP': 1, '415-G': 18, 'KBR-SJHS': 1, '415-A': 2, 'HBL-KBR': 1, 'RTNPS-CHCL': 1, '241-T': 7, '415-D': 29, 'KVLB-VNS': 1}"
MM Layout Kavalbyrasandra,13.02220094,77.61009201,3,29159028,"{'VNS-20': 2, 'YTTMC-MMLKB': 1}"
Modhi Garden Kavakbyrasandra,13.01722563,77.60745842,9,29159028,{'111-C KBS-MDG': 9}
P&T Quarters,13.02150321,77.60457069,291,29159028,"{'RTNPS-ABC': 1, '111-C': 59, 'RTNPS-KBR': 3, 'KVB-NVG': 5, 'RTNPS-SMP': 1, '415-G': 18, 'KBR-SJHS': 1, '415-A': 2, 'HBL-KBR': 1, 'RTNPS-CHCL': 1, '176 KBR-VTTMC': 1, '342-U': 6, '144-K D06G-KVLB': 1, '144-K': 23, 'VSD-KBR': 1, '300-V': 4, '176 CLO-KBR': 3, 'KVBR-HBL-CHSC': 3, 'KBR-KRM': 1, '241-T': 7, 'KRM-KBR': 2, '176-E': 10, '415-D': 29, '176-A': 14, 'KVLB-VNS': 1, 'BVNR-KVBL': 1, '242-R': 9, 'YTTMC-MMLKB': 1, '111-C KBS-MDG': 9, '176-E VTTMC-KBR': 1, '79-B': 27, '256-MB': 6, '112-A': 24, '230-A': 12}"
Kaval Byrasandra,13.01970724,77.60760896,241,29159033,"{'111-C': 59, 'RTNPS-KBR': 3, 'KVB-NVG': 5, 'KBR-SJHS': 1, 'HBL-KBR': 1, '176 KBR-VTTMC': 1, '342-U': 6, '144-K D06G-KVLB': 1, '144-K': 23, 'VSD-KBR': 1, '300-V': 4, '176 CLO-KBR': 3, 'KVBR-HBL-CHSC': 3, 'KBR-KRM': 1, '241-T': 7, 'KRM-KBR': 2, '176-E': 10, 'BEMLA-7': 2, '176-A': 14, 'KVLB-VNS': 1, 'BVNR-KVBL': 1, 'SPHS-BMT14': 1, 'CRISTAL-5': 3, 'SOPHIYA-3': 2, '242-R': 9, 'YTTMC-MMLKB': 1, 'BELGS-55': 3, '176-E VTTMC-KBR': 1, '79-B': 27, '256-MB': 6, '112-A': 24, '230-A': 12}"
Manjushree Hospital,13.02135230,77.60704770,62,29159033,"{'RTNPS-ABC': 1, 'RTNPS-SMP': 1, '415-G': 18, 'KBR-SJHS': 1, '415-A': 2, 'HBL-KBR': 1, 'RTNPS-CHCL': 1, '241-T': 7, '415-D': 29, 'KVLB-VNS': 1}"
MM Layout Kavalbyrasandra,13.02220094,77.61009201,3,29159033,"{'VNS-20': 2, 'YTTMC-MMLKB': 1}"
Modhi Garden Kavakbyrasandra,13.01722563,77.60745842,9,29159033,{'111-C KBS-MDG': 9}
P&T Quarters,13.02150321,77.60457069,291,29159033,"{'RTNPS-ABC': 1, '111-C': 59, 'RTNPS-KBR': 3, 'KVB-NVG': 5, 'RTNPS-SMP': 1, '415-G': 18, 'KBR-SJHS': 1, '415-A': 2, 'HBL-KBR': 1, 'RTNPS-CHCL': 1, '176 KBR-VTTMC': 1, '342-U': 6, '144-K D06G-KVLB': 1, '144-K': 23, 'VSD-KBR': 1, '300-V': 4, '176 CLO-KBR': 3, 'KVBR-HBL-CHSC': 3, 'KBR-KRM': 1, '241-T': 7, 'KRM-KBR': 2, '176-E': 10, '415-D': 29, '176-A': 14, 'KVLB-VNS': 1, 'BVNR-KVBL': 1, '242-R': 9, 'YTTMC-MMLKB': 1, '111-C KBS-MDG': 9, '176-E VTTMC-KBR': 1, '79-B': 27, '256-MB': 6, '112-A': 24, '230-A': 12}"
Kaval Byrasandra,13.01970724,77.60760896,241,29159034,"{'111-C': 59, 'RTNPS-KBR': 3, 'KVB-NVG': 5, 'KBR-SJHS': 1, 'HBL-KBR': 1, '176 KBR-VTTMC': 1, '342-U': 6, '144-K D06G-KVLB': 1, '144-K': 23, 'VSD-KBR': 1, '300-V': 4, '176 CLO-KBR': 3, 'KVBR-HBL-CHSC': 3, 'KBR-KRM': 1, '241-T': 7, 'KRM-KBR': 2, '176-E': 10, 'BEMLA-7': 2, '176-A': 14, 'KVLB-VNS': 1, 'BVNR-KVBL': 1, 'SPHS-BMT14': 1, 'CRISTAL-5': 3, 'SOPHIYA-3': 2, '242-R': 9, 'YTTMC-MMLKB': 1, 'BELGS-55': 3, '176-E VTTMC-KBR': 1, '79-B': 27, '256-MB': 6, '112-A': 24, '230-A': 12}"
Manjushree Hospital,13.02135230,77.60704770,62,29159034,"{'RTNPS-ABC': 1, 'RTNPS-SMP': 1, '415-G': 18, 'KBR-SJHS': 1, '415-A': 2, 'HBL-KBR': 1, 'RTNPS-CHCL': 1, '241-T': 7, '415-D': 29, 'KVLB-VNS': 1}"
MM Layout Kavalbyrasandra,13.02220094,77.61009201,3,29159034,"{'VNS-20': 2, 'YTTMC-MMLKB': 1}"
Modhi Garden Kavakbyrasandra,13.01722563,77.60745842,9,29159034,{'111-C KBS-MDG': 9}
P&T Quarters,13.02150321,77.60457069,291,29159034,"{'RTNPS-ABC': 1, '111-C': 59, 'RTNPS-KBR': 3, 'KVB-NVG': 5, 'RTNPS-SMP': 1, '415-G': 18, 'KBR-SJHS': 1, '415-A': 2, 'HBL-KBR': 1, 'RTNPS-CHCL': 1, '176 KBR-VTTMC': 1, '342-U': 6, '144-K D06G-KVLB': 1, '144-K': 23, 'VSD-KBR': 1, '300-V': 4, '176 CLO-KBR': 3, 'KVBR-HBL-CHSC': 3, 'KBR-KRM': 1, '241-T': 7, 'KRM-KBR': 2, '176-E': 10, '415-D': 29, '176-A': 14, 'KVLB-VNS': 1, 'BVNR-KVBL': 1, '242-R': 9, 'YTTMC-MMLKB': 1, '111-C KBS-MDG': 9, '176-E VTTMC-KBR': 1, '79-B': 27, '256-MB': 6, '112-A': 24, '230-A': 12}"
Postal and Telecom Colony,13.02460630,77.60524727,695,29159034,"{'290-EA': 0, '290-E SBS-PTH': 0, '291-N': 16, 'TR-4': 46, '290-EB YHK-KGR': 0, '290-EB KGR-YHK': 0, 'NGW-DPJN': 6, '253-A': 12, '290-M': 8, 'DPJN-JJN-NGW': 4, '290-D': 19, '290-A': 28, '291-J': 26, '290-J': 0, '290-RA': 5, '290-R': 13, '290-J MSP-SBS': 0, '290-EB': 0, '290-QA': 18, '291-G': 20, '290-Q': 14, 'D10G-NGVR-JJN': 1, 'TR-4A': 10, '290-T': 11, '290-HA': 0, 'KLNB-BKC': 1, 'PTH-SBS1': 4, '291-D': 22, '291-L': 3, '290-Z': 4, '290-P': 24, 'MBS-14': 10, 'SBS-JKR-ALSG-PTH': 1, 'CLO-RKH': 5, '291-K': 7, '291-A': 11, '291-E': 16, 'G-10': 0, '290 KBS-YLKOT': 2, '290-EY': 0, '291-R': 15, 'KLN-JJN': 1, '290-QA NRG-RKHN': 1, 'MSP-ARMYK': 1, '291-H': 21, '291-B': 2, '290-E STJHS-YLKOT': 0, 'KBS-NGVRJ-VNS': 1, '63 SBS-DPJN': 1, '290-F': 0, '290-N': 40, '317-K': 0, 'TR-4 NGV-MRBS': 2, 'TR-4 KMT-NGV': 1, '290-C': 63, 'MBS-2': 17, '290EY KMT-YHKOT': 0, 'MBS2 PTH-MRHSPG': 1, '290-E SBS-NGW-KLN': 0, '290-E ITCF-YHKOT': 0, 'V-SBS-KNB': 1, '290-E': 52, 'PTH-SBS': 3, 'BSK-KRP-ITI': 1, '348-F': 14, 'BMSIT-3': 1, '213-D': 6, 'SBS-RJP': 2, 'SBS-HTN': 1, '375-D': 80}"
Sultanpalya Ashwathkatte,13.02466383,77.60329196,370,29159034,"{'YTTMC-CMN': 1, 'RTNPS-VNH': 4, 'BELGS-51': 2, '415-B': 33, '415-F': 46, 'KBS-SPHC': 1, 'GKVK-STP': 3, '114-E': 8, '296-A': 17, '114-A': 63, '114-G': 22, '176-CA': 19, '347-E': 13, '197 JBN-CLP-STP': 2, '415-J': 19, 'D06G-STP': 2, 'SBS-STP': 3, 'SBS-JML-STP': 1, 'D06-STP': 1, '114-C': 63, '114-B': 42, 'SPHSB-STP': 1, 'RTNPS-STP': 4}"
Sultanpalya Cross Pushpanjali Talkies,13.02206963,77.60235853,699,29159034,"{'YTTMC-CMN': 1, 'RTNPS-ABC': 1, 'RTNPS-VNH': 4, '111-C': 59, '176-C': 25, '13-S': 5, 'STP-BSK': 1, 'RTNPS-KBR': 3, 'KVB-NVG': 5, 'BELGS-51': 2, '415-B': 33, 'RTNPS-SMP': 1, '415-G': 18, '415-F': 46, 'KBS-SPHC': 1, 'KBR-SJHS': 1, 'GKVK-STP': 3, '114-E': 8, '415-A': 2, 'HBL-KBR': 1, 'RTNPS-CHCL': 1, 'STP-HBL': 1, '176 KBR-VTTMC': 1, '296-A': 17, '114-A': 63, '114-G': 22, '342-U': 6, '144-K D06G-KVLB': 1, '144-K': 23, 'VSD-KBR': 1, '300-V': 4, '176-CA': 19, '347-E': 13, '197 JBN-CLP-STP': 2, '176 CLO-KBR': 3, '415-J': 19, 'KVBR-HBL-CHSC': 3, 'KBR-KRM': 1, '241-T': 7, 'D06G-STP': 2, 'SBS-STP': 3, 'STP-SBS': 2, 'SPHC-KMT': 1, '176-E': 10, 'SBS-JML-STP': 1, 'D06-STP': 1, '415-D': 29, '176-A': 14, '114-C': 63, '114-B': 42, 'KVLB-VNS': 1, 'BVNR-KVBL': 1, 'STP-HBL-VNS': 1, 'SPHSB-STP': 1, 'HBLB-SPHCN': 1, '242-R': 9, 'YTTMC-MMLKB': 1, '111-C KBS-MDG': 9, '176-E VTTMC-KBR': 1, 'KBS-LRB': 1, '297 STP-AFSY': 2, '79-B': 27, '256-MB': 6, 'MRPL-BELC': 0, '112-A': 24, 'RTNPS-STP': 4, '230-A': 12}"
Dinnur MainRoad,13.02391946,77.59884403,56,29159037,"{'176-C': 25, '13-S': 5, 'STP-BSK': 1, 'KVB-NVG': 5, 'KBR-SJHS': 1, 'STP-HBL': 1, '176 KBR-VTTMC': 1, '342-U': 6, 'KVBR-HBL-CHSC': 3, 'KBR-KRM': 1, 'STP-SBS': 2, 'SPHC-KMT': 1, 'KVLB-VNS': 1, 'STP-HBL-VNS': 1, 'V-DPT-HBL-TNF-MRHB-CSB': 0, '297 STP-AFSY': 2, 'MRPL-BELC': 0}"
Kaval Byrasandra,13.01970724,77.60760896,241,29159037,"{'111-C': 59, 'RTNPS-KBR': 3, 'KVB-NVG': 5, 'KBR-SJHS': 1, 'HBL-KBR': 1, '176 KBR-VTTMC': 1, '342-U': 6, '144-K D06G-KVLB': 1, '144-K': 23, 'VSD-KBR': 1, '300-V': 4, '176 CLO-KBR': 3, 'KVBR-HBL-CHSC': 3, 'KBR-KRM': 1, '241-T': 7, 'KRM-KBR': 2, '176-E': 10, 'BEMLA-7': 2, '176-A': 14, 'KVLB-VNS': 1, 'BVNR-KVBL': 1, 'SPHS-BMT14': 1, 'CRISTAL-5': 3, 'SOPHIYA-3': 2, '242-R': 9, 'YTTMC-MMLKB': 1, 'BELGS-55': 3, '176-E VTTMC-KBR': 1, '79-B': 27, '256-MB': 6, '112-A': 24, '230-A': 12}"
Manjushree Hospital,13.02135230,77.60704770,62,29159037,"{'RTNPS-ABC': 1, 'RTNPS-SMP': 1, '415-G': 18, 'KBR-SJHS': 1, '415-A': 2, 'HBL-KBR': 1, 'RTNPS-CHCL': 1, '241-T': 7, '415-D': 29, 'KVLB-VNS': 1}"
Modhi Garden Kavakbyrasandra,13.01722563,77.60745842,9,29159037,{'111-C KBS-MDG': 9}
P&T Quarters,13.02150321,77.60457069,291,29159037,"{'RTNPS-ABC': 1, '111-C': 59, 'RTNPS-KBR': 3, 'KVB-NVG': 5, 'RTNPS-SMP': 1, '415-G': 18, 'KBR-SJHS': 1, '415-A': 2, 'HBL-KBR': 1, 'RTNPS-CHCL': 1, '176 KBR-VTTMC': 1, '342-U': 6, '144-K D06G-KVLB': 1, '144-K': 23, 'VSD-KBR': 1, '300-V': 4, '176 CLO-KBR': 3, 'KVBR-HBL-CHSC': 3, 'KBR-KRM': 1, '241-T': 7, 'KRM-KBR': 2, '176-E': 10, '415-D': 29, '176-A': 14, 'KVLB-VNS': 1, 'BVNR-KVBL': 1, '242-R': 9, 'YTTMC-MMLKB': 1, '111-C KBS-MDG': 9, '176-E VTTMC-KBR': 1, '79-B': 27, '256-MB': 6, '112-A': 24, '230-A': 12}"
Postal and Telecom Colony,13.02460630,77.60524727,695,29159037,"{'290-EA': 0, '290-E SBS-PTH': 0, '291-N': 16, 'TR-4': 46, '290-EB YHK-KGR': 0, '290-EB KGR-YHK': 0, 'NGW-DPJN': 6, '253-A': 12, '290-M': 8, 'DPJN-JJN-NGW': 4, '290-D': 19, '290-A': 28, '291-J': 26, '290-J': 0, '290-RA': 5, '290-R': 13, '290-J MSP-SBS': 0, '290-EB': 0, '290-QA': 18, '291-G': 20, '290-Q': 14, 'D10G-NGVR-JJN': 1, 'TR-4A': 10, '290-T': 11, '290-HA': 0, 'KLNB-BKC': 1, 'PTH-SBS1': 4, '291-D': 22, '291-L': 3, '290-Z': 4, '290-P': 24, 'MBS-14': 10, 'SBS-JKR-ALSG-PTH': 1, 'CLO-RKH': 5, '291-K': 7, '291-A': 11, '291-E': 16, 'G-10': 0, '290 KBS-YLKOT': 2, '290-EY': 0, '291-R': 15, 'KLN-JJN': 1, '290-QA NRG-RKHN': 1, 'MSP-ARMYK': 1, '291-H': 21, '291-B': 2, '290-E STJHS-YLKOT': 0, 'KBS-NGVRJ-VNS': 1, '63 SBS-DPJN': 1, '290-F': 0, '290-N': 40, '317-K': 0, 'TR-4 NGV-MRBS': 2, 'TR-4 KMT-NGV': 1, '290-C': 63, 'MBS-2': 17, '290EY KMT-YHKOT': 0, 'MBS2 PTH-MRHSPG': 1, '290-E SBS-NGW-KLN': 0, '290-E ITCF-YHKOT': 0, 'V-SBS-KNB': 1, '290-E': 52, 'PTH-SBS': 3, 'BSK-KRP-ITI': 1, '348-F': 14, 'BMSIT-3': 1, '213-D': 6, 'SBS-RJP': 2, 'SBS-HTN': 1, '375-D': 80}"
Sultanpalya Ashwathkatte,13.02466383,77.60329196,370,29159037,"{'YTTMC-CMN': 1, 'RTNPS-VNH': 4, 'BELGS-51': 2, '415-B': 33, '415-F': 46, 'KBS-SPHC': 1, 'GKVK-STP': 3, '114-E': 8, '296-A': 17, '114-A': 63, '114-G': 22, '176-CA': 19, '347-E': 13, '197 JBN-CLP-STP': 2, '415-J': 19, 'D06G-STP': 2, 'SBS-STP': 3, 'SBS-JML-STP': 1, 'D06-STP': 1, '114-C': 63, '114-B': 42, 'SPHSB-STP': 1, 'RTNPS-STP': 4}"
Sultanpalya Cross Pushpanjali Talkies,13.02206963,77.60235853,699,29159037,"{'YTTMC-CMN': 1, 'RTNPS-ABC': 1, 'RTNPS-VNH': 4, '111-C': 59, '176-C': 25, '13-S': 5, 'STP-BSK': 1, 'RTNPS-KBR': 3, 'KVB-NVG': 5, 'BELGS-51': 2, '415-B': 33, 'RTNPS-SMP': 1, '415-G': 18, '415-F': 46, 'KBS-SPHC': 1, 'KBR-SJHS': 1, 'GKVK-STP': 3, '114-E': 8, '415-A': 2, 'HBL-KBR': 1, 'RTNPS-CHCL': 1, 'STP-HBL': 1, '176 KBR-VTTMC': 1, '296-A': 17, '114-A': 63, '114-G': 22, '342-U': 6, '144-K D06G-KVLB': 1, '144-K': 23, 'VSD-KBR': 1, '300-V': 4, '176-CA': 19, '347-E': 13, '197 JBN-CLP-STP': 2, '176 CLO-KBR': 3, '415-J': 19, 'KVBR-HBL-CHSC': 3, 'KBR-KRM': 1, '241-T': 7, 'D06G-STP': 2, 'SBS-STP': 3, 'STP-SBS': 2, 'SPHC-KMT': 1, '176-E': 10, 'SBS-JML-STP': 1, 'D06-STP': 1, '415-D': 29, '176-A': 14, '114-C': 63, '114-B': 42, 'KVLB-VNS': 1, 'BVNR-KVBL': 1, 'STP-HBL-VNS': 1, 'SPHSB-STP': 1, 'HBLB-SPHCN': 1, '242-R': 9, 'YTTMC-MMLKB': 1, '111-C KBS-MDG': 9, '176-E VTTMC-KBR': 1, 'KBS-LRB': 1, '297 STP-AFSY': 2, '79-B': 27, '256-MB': 6, 'MRPL-BELC': 0, '112-A': 24, 'RTNPS-STP': 4, '230-A': 12}"
Thimmayya Garden,13.01824626,77.59872257,24,29159037,{'112-A': 24}
Kaval Byrasandra,13.01970724,77.60760896,241,29159038,"{'111-C': 59, 'RTNPS-KBR': 3, 'KVB-NVG': 5, 'KBR-SJHS': 1, 'HBL-KBR': 1, '176 KBR-VTTMC': 1, '342-U': 6, '144-K D06G-KVLB': 1, '144-K': 23, 'VSD-KBR': 1, '300-V': 4, '176 CLO-KBR': 3, 'KVBR-HBL-CHSC': 3, 'KBR-KRM': 1, '241-T': 7, 'KRM-KBR': 2, '176-E': 10, 'BEMLA-7': 2, '176-A': 14, 'KVLB-VNS': 1, 'BVNR-KVBL': 1, 'SPHS-BMT14': 1, 'CRISTAL-5': 3, 'SOPHIYA-3': 2, '242-R': 9, 'YTTMC-MMLKB': 1, 'BELGS-55': 3, '176-E VTTMC-KBR': 1, '79-B': 27, '256-MB': 6, '112-A': 24, '230-A': 12}"
Manjushree Hospital,13.02135230,77.60704770,62,29159038,"{'RTNPS-ABC': 1, 'RTNPS-SMP': 1, '415-G': 18, 'KBR-SJHS': 1, '415-A': 2, 'HBL-KBR': 1, 'RTNPS-CHCL': 1, '241-T': 7, '415-D': 29, 'KVLB-VNS': 1}"
Modhi Garden Kavakbyrasandra,13.01722563,77.60745842,9,29159038,{'111-C KBS-MDG': 9}
P&T Quarters,13.02150321,77.60457069,291,29159038,"{'RTNPS-ABC': 1, '111-C': 59, 'RTNPS-KBR': 3, 'KVB-NVG': 5, 'RTNPS-SMP': 1, '415-G': 18, 'KBR-SJHS': 1, '415-A': 2, 'HBL-KBR': 1, 'RTNPS-CHCL': 1, '176 KBR-VTTMC': 1, '342-U': 6, '144-K D06G-KVLB': 1, '144-K': 23, 'VSD-KBR': 1, '300-V': 4, '176 CLO-KBR': 3, 'KVBR-HBL-CHSC': 3, 'KBR-KRM': 1, '241-T': 7, 'KRM-KBR': 2, '176-E': 10, '415-D': 29, '176-A': 14, 'KVLB-VNS': 1, 'BVNR-KVBL': 1, '242-R': 9, 'YTTMC-MMLKB': 1, '111-C KBS-MDG': 9, '176-E VTTMC-KBR': 1, '79-B': 27, '256-MB': 6, '112-A': 24, '230-A': 12}"
Sultanpalya Cross Pushpanjali Talkies,13.02206963,77.60235853,699,29159038,"{'YTTMC-CMN': 1, 'RTNPS-ABC': 1, 'RTNPS-VNH': 4, '111-C': 59, '176-C': 25, '13-S': 5, 'STP-BSK': 1, 'RTNPS-KBR': 3, 'KVB-NVG': 5, 'BELGS-51': 2, '415-B': 33, 'RTNPS-SMP': 1, '415-G': 18, '415-F': 46, 'KBS-SPHC': 1, 'KBR-SJHS': 1, 'GKVK-STP': 3, '114-E': 8, '415-A': 2, 'HBL-KBR': 1, 'RTNPS-CHCL': 1, 'STP-HBL': 1, '176 KBR-VTTMC': 1, '296-A': 17, '114-A': 63, '114-G': 22, '342-U': 6, '144-K D06G-KVLB': 1, '144-K': 23, 'VSD-KBR': 1, '300-V': 4, '176-CA': 19, '347-E': 13, '197 JBN-CLP-STP': 2, '176 CLO-KBR': 3, '415-J': 19, 'KVBR-HBL-CHSC': 3, 'KBR-KRM': 1, '241-T': 7, 'D06G-STP': 2, 'SBS-STP': 3, 'STP-SBS': 2, 'SPHC-KMT': 1, '176-E': 10, 'SBS-JML-STP': 1, 'D06-STP': 1, '415-D': 29, '176-A': 14, '114-C': 63, '114-B': 42, 'KVLB-VNS': 1, 'BVNR-KVBL': 1, 'STP-HBL-VNS': 1, 'SPHSB-STP': 1, 'HBLB-SPHCN': 1, '242-R': 9, 'YTTMC-MMLKB': 1, '111-C KBS-MDG': 9, '176-E VTTMC-KBR': 1, 'KBS-LRB': 1, '297 STP-AFSY': 2, '79-B': 27, '256-MB': 6, 'MRPL-BELC': 0, '112-A': 24, 'RTNPS-STP': 4, '230-A': 12}"
Kaval Byrasandra,13.01970724,77.60760896,241,29159039,"{'111-C': 59, 'RTNPS-KBR': 3, 'KVB-NVG': 5, 'KBR-SJHS': 1, 'HBL-KBR': 1, '176 KBR-VTTMC': 1, '342-U': 6, '144-K D06G-KVLB': 1, '144-K': 23, 'VSD-KBR': 1, '300-V': 4, '176 CLO-KBR': 3, 'KVBR-HBL-CHSC': 3, 'KBR-KRM': 1, '241-T': 7, 'KRM-KBR': 2, '176-E': 10, 'BEMLA-7': 2, '176-A': 14, 'KVLB-VNS': 1, 'BVNR-KVBL': 1, 'SPHS-BMT14': 1, 'CRISTAL-5': 3, 'SOPHIYA-3': 2, '242-R': 9, 'YTTMC-MMLKB': 1, 'BELGS-55': 3, '176-E VTTMC-KBR': 1, '79-B': 27, '256-MB': 6, '112-A': 24, '230-A': 12}"
Manjushree Hospital,13.02135230,77.60704770,62,29159039,"{'RTNPS-ABC': 1, 'RTNPS-SMP': 1, '415-G': 18, 'KBR-SJHS': 1, '415-A': 2, 'HBL-KBR': 1, 'RTNPS-CHCL': 1, '241-T': 7, '415-D': 29, 'KVLB-VNS': 1}"
MM Layout Kavalbyrasandra,13.02220094,77.61009201,3,29159039,"{'VNS-20': 2, 'YTTMC-MMLKB': 1}"
Modhi Garden Kavakbyrasandra,13.01722563,77.60745842,9,29159039,{'111-C KBS-MDG': 9}
P&T Quarters,13.02150321,77.60457069,291,29159039,"{'RTNPS-ABC': 1, '111-C': 59, 'RTNPS-KBR': 3, 'KVB-NVG': 5, 'RTNPS-SMP': 1, '415-G': 18, 'KBR-SJHS': 1, '415-A': 2, 'HBL-KBR': 1, 'RTNPS-CHCL': 1, '176 KBR-VTTMC': 1, '342-U': 6, '144-K D06G-KVLB': 1, '144-K': 23, 'VSD-KBR': 1, '300-V': 4, '176 CLO-KBR': 3, 'KVBR-HBL-CHSC': 3, 'KBR-KRM': 1, '241-T': 7, 'KRM-KBR': 2, '176-E': 10, '415-D': 29, '176-A': 14, 'KVLB-VNS': 1, 'BVNR-KVBL': 1, '242-R': 9, 'YTTMC-MMLKB': 1, '111-C KBS-MDG': 9, '176-E VTTMC-KBR': 1, '79-B': 27, '256-MB': 6, '112-A': 24, '230-A': 12}"
Postal and Telecom Colony,13.02460630,77.60524727,695,29159039,"{'290-EA': 0, '290-E SBS-PTH': 0, '291-N': 16, 'TR-4': 46, '290-EB YHK-KGR': 0, '290-EB KGR-YHK': 0, 'NGW-DPJN': 6, '253-A': 12, '290-M': 8, 'DPJN-JJN-NGW': 4, '290-D': 19, '290-A': 28, '291-J': 26, '290-J': 0, '290-RA': 5, '290-R': 13, '290-J MSP-SBS': 0, '290-EB': 0, '290-QA': 18, '291-G': 20, '290-Q': 14, 'D10G-NGVR-JJN': 1, 'TR-4A': 10, '290-T': 11, '290-HA': 0, 'KLNB-BKC': 1, 'PTH-SBS1': 4, '291-D': 22, '291-L': 3, '290-Z': 4, '290-P': 24, 'MBS-14': 10, 'SBS-JKR-ALSG-PTH': 1, 'CLO-RKH': 5, '291-K': 7, '291-A': 11, '291-E': 16, 'G-10': 0, '290 KBS-YLKOT': 2, '290-EY': 0, '291-R': 15, 'KLN-JJN': 1, '290-QA NRG-RKHN': 1, 'MSP-ARMYK': 1, '291-H': 21, '291-B': 2, '290-E STJHS-YLKOT': 0, 'KBS-NGVRJ-VNS': 1, '63 SBS-DPJN': 1, '290-F': 0, '290-N': 40, '317-K': 0, 'TR-4 NGV-MRBS': 2, 'TR-4 KMT-NGV': 1, '290-C': 63, 'MBS-2': 17, '290EY KMT-YHKOT': 0, 'MBS2 PTH-MRHSPG': 1, '290-E SBS-NGW-KLN': 0, '290-E ITCF-YHKOT': 0, 'V-SBS-KNB': 1, '290-E': 52, 'PTH-SBS': 3, 'BSK-KRP-ITI': 1, '348-F': 14, 'BMSIT-3': 1, '213-D': 6, 'SBS-RJP': 2, 'SBS-HTN': 1, '375-D': 80}"
Sultanpalya Ashwathkatte,13.02466383,77.60329196,370,29159039,"{'YTTMC-CMN': 1, 'RTNPS-VNH': 4, 'BELGS-51': 2, '415-B': 33, '415-F': 46, 'KBS-SPHC': 1, 'GKVK-STP': 3, '114-E': 8, '296-A': 17, '114-A': 63, '114-G': 22, '176-CA': 19, '347-E': 13, '197 JBN-CLP-STP': 2, '415-J': 19, 'D06G-STP': 2, 'SBS-STP': 3, 'SBS-JML-STP': 1, 'D06-STP': 1, '114-C': 63, '114-B': 42, 'SPHSB-STP': 1, 'RTNPS-STP': 4}"
Sultanpalya Cross Pushpanjali Talkies,13.02206963,77.60235853,699,29159039,"{'YTTMC-CMN': 1, 'RTNPS-ABC': 1, 'RTNPS-VNH': 4, '111-C': 59, '176-C': 25, '13-S': 5, 'STP-BSK': 1, 'RTNPS-KBR': 3, 'KVB-NVG': 5, 'BELGS-51': 2, '415-B': 33, 'RTNPS-SMP': 1, '415-G': 18, '415-F': 46, 'KBS-SPHC': 1, 'KBR-SJHS': 1, 'GKVK-STP': 3, '114-E': 8, '415-A': 2, 'HBL-KBR': 1, 'RTNPS-CHCL': 1, 'STP-HBL': 1, '176 KBR-VTTMC': 1, '296-A': 17, '114-A': 63, '114-G': 22, '342-U': 6, '144-K D06G-KVLB': 1, '144-K': 23, 'VSD-KBR': 1, '300-V': 4, '176-CA': 19, '347-E': 13, '197 JBN-CLP-STP': 2, '176 CLO-KBR': 3, '415-J': 19, 'KVBR-HBL-CHSC': 3, 'KBR-KRM': 1, '241-T': 7, 'D06G-STP': 2, 'SBS-STP': 3, 'STP-SBS': 2, 'SPHC-KMT': 1, '176-E': 10, 'SBS-JML-STP': 1, 'D06-STP': 1, '415-D': 29, '176-A': 14, '114-C': 63, '114-B': 42, 'KVLB-VNS': 1, 'BVNR-KVBL': 1, 'STP-HBL-VNS': 1, 'SPHSB-STP': 1, 'HBLB-SPHCN': 1, '242-R': 9, 'YTTMC-MMLKB': 1, '111-C KBS-MDG': 9, '176-E VTTMC-KBR': 1, 'KBS-LRB': 1, '297 STP-AFSY': 2, '79-B': 27, '256-MB': 6, 'MRPL-BELC': 0, '112-A': 24, 'RTNPS-STP': 4, '230-A': 12}"
Ambedkar Medical College Shampura,13.02332136,77.61248589,80,29159042,"{'SBS-AMC': 0, 'RTNPS-ABC': 1, 'RTNPS-SMP': 1, '415-G': 18, '290-D': 19, '415-A': 2, '290-H': 0, 'D10G-HBR2': 1, '290-HA': 0, '300-V': 4, '291-E': 16, 'ITPL-2B': 2, 'D10G-DAME': 1, '348-M': 15}"
Kaval Byrasandra,13.01970724,77.60760896,241,29159042,"{'111-C': 59, 'RTNPS-KBR': 3, 'KVB-NVG': 5, 'KBR-SJHS': 1, 'HBL-KBR': 1, '176 KBR-VTTMC': 1, '342-U': 6, '144-K D06G-KVLB': 1, '144-K': 23, 'VSD-KBR': 1, '300-V': 4, '176 CLO-KBR': 3, 'KVBR-HBL-CHSC': 3, 'KBR-KRM': 1, '241-T': 7, 'KRM-KBR': 2, '176-E': 10, 'BEMLA-7': 2, '176-A': 14, 'KVLB-VNS': 1, 'BVNR-KVBL': 1, 'SPHS-BMT14': 1, 'CRISTAL-5': 3, 'SOPHIYA-3': 2, '242-R': 9, 'YTTMC-MMLKB': 1, 'BELGS-55': 3, '176-E VTTMC-KBR': 1, '79-B': 27, '256-MB': 6, '112-A': 24, '230-A': 12}"
MM Layout Kavalbyrasandra,13.02220094,77.61009201,3,29159042,"{'VNS-20': 2, 'YTTMC-MMLKB': 1}"
Modhi Garden Kavakbyrasandra,13.01722563,77.60745842,9,29159042,{'111-C KBS-MDG': 9}
Ambedkar Medical College Shampura,13.02332136,77.61248589,80,29159043,"{'SBS-AMC': 0, 'RTNPS-ABC': 1, 'RTNPS-SMP': 1, '415-G': 18, '290-D': 19, '415-A': 2, '290-H': 0, 'D10G-HBR2': 1, '290-HA': 0, '300-V': 4, '291-E': 16, 'ITPL-2B': 2, 'D10G-DAME': 1, '348-M': 15}"
Kaval Byrasandra,13.01970724,77.60760896,241,29159043,"{'111-C': 59, 'RTNPS-KBR': 3, 'KVB-NVG': 5, 'KBR-SJHS': 1, 'HBL-KBR': 1, '176 KBR-VTTMC': 1, '342-U': 6, '144-K D06G-KVLB': 1, '144-K': 23, 'VSD-KBR': 1, '300-V': 4, '176 CLO-KBR': 3, 'KVBR-HBL-CHSC': 3, 'KBR-KRM': 1, '241-T': 7, 'KRM-KBR': 2, '176-E': 10, 'BEMLA-7': 2, '176-A': 14, 'KVLB-VNS': 1, 'BVNR-KVBL': 1, 'SPHS-BMT14': 1, 'CRISTAL-5': 3, 'SOPHIYA-3': 2, '242-R': 9, 'YTTMC-MMLKB': 1, 'BELGS-55': 3, '176-E VTTMC-KBR': 1, '79-B': 27, '256-MB': 6, '112-A': 24, '230-A': 12}"
Manjushree Hospital,13.02135230,77.60704770,62,29159043,"{'RTNPS-ABC': 1, 'RTNPS-SMP': 1, '415-G': 18, 'KBR-SJHS': 1, '415-A': 2, 'HBL-KBR': 1, 'RTNPS-CHCL': 1, '241-T': 7, '415-D': 29, 'KVLB-VNS': 1}"
MM Layout Kavalbyrasandra,13.02220094,77.61009201,3,29159043,"{'VNS-20': 2, 'YTTMC-MMLKB': 1}"
Modhi Garden Kavakbyrasandra,13.01722563,77.60745842,9,29159043,{'111-C KBS-MDG': 9}
Ambedkar Medical College Shampura,13.02332136,77.61248589,80,29159045,"{'SBS-AMC': 0, 'RTNPS-ABC': 1, 'RTNPS-SMP': 1, '415-G': 18, '290-D': 19, '415-A': 2, '290-H': 0, 'D10G-HBR2': 1, '290-HA': 0, '300-V': 4, '291-E': 16, 'ITPL-2B': 2, 'D10G-DAME': 1, '348-M': 15}"
Kadugondanahalli Police Station,13.02070393,77.61894458,751,29159045,"{'SBS-AMC': 0, '290-EA': 0, '290-E SBS-PTH': 0, '291-N': 16, 'TR-4': 46, '290-EB YHK-KGR': 0, '290-EB KGR-YHK': 0, 'NGW-DPJN': 6, '253-A': 12, '290-M': 8, 'DPJN-JJN-NGW': 4, '290-D': 19, '290-A': 28, '290-H': 0, 'D10G-HBR2': 1, '291-J': 26, '290-J': 0, '290-RA': 5, '290-R': 13, '290-J MSP-SBS': 0, '290-EB': 0, '290-QA': 18, '291-G': 20, '290-G': 0, '290-Q': 14, 'D10G-NGVR-JJN': 1, 'TR-4A': 10, '290-T': 11, '290-S': 13, '290-HA': 0, 'KLNB-BKC': 1, 'SBS-SDH': 2, 'PTH-SBS1': 4, '291-D': 22, '291-L': 3, '290-Z': 4, '290-P': 24, 'MBS-14': 10, 'SBS-JKR-ALSG-PTH': 1, 'CLO-RKH': 5, '291-K': 7, '291-A': 11, '291-E': 16, 'G-10': 0, '290 KBS-YLKOT': 2, '290-EY': 0, '291-R': 15, 'KLN-JJN': 1, '290-QA NRG-RKHN': 1, 'MSP-ARMYK': 1, '291-H': 21, '291-B': 2, 'OASIS-6B': 2, '290-E STJHS-YLKOT': 0, 'KBS-NGVRJ-VNS': 1, 'BEMLC-19': 3, 'BEMLB-22': 4, 'BELGS-46': 2, 'ITI-02': 2, '63 SBS-DPJN': 1, '290-F': 0, '290-N': 40, '317-K': 0, '241-CD': 11, 'TR-4 NGV-MRBS': 2, 'TR-4 KMT-NGV': 1, '290-C': 63, 'MBS-2': 17, '290EY KMT-YHKOT': 0, 'MBS2 PTH-MRHSPG': 1, 'CRISTAL-3': 1, '290-E SBS-NGW-KLN': 0, '290-E ITCF-YHKOT': 0, 'V-SBS-KNB': 1, '290-E': 52, 'PTH-SBS': 3, 'BSK-KRP-ITI': 1, '348-F': 14, 'BMSIT-3': 1, '213-D': 6, 'SBS-RJP': 2, 'SBS-HTN': 1, '348-M': 15, '375-D': 80}"
MM Layout Kavalbyrasandra,13.02220094,77.61009201,3,29159045,"{'VNS-20': 2, 'YTTMC-MMLKB': 1}"
Kaval Byrasandra,13.01970724,77.60760896,241,29159049,"{'111-C': 59, 'RTNPS-KBR': 3, 'KVB-NVG': 5, 'KBR-SJHS': 1, 'HBL-KBR': 1, '176 KBR-VTTMC': 1, '342-U': 6, '144-K D06G-KVLB': 1, '144-K': 23, 'VSD-KBR': 1, '300-V': 4, '176 CLO-KBR': 3, 'KVBR-HBL-CHSC': 3, 'KBR-KRM': 1, '241-T': 7, 'KRM-KBR': 2, '176-E': 10, 'BEMLA-7': 2, '176-A': 14, 'KVLB-VNS': 1, 'BVNR-KVBL': 1, 'SPHS-BMT14': 1, 'CRISTAL-5': 3, 'SOPHIYA-3': 2, '242-R': 9, 'YTTMC-MMLKB': 1, 'BELGS-55': 3, '176-E VTTMC-KBR': 1, '79-B': 27, '256-MB': 6, '112-A': 24, '230-A': 12}"
MM Layout Kavalbyrasandra,13.02220094,77.61009201,3,29159049,"{'VNS-20': 2, 'YTTMC-MMLKB': 1}"
Modhi Garden Kavakbyrasandra,13.01722563,77.60745842,9,29159049,{'111-C KBS-MDG': 9}
Kaval Byrasandra,13.01970724,77.60760896,241,29159050,"{'111-C': 59, 'RTNPS-KBR': 3, 'KVB-NVG': 5, 'KBR-SJHS': 1, 'HBL-KBR': 1, '176 KBR-VTTMC': 1, '342-U': 6, '144-K D06G-KVLB': 1, '144-K': 23, 'VSD-KBR': 1, '300-V': 4, '176 CLO-KBR': 3, 'KVBR-HBL-CHSC': 3, 'KBR-KRM': 1, '241-T': 7, 'KRM-KBR': 2, '176-E': 10, 'BEMLA-7': 2, '176-A': 14, 'KVLB-VNS': 1, 'BVNR-KVBL': 1, 'SPHS-BMT14': 1, 'CRISTAL-5': 3, 'SOPHIYA-3': 2, '242-R': 9, 'YTTMC-MMLKB': 1, 'BELGS-55': 3, '176-E VTTMC-KBR': 1, '79-B': 27, '256-MB': 6, '112-A': 24, '230-A': 12}"
Modhi Garden Kavakbyrasandra,13.01722563,77.60745842,9,29159050,{'111-C KBS-MDG': 9}
Modhi Garden Kavakbyrasandra,13.01722563,77.60745842,9,29159051,{'111-C KBS-MDG': 9}
Venkateshapura Kadugondanahalli Police Station,13.01512125,77.61731724,536,29159052,"{'SBS-AMC': 0, '290-EA': 0, '290-E SBS-PTH': 0, '291-N': 16, 'TR-4': 46, '290-EB KGR-YHK': 0, '253-A': 12, '290-M': 8, 'DPJN-JJN-NGW': 4, '290-A': 28, '290-H': 0, '290-RA': 5, '290-R': 13, '290-EB': 0, '290-QA': 18, '290-G': 0, '290-Q': 14, 'TR-4A': 10, '290-T': 11, '290-HA': 0, 'SBS-SDH': 2, '291-D': 22, '291-L': 3, '290-Z': 4, '290-P': 24, 'MBS-14': 10, 'SBS-JKR-ALSG-PTH': 1, 'CLO-RKH': 5, '291-K': 7, '291-A': 11, '291-E': 16, 'G-10': 0, '290 KBS-YLKOT': 2, '290-EY': 0, '290-QA NRG-RKHN': 1, '291-H': 21, '290-E STJHS-YLKOT': 0, 'KBS-NGVRJ-VNS': 1, '290-N': 40, '317-K': 0, '241-CD': 11, 'TR-4 KMT-NGV': 1, '290-C': 63, '290EY KMT-YHKOT': 0, '290-E SBS-NGW-KLN': 0, '290-E ITCF-YHKOT': 0, 'V-SBS-KNB': 1, 'BSK-KRP-ITI': 1, '348-F': 14, 'BMSIT-3': 1, '213-D': 6, 'SBS-RJP': 2, 'SBS-HTN': 1, '375-D': 80}"
Ambedkar Medical College Shampura,13.02332136,77.61248589,80,29159053,"{'SBS-AMC': 0, 'RTNPS-ABC': 1, 'RTNPS-SMP': 1, '415-G': 18, '290-D': 19, '415-A': 2, '290-H': 0, 'D10G-HBR2': 1, '290-HA': 0, '300-V': 4, '291-E': 16, 'ITPL-2B': 2, 'D10G-DAME': 1, '348-M': 15}"
MM Layout Kavalbyrasandra,13.02220094,77.61009201,3,29159053,"{'VNS-20': 2, 'YTTMC-MMLKB': 1}"
Ambedkar Medical College Shampura,13.02332136,77.61248589,80,29159054,"{'SBS-AMC': 0, 'RTNPS-ABC': 1, 'RTNPS-SMP': 1, '415-G': 18, '290-D': 19, '415-A': 2, '290-H': 0, 'D10G-HBR2': 1, '290-HA': 0, '300-V': 4, '291-E': 16, 'ITPL-2B': 2, 'D10G-DAME': 1, '348-M': 15}"
Kadugondanahalli Police Station,13.02070393,77.61894458,751,29159054,"{'SBS-AMC': 0, '290-EA': 0, '290-E SBS-PTH': 0, '291-N': 16, 'TR-4': 46, '290-EB YHK-KGR': 0, '290-EB KGR-YHK': 0, 'NGW-DPJN': 6, '253-A': 12, '290-M': 8, 'DPJN-JJN-NGW': 4, '290-D': 19, '290-A': 28, '290-H': 0, 'D10G-HBR2': 1, '291-J': 26, '290-J': 0, '290-RA': 5, '290-R': 13, '290-J MSP-SBS': 0, '290-EB': 0, '290-QA': 18, '291-G': 20, '290-G': 0, '290-Q': 14, 'D10G-NGVR-JJN': 1, 'TR-4A': 10, '290-T': 11, '290-S': 13, '290-HA': 0, 'KLNB-BKC': 1, 'SBS-SDH': 2, 'PTH-SBS1': 4, '291-D': 22, '291-L': 3, '290-Z': 4, '290-P': 24, 'MBS-14': 10, 'SBS-JKR-ALSG-PTH': 1, 'CLO-RKH': 5, '291-K': 7, '291-A': 11, '291-E': 16, 'G-10': 0, '290 KBS-YLKOT': 2, '290-EY': 0, '291-R': 15, 'KLN-JJN': 1, '290-QA NRG-RKHN': 1, 'MSP-ARMYK': 1, '291-H': 21, '291-B': 2, 'OASIS-6B': 2, '290-E STJHS-YLKOT': 0, 'KBS-NGVRJ-VNS': 1, 'BEMLC-19': 3, 'BEMLB-22': 4, 'BELGS-46': 2, 'ITI-02': 2, '63 SBS-DPJN': 1, '290-F': 0, '290-N': 40, '317-K': 0, '241-CD': 11, 'TR-4 NGV-MRBS': 2, 'TR-4 KMT-NGV': 1, '290-C': 63, 'MBS-2': 17, '290EY KMT-YHKOT': 0, 'MBS2 PTH-MRHSPG': 1, 'CRISTAL-3': 1, '290-E SBS-NGW-KLN': 0, '290-E ITCF-YHKOT': 0, 'V-SBS-KNB': 1, '290-E': 52, 'PTH-SBS': 3, 'BSK-KRP-ITI': 1, '348-F': 14, 'BMSIT-3': 1, '213-D': 6, 'SBS-RJP': 2, 'SBS-HTN': 1, '348-M': 15, '375-D': 80}"
Venkateshapura Kadugondanahalli Police Station,13.01512125,77.61731724,536,29159054,"{'SBS-AMC': 0, '290-EA': 0, '290-E SBS-PTH': 0, '291-N': 16, 'TR-4': 46, '290-EB KGR-YHK': 0, '253-A': 12, '290-M': 8, 'DPJN-JJN-NGW': 4, '290-A': 28, '290-H': 0, '290-RA': 5, '290-R': 13, '290-EB': 0, '290-QA': 18, '290-G': 0, '290-Q': 14, 'TR-4A': 10, '290-T': 11, '290-HA': 0, 'SBS-SDH': 2, '291-D': 22, '291-L': 3, '290-Z': 4, '290-P': 24, 'MBS-14': 10, 'SBS-JKR-ALSG-PTH': 1, 'CLO-RKH': 5, '291-K': 7, '291-A': 11, '291-E': 16, 'G-10': 0, '290 KBS-YLKOT': 2, '290-EY': 0, '290-QA NRG-RKHN': 1, '291-H': 21, '290-E STJHS-YLKOT': 0, 'KBS-NGVRJ-VNS': 1, '290-N': 40, '317-K': 0, '241-CD': 11, 'TR-4 KMT-NGV': 1, '290-C': 63, '290EY KMT-YHKOT': 0, '290-E SBS-NGW-KLN': 0, '290-E ITCF-YHKOT': 0, 'V-SBS-KNB': 1, 'BSK-KRP-ITI': 1, '348-F': 14, 'BMSIT-3': 1, '213-D': 6, 'SBS-RJP': 2, 'SBS-HTN': 1, '375-D': 80}"
Ambedkar Medical College Shampura,13.02332136,77.61248589,80,29159055,"{'SBS-AMC': 0, 'RTNPS-ABC': 1, 'RTNPS-SMP': 1, '415-G': 18, '290-D': 19, '415-A': 2, '290-H': 0, 'D10G-HBR2': 1, '290-HA': 0, '300-V': 4, '291-E': 16, 'ITPL-2B': 2, 'D10G-DAME': 1, '348-M': 15}"
Kadugondanahalli Police Station,13.02070393,77.61894458,751,29159055,"{'SBS-AMC': 0, '290-EA': 0, '290-E SBS-PTH': 0, '291-N': 16, 'TR-4': 46, '290-EB YHK-KGR': 0, '290-EB KGR-YHK': 0, 'NGW-DPJN': 6, '253-A': 12, '290-M': 8, 'DPJN-JJN-NGW': 4, '290-D': 19, '290-A': 28, '290-H': 0, 'D10G-HBR2': 1, '291-J': 26, '290-J': 0, '290-RA': 5, '290-R': 13, '290-J MSP-SBS': 0, '290-EB': 0, '290-QA': 18, '291-G': 20, '290-G': 0, '290-Q': 14, 'D10G-NGVR-JJN': 1, 'TR-4A': 10, '290-T': 11, '290-S': 13, '290-HA': 0, 'KLNB-BKC': 1, 'SBS-SDH': 2, 'PTH-SBS1': 4, '291-D': 22, '291-L': 3, '290-Z': 4, '290-P': 24, 'MBS-14': 10, 'SBS-JKR-ALSG-PTH': 1, 'CLO-RKH': 5, '291-K': 7, '291-A': 11, '291-E': 16, 'G-10': 0, '290 KBS-YLKOT': 2, '290-EY': 0, '291-R': 15, 'KLN-JJN': 1, '290-QA NRG-RKHN': 1, 'MSP-ARMYK': 1, '291-H': 21, '291-B': 2, 'OASIS-6B': 2, '290-E STJHS-YLKOT': 0, 'KBS-NGVRJ-VNS': 1, 'BEMLC-19': 3, 'BEMLB-22': 4, 'BELGS-46': 2, 'ITI-02': 2, '63 SBS-DPJN': 1, '290-F': 0, '290-N': 40, '317-K': 0, '241-CD': 11, 'TR-4 NGV-MRBS': 2, 'TR-4 KMT-NGV': 1, '290-C': 63, 'MBS-2': 17, '290EY KMT-YHKOT': 0, 'MBS2 PTH-MRHSPG': 1, 'CRISTAL-3': 1, '290-E SBS-NGW-KLN': 0, '290-E ITCF-YHKOT': 0, 'V-SBS-KNB': 1, '290-E': 52, 'PTH-SBS': 3, 'BSK-KRP-ITI': 1, '348-F': 14, 'BMSIT-3': 1, '213-D': 6, 'SBS-RJP': 2, 'SBS-HTN': 1, '348-M': 15, '375-D': 80}"
MM Layout Kavalbyrasandra,13.02220094,77.61009201,3,29159055,"{'VNS-20': 2, 'YTTMC-MMLKB': 1}"
Venkateshapura Kadugondanahalli Police Station,13.01512125,77.61731724,536,29159055,"{'SBS-AMC': 0, '290-EA': 0, '290-E SBS-PTH': 0, '291-N': 16, 'TR-4': 46, '290-EB KGR-YHK': 0, '253-A': 12, '290-M': 8, 'DPJN-JJN-NGW': 4, '290-A': 28, '290-H': 0, '290-RA': 5, '290-R': 13, '290-EB': 0, '290-QA': 18, '290-G': 0, '290-Q': 14, 'TR-4A': 10, '290-T': 11, '290-HA': 0, 'SBS-SDH': 2, '291-D': 22, '291-L': 3, '290-Z': 4, '290-P': 24, 'MBS-14': 10, 'SBS-JKR-ALSG-PTH': 1, 'CLO-RKH': 5, '291-K': 7, '291-A': 11, '291-E': 16, 'G-10': 0, '290 KBS-YLKOT': 2, '290-EY': 0, '290-QA NRG-RKHN': 1, '291-H': 21, '290-E STJHS-YLKOT': 0, 'KBS-NGVRJ-VNS': 1, '290-N': 40, '317-K': 0, '241-CD': 11, 'TR-4 KMT-NGV': 1, '290-C': 63, '290EY KMT-YHKOT': 0, '290-E SBS-NGW-KLN': 0, '290-E ITCF-YHKOT': 0, 'V-SBS-KNB': 1, 'BSK-KRP-ITI': 1, '348-F': 14, 'BMSIT-3': 1, '213-D': 6, 'SBS-RJP': 2, 'SBS-HTN': 1, '375-D': 80}"
Ambedkar Medical College Shampura,13.02332136,77.61248589,80,29159056,"{'SBS-AMC': 0, 'RTNPS-ABC': 1, 'RTNPS-SMP': 1, '415-G': 18, '290-D': 19, '415-A': 2, '290-H': 0, 'D10G-HBR2': 1, '290-HA': 0, '300-V': 4, '291-E': 16, 'ITPL-2B': 2, 'D10G-DAME': 1, '348-M': 15}"
Kaval Byrasandra,13.01970724,77.60760896,241,29159056,"{'111-C': 59, 'RTNPS-KBR': 3, 'KVB-NVG': 5, 'KBR-SJHS': 1, 'HBL-KBR': 1, '176 KBR-VTTMC': 1, '342-U': 6, '144-K D06G-KVLB': 1, '144-K': 23, 'VSD-KBR': 1, '300-V': 4, '176 CLO-KBR': 3, 'KVBR-HBL-CHSC': 3, 'KBR-KRM': 1, '241-T': 7, 'KRM-KBR': 2, '176-E': 10, 'BEMLA-7': 2, '176-A': 14, 'KVLB-VNS': 1, 'BVNR-KVBL': 1, 'SPHS-BMT14': 1, 'CRISTAL-5': 3, 'SOPHIYA-3': 2, '242-R': 9, 'YTTMC-MMLKB': 1, 'BELGS-55': 3, '176-E VTTMC-KBR': 1, '79-B': 27, '256-MB': 6, '112-A': 24, '230-A': 12}"
Manjushree Hospital,13.02135230,77.60704770,62,29159056,"{'RTNPS-ABC': 1, 'RTNPS-SMP': 1, '415-G': 18, 'KBR-SJHS': 1, '415-A': 2, 'HBL-KBR': 1, 'RTNPS-CHCL': 1, '241-T': 7, '415-D': 29, 'KVLB-VNS': 1}"
MM Layout Kavalbyrasandra,13.02220094,77.61009201,3,29159056,"{'VNS-20': 2, 'YTTMC-MMLKB': 1}"
Modhi Garden Kavakbyrasandra,13.01722563,77.60745842,9,29159056,{'111-C KBS-MDG': 9}
P&T Quarters,13.02150321,77.60457069,291,29159056,"{'RTNPS-ABC': 1, '111-C': 59, 'RTNPS-KBR': 3, 'KVB-NVG': 5, 'RTNPS-SMP': 1, '415-G': 18, 'KBR-SJHS': 1, '415-A': 2, 'HBL-KBR': 1, 'RTNPS-CHCL': 1, '176 KBR-VTTMC': 1, '342-U': 6, '144-K D06G-KVLB': 1, '144-K': 23, 'VSD-KBR': 1, '300-V': 4, '176 CLO-KBR': 3, 'KVBR-HBL-CHSC': 3, 'KBR-KRM': 1, '241-T': 7, 'KRM-KBR': 2, '176-E': 10, '415-D': 29, '176-A': 14, 'KVLB-VNS': 1, 'BVNR-KVBL': 1, '242-R': 9, 'YTTMC-MMLKB': 1, '111-C KBS-MDG': 9, '176-E VTTMC-KBR': 1, '79-B': 27, '256-MB': 6, '112-A': 24, '230-A': 12}"
Postal and Telecom Colony,13.02460630,77.60524727,695,29159056,"{'290-EA': 0, '290-E SBS-PTH': 0, '291-N': 16, 'TR-4': 46, '290-EB YHK-KGR': 0, '290-EB KGR-YHK': 0, 'NGW-DPJN': 6, '253-A': 12, '290-M': 8, 'DPJN-JJN-NGW': 4, '290-D': 19, '290-A': 28, '291-J': 26, '290-J': 0, '290-RA': 5, '290-R': 13, '290-J MSP-SBS': 0, '290-EB': 0, '290-QA': 18, '291-G': 20, '290-Q': 14, 'D10G-NGVR-JJN': 1, 'TR-4A': 10, '290-T': 11, '290-HA': 0, 'KLNB-BKC': 1, 'PTH-SBS1': 4, '291-D': 22, '291-L': 3, '290-Z': 4, '290-P': 24, 'MBS-14': 10, 'SBS-JKR-ALSG-PTH': 1, 'CLO-RKH': 5, '291-K': 7, '291-A': 11, '291-E': 16, 'G-10': 0, '290 KBS-YLKOT': 2, '290-EY': 0, '291-R': 15, 'KLN-JJN': 1, '290-QA NRG-RKHN': 1, 'MSP-ARMYK': 1, '291-H': 21, '291-B': 2, '290-E STJHS-YLKOT': 0, 'KBS-NGVRJ-VNS': 1, '63 SBS-DPJN': 1, '290-F': 0, '290-N': 40, '317-K': 0, 'TR-4 NGV-MRBS': 2, 'TR-4 KMT-NGV': 1, '290-C': 63, 'MBS-2': 17, '290EY KMT-YHKOT': 0, 'MBS2 PTH-MRHSPG': 1, '290-E SBS-NGW-KLN': 0, '290-E ITCF-YHKOT': 0, 'V-SBS-KNB': 1, '290-E': 52, 'PTH-SBS': 3, 'BSK-KRP-ITI': 1, '348-F': 14, 'BMSIT-3': 1, '213-D': 6, 'SBS-RJP': 2, 'SBS-HTN': 1, '375-D': 80}"
Ambedkar Medical College Shampura,13.02332136,77.61248589,80,29159058,"{'SBS-AMC': 0, 'RTNPS-ABC': 1, 'RTNPS-SMP': 1, '415-G': 18, '290-D': 19, '415-A': 2, '290-H': 0, 'D10G-HBR2': 1, '290-HA': 0, '300-V': 4, '291-E': 16, 'ITPL-2B': 2, 'D10G-DAME': 1, '348-M': 15}"
Kaval Byrasandra,13.01970724,77.60760896,241,29159058,"{'111-C': 59, 'RTNPS-KBR': 3, 'KVB-NVG': 5, 'KBR-SJHS': 1, 'HBL-KBR': 1, '176 KBR-VTTMC': 1, '342-U': 6, '144-K D06G-KVLB': 1, '144-K': 23, 'VSD-KBR': 1, '300-V': 4, '176 CLO-KBR': 3, 'KVBR-HBL-CHSC': 3, 'KBR-KRM': 1, '241-T': 7, 'KRM-KBR': 2, '176-E': 10, 'BEMLA-7': 2, '176-A': 14, 'KVLB-VNS': 1, 'BVNR-KVBL': 1, 'SPHS-BMT14': 1, 'CRISTAL-5': 3, 'SOPHIYA-3': 2, '242-R': 9, 'YTTMC-MMLKB': 1, 'BELGS-55': 3, '176-E VTTMC-KBR': 1, '79-B': 27, '256-MB': 6, '112-A': 24, '230-A': 12}"
Manjushree Hospital,13.02135230,77.60704770,62,29159058,"{'RTNPS-ABC': 1, 'RTNPS-SMP': 1, '415-G': 18, 'KBR-SJHS': 1, '415-A': 2, 'HBL-KBR': 1, 'RTNPS-CHCL': 1, '241-T': 7, '415-D': 29, 'KVLB-VNS': 1}"
MM Layout Kavalbyrasandra,13.02220094,77.61009201,3,29159058,"{'VNS-20': 2, 'YTTMC-MMLKB': 1}"
Modhi Garden Kavakbyrasandra,13.01722563,77.60745842,9,29159058,{'111-C KBS-MDG': 9}
P&T Quarters,13.02150321,77.60457069,291,29159058,"{'RTNPS-ABC': 1, '111-C': 59, 'RTNPS-KBR': 3, 'KVB-NVG': 5, 'RTNPS-SMP': 1, '415-G': 18, 'KBR-SJHS': 1, '415-A': 2, 'HBL-KBR': 1, 'RTNPS-CHCL': 1, '176 KBR-VTTMC': 1, '342-U': 6, '144-K D06G-KVLB': 1, '144-K': 23, 'VSD-KBR': 1, '300-V': 4, '176 CLO-KBR': 3, 'KVBR-HBL-CHSC': 3, 'KBR-KRM': 1, '241-T': 7, 'KRM-KBR': 2, '176-E': 10, '415-D': 29, '176-A': 14, 'KVLB-VNS': 1, 'BVNR-KVBL': 1, '242-R': 9, 'YTTMC-MMLKB': 1, '111-C KBS-MDG': 9, '176-E VTTMC-KBR': 1, '79-B': 27, '256-MB': 6, '112-A': 24, '230-A': 12}"
Ambedkar Medical College Shampura,13.02332136,77.61248589,80,29159060,"{'SBS-AMC': 0, 'RTNPS-ABC': 1, 'RTNPS-SMP': 1, '415-G': 18, '290-D': 19, '415-A': 2, '290-H': 0, 'D10G-HBR2': 1, '290-HA': 0, '300-V': 4, '291-E': 16, 'ITPL-2B': 2, 'D10G-DAME': 1, '348-M': 15}"
Kaval Byrasandra,13.01970724,77.60760896,241,29159060,"{'111-C': 59, 'RTNPS-KBR': 3, 'KVB-NVG': 5, 'KBR-SJHS': 1, 'HBL-KBR': 1, '176 KBR-VTTMC': 1, '342-U': 6, '144-K D06G-KVLB': 1, '144-K': 23, 'VSD-KBR': 1, '300-V': 4, '176 CLO-KBR': 3, 'KVBR-HBL-CHSC': 3, 'KBR-KRM': 1, '241-T': 7, 'KRM-KBR': 2, '176-E': 10, 'BEMLA-7': 2, '176-A': 14, 'KVLB-VNS': 1, 'BVNR-KVBL': 1, 'SPHS-BMT14': 1, 'CRISTAL-5': 3, 'SOPHIYA-3': 2, '242-R': 9, 'YTTMC-MMLKB': 1, 'BELGS-55': 3, '176-E VTTMC-KBR': 1, '79-B': 27, '256-MB': 6, '112-A': 24, '230-A': 12}"
Manjushree Hospital,13.02135230,77.60704770,62,29159060,"{'RTNPS-ABC': 1, 'RTNPS-SMP': 1, '415-G': 18, 'KBR-SJHS': 1, '415-A': 2, 'HBL-KBR': 1, 'RTNPS-CHCL': 1, '241-T': 7, '415-D': 29, 'KVLB-VNS': 1}"
MM Layout Kavalbyrasandra,13.02220094,77.61009201,3,29159060,"{'VNS-20': 2, 'YTTMC-MMLKB': 1}"
Modhi Garden Kavakbyrasandra,13.01722563,77.60745842,9,29159060,{'111-C KBS-MDG': 9}
Ambedkar Medical College Shampura,13.02332136,77.61248589,80,29159061,"{'SBS-AMC': 0, 'RTNPS-ABC': 1, 'RTNPS-SMP': 1, '415-G': 18, '290-D': 19, '415-A': 2, '290-H': 0, 'D10G-HBR2': 1, '290-HA': 0, '300-V': 4, '291-E': 16, 'ITPL-2B': 2, 'D10G-DAME': 1, '348-M': 15}"
Kaval Byrasandra,13.01970724,77.60760896,241,29159061,"{'111-C': 59, 'RTNPS-KBR': 3, 'KVB-NVG': 5, 'KBR-SJHS': 1, 'HBL-KBR': 1, '176 KBR-VTTMC': 1, '342-U': 6, '144-K D06G-KVLB': 1, '144-K': 23, 'VSD-KBR': 1, '300-V': 4, '176 CLO-KBR': 3, 'KVBR-HBL-CHSC': 3, 'KBR-KRM': 1, '241-T': 7, 'KRM-KBR': 2, '176-E': 10, 'BEMLA-7': 2, '176-A': 14, 'KVLB-VNS': 1, 'BVNR-KVBL': 1, 'SPHS-BMT14': 1, 'CRISTAL-5': 3, 'SOPHIYA-3': 2, '242-R': 9, 'YTTMC-MMLKB': 1, 'BELGS-55': 3, '176-E VTTMC-KBR': 1, '79-B': 27, '256-MB': 6, '112-A': 24, '230-A': 12}"
Manjushree Hospital,13.02135230,77.60704770,62,29159061,"{'RTNPS-ABC': 1, 'RTNPS-SMP': 1, '415-G': 18, 'KBR-SJHS': 1, '415-A': 2, 'HBL-KBR': 1, 'RTNPS-CHCL': 1, '241-T': 7, '415-D': 29, 'KVLB-VNS': 1}"
MM Layout Kavalbyrasandra,13.02220094,77.61009201,3,29159061,"{'VNS-20': 2, 'YTTMC-MMLKB': 1}"
Modhi Garden Kavakbyrasandra,13.01722563,77.60745842,9,29159061,{'111-C KBS-MDG': 9}
Kaval Byrasandra,13.01970724,77.60760896,241,29159063,"{'111-C': 59, 'RTNPS-KBR': 3, 'KVB-NVG': 5, 'KBR-SJHS': 1, 'HBL-KBR': 1, '176 KBR-VTTMC': 1, '342-U': 6, '144-K D06G-KVLB': 1, '144-K': 23, 'VSD-KBR': 1, '300-V': 4, '176 CLO-KBR': 3, 'KVBR-HBL-CHSC': 3, 'KBR-KRM': 1, '241-T': 7, 'KRM-KBR': 2, '176-E': 10, 'BEMLA-7': 2, '176-A': 14, 'KVLB-VNS': 1, 'BVNR-KVBL': 1, 'SPHS-BMT14': 1, 'CRISTAL-5': 3, 'SOPHIYA-3': 2, '242-R': 9, 'YTTMC-MMLKB': 1, 'BELGS-55': 3, '176-E VTTMC-KBR': 1, '79-B': 27, '256-MB': 6, '112-A': 24, '230-A': 12}"
Manjushree Hospital,13.02135230,77.60704770,62,29159063,"{'RTNPS-ABC': 1, 'RTNPS-SMP': 1, '415-G': 18, 'KBR-SJHS': 1, '415-A': 2, 'HBL-KBR': 1, 'RTNPS-CHCL': 1, '241-T': 7, '415-D': 29, 'KVLB-VNS': 1}"
Modhi Garden Kavakbyrasandra,13.01722563,77.60745842,9,29159063,{'111-C KBS-MDG': 9}
P&T Quarters,13.02150321,77.60457069,291,29159063,"{'RTNPS-ABC': 1, '111-C': 59, 'RTNPS-KBR': 3, 'KVB-NVG': 5, 'RTNPS-SMP': 1, '415-G': 18, 'KBR-SJHS': 1, '415-A': 2, 'HBL-KBR': 1, 'RTNPS-CHCL': 1, '176 KBR-VTTMC': 1, '342-U': 6, '144-K D06G-KVLB': 1, '144-K': 23, 'VSD-KBR': 1, '300-V': 4, '176 CLO-KBR': 3, 'KVBR-HBL-CHSC': 3, 'KBR-KRM': 1, '241-T': 7, 'KRM-KBR': 2, '176-E': 10, '415-D': 29, '176-A': 14, 'KVLB-VNS': 1, 'BVNR-KVBL': 1, '242-R': 9, 'YTTMC-MMLKB': 1, '111-C KBS-MDG': 9, '176-E VTTMC-KBR': 1, '79-B': 27, '256-MB': 6, '112-A': 24, '230-A': 12}"
Kaval Byrasandra,13.01970724,77.60760896,241,29159064,"{'111-C': 59, 'RTNPS-KBR': 3, 'KVB-NVG': 5, 'KBR-SJHS': 1, 'HBL-KBR': 1, '176 KBR-VTTMC': 1, '342-U': 6, '144-K D06G-KVLB': 1, '144-K': 23, 'VSD-KBR': 1, '300-V': 4, '176 CLO-KBR': 3, 'KVBR-HBL-CHSC': 3, 'KBR-KRM': 1, '241-T': 7, 'KRM-KBR': 2, '176-E': 10, 'BEMLA-7': 2, '176-A': 14, 'KVLB-VNS': 1, 'BVNR-KVBL': 1, 'SPHS-BMT14': 1, 'CRISTAL-5': 3, 'SOPHIYA-3': 2, '242-R': 9, 'YTTMC-MMLKB': 1, 'BELGS-55': 3, '176-E VTTMC-KBR': 1, '79-B': 27, '256-MB': 6, '112-A': 24, '230-A': 12}"
Manjushree Hospital,13.02135230,77.60704770,62,29159064,"{'RTNPS-ABC': 1, 'RTNPS-SMP': 1, '415-G': 18, 'KBR-SJHS': 1, '415-A': 2, 'HBL-KBR': 1, 'RTNPS-CHCL': 1, '241-T': 7, '415-D': 29, 'KVLB-VNS': 1}"
Modhi Garden Kavakbyrasandra,13.01722563,77.60745842,9,29159064,{'111-C KBS-MDG': 9}
P&T Quarters,13.02150321,77.60457069,291,29159064,"{'RTNPS-ABC': 1, '111-C': 59, 'RTNPS-KBR': 3, 'KVB-NVG': 5, 'RTNPS-SMP': 1, '415-G': 18, 'KBR-SJHS': 1, '415-A': 2, 'HBL-KBR': 1, 'RTNPS-CHCL': 1, '176 KBR-VTTMC': 1, '342-U': 6, '144-K D06G-KVLB': 1, '144-K': 23, 'VSD-KBR': 1, '300-V': 4, '176 CLO-KBR': 3, 'KVBR-HBL-CHSC': 3, 'KBR-KRM': 1, '241-T': 7, 'KRM-KBR': 2, '176-E': 10, '415-D': 29, '176-A': 14, 'KVLB-VNS': 1, 'BVNR-KVBL': 1, '242-R': 9, 'YTTMC-MMLKB': 1, '111-C KBS-MDG': 9, '176-E VTTMC-KBR': 1, '79-B': 27, '256-MB': 6, '112-A': 24, '230-A': 12}"
Kaval Byrasandra,13.01970724,77.60760896,241,29159065,"{'111-C': 59, 'RTNPS-KBR': 3, 'KVB-NVG': 5, 'KBR-SJHS': 1, 'HBL-KBR': 1, '176 KBR-VTTMC': 1, '342-U': 6, '144-K D06G-KVLB': 1, '144-K': 23, 'VSD-KBR': 1, '300-V': 4, '176 CLO-KBR': 3, 'KVBR-HBL-CHSC': 3, 'KBR-KRM': 1, '241-T': 7, 'KRM-KBR': 2, '176-E': 10, 'BEMLA-7': 2, '176-A': 14, 'KVLB-VNS': 1, 'BVNR-KVBL': 1, 'SPHS-BMT14': 1, 'CRISTAL-5': 3, 'SOPHIYA-3': 2, '242-R': 9, 'YTTMC-MMLKB': 1, 'BELGS-55': 3, '176-E VTTMC-KBR': 1, '79-B': 27, '256-MB': 6, '112-A': 24, '230-A': 12}"
Modhi Garden Kavakbyrasandra,13.01722563,77.60745842,9,29159065,{'111-C KBS-MDG': 9}
Kaval Byrasandra,13.01970724,77.60760896,241,29159066,"{'111-C': 59, 'RTNPS-KBR': 3, 'KVB-NVG': 5, 'KBR-SJHS': 1, 'HBL-KBR': 1, '176 KBR-VTTMC': 1, '342-U': 6, '144-K D06G-KVLB': 1, '144-K': 23, 'VSD-KBR': 1, '300-V': 4, '176 CLO-KBR': 3, 'KVBR-HBL-CHSC': 3, 'KBR-KRM': 1, '241-T': 7, 'KRM-KBR': 2, '176-E': 10, 'BEMLA-7': 2, '176-A': 14, 'KVLB-VNS': 1, 'BVNR-KVBL': 1, 'SPHS-BMT14': 1, 'CRISTAL-5': 3, 'SOPHIYA-3': 2, '242-R': 9, 'YTTMC-MMLKB': 1, 'BELGS-55': 3, '176-E VTTMC-KBR': 1, '79-B': 27, '256-MB': 6, '112-A': 24, '230-A': 12}"
Manjushree Hospital,13.02135230,77.60704770,62,29159066,"{'RTNPS-ABC': 1, 'RTNPS-SMP': 1, '415-G': 18, 'KBR-SJHS': 1, '415-A': 2, 'HBL-KBR': 1, 'RTNPS-CHCL': 1, '241-T': 7, '415-D': 29, 'KVLB-VNS': 1}"
Modhi Garden Kavakbyrasandra,13.01722563,77.60745842,9,29159066,{'111-C KBS-MDG': 9}
P,13.01211563,77.61606932,523,29159067,"{'290-EA': 0, '290-E SBS-PTH': 0, '291-N': 16, 'TR-4': 46, '290-EB KGR-YHK': 0, '253-A': 12, '290-M': 8, 'DPJN-JJN-NGW': 4, '290-A': 28, '290-RA': 5, '290-R': 13, '290-EB': 0, '290-QA': 18, '290-Q': 14, 'TR-4A': 10, '290-T': 11, '290-HA': 0, '291-D': 22, '291-L': 3, '290-Z': 4, '290-P': 24, 'MBS-14': 10, 'SBS-JKR-ALSG-PTH': 1, 'CLO-RKH': 5, '291-K': 7, '291-A': 11, '291-E': 16, 'G-10': 0, '290 KBS-YLKOT': 2, '290-EY': 0, '290-QA NRG-RKHN': 1, '291-H': 21, '290-E STJHS-YLKOT': 0, 'KBS-NGVRJ-VNS': 1, '290-N': 40, '317-K': 0, 'TR-4 KMT-NGV': 1, '290-C': 63, '290EY KMT-YHKOT': 0, '290-E SBS-NGW-KLN': 0, '290-E ITCF-YHKOT': 0, 'V-SBS-KNB': 1, 'BSK-KRP-ITI': 1, '348-F': 14, 'BMSIT-3': 1, '213-D': 6, 'SBS-RJP': 2, 'SBS-HTN': 1, '375-D': 80}"
Venkateshapura Kadugondanahalli Police Station,13.01512125,77.61731724,536,29159067,"{'SBS-AMC': 0, '290-EA': 0, '290-E SBS-PTH': 0, '291-N': 16, 'TR-4': 46, '290-EB KGR-YHK': 0, '253-A': 12, '290-M': 8, 'DPJN-JJN-NGW': 4, '290-A': 28, '290-H': 0, '290-RA': 5, '290-R': 13, '290-EB': 0, '290-QA': 18, '290-G': 0, '290-Q': 14, 'TR-4A': 10, '290-T': 11, '290-HA': 0, 'SBS-SDH': 2, '291-D': 22, '291-L': 3, '290-Z': 4, '290-P': 24, 'MBS-14': 10, 'SBS-JKR-ALSG-PTH': 1, 'CLO-RKH': 5, '291-K': 7, '291-A': 11, '291-E': 16, 'G-10': 0, '290 KBS-YLKOT': 2, '290-EY': 0, '290-QA NRG-RKHN': 1, '291-H': 21, '290-E STJHS-YLKOT': 0, 'KBS-NGVRJ-VNS': 1, '290-N': 40, '317-K': 0, '241-CD': 11, 'TR-4 KMT-NGV': 1, '290-C': 63, '290EY KMT-YHKOT': 0, '290-E SBS-NGW-KLN': 0, '290-E ITCF-YHKOT': 0, 'V-SBS-KNB': 1, 'BSK-KRP-ITI': 1, '348-F': 14, 'BMSIT-3': 1, '213-D': 6, 'SBS-RJP': 2, 'SBS-HTN': 1, '375-D': 80}"
Bilal Masjid Tanary Road,13.01178374,77.61654675,0,29159068,{}
Muslim Colony,13.01059863,77.61522169,724,29159068,"{'SBS-AMC': 0, '290-EA': 0, '290-E SBS-PTH': 0, '291-N': 16, 'TR-4': 46, '290-EB YHK-KGR': 0, '290-EB KGR-YHK': 0, 'NGW-DPJN': 6, '253-A': 12, '290-M': 8, 'DPJN-JJN-NGW': 4, '290-D': 19, '290-A': 28, '290-H': 0, '291-J': 26, '290-J': 0, '290-RA': 5, '290-R': 13, '290-J MSP-SBS': 0, '290-EB': 0, '290-QA': 18, '291-G': 20, '290-G': 0, '290-Q': 14, 'D10G-NGVR-JJN': 1, 'TR-4A': 10, '290-T': 11, '290-S': 13, '290-HA': 0, 'KLNB-BKC': 1, 'SBS-SDH': 2, 'PTH-SBS1': 4, '291-D': 22, '291-L': 3, '290-Z': 4, '290-P': 24, 'MBS-14': 10, 'SBS-JKR-ALSG-PTH': 1, 'CLO-RKH': 5, '291-K': 7, '291-A': 11, '291-E': 16, 'G-10': 0, '290 KBS-YLKOT': 2, '290-EY': 0, '291-R': 15, 'KLN-JJN': 1, '290-KA KMT-PLG': 1, 'TR-4 JJN-PLG': 2, '290-QA NRG-RKHN': 1, 'MSP-ARMYK': 1, '291-H': 21, '291-B': 2, '290-E STJHS-YLKOT': 0, 'KBS-NGVRJ-VNS': 1, '63 SBS-DPJN': 1, '290-F': 0, '290-N': 40, '317-K': 0, '241-CD': 11, 'TR-4 NGV-MRBS': 2, 'TR-4 KMT-NGV': 1, '290-C': 63, 'MBS-2': 17, '290EY KMT-YHKOT': 0, 'MBS2 PTH-MRHSPG': 1, '290-E SBS-NGW-KLN': 0, '290-E ITCF-YHKOT': 0, 'V-SBS-KNB': 1, '290-E': 52, 'PTH-SBS': 3, 'BSK-KRP-ITI': 1, '348-F': 14, 'BMSIT-3': 1, '213-D': 6, 'SBS-RJP': 2, 'SBS-HTN': 1, '375-D': 80}"
P,13.01211563,77.61606932,523,29159068,"{'290-EA': 0, '290-E SBS-PTH': 0, '291-N': 16, 'TR-4': 46, '290-EB KGR-YHK': 0, '253-A': 12, '290-M': 8, 'DPJN-JJN-NGW': 4, '290-A': 28, '290-RA': 5, '290-R': 13, '290-EB': 0, '290-QA': 18, '290-Q': 14, 'TR-4A': 10, '290-T': 11, '290-HA': 0, '291-D': 22, '291-L': 3, '290-Z': 4, '290-P': 24, 'MBS-14': 10, 'SBS-JKR-ALSG-PTH': 1, 'CLO-RKH': 5, '291-K': 7, '291-A': 11, '291-E': 16, 'G-10': 0, '290 KBS-YLKOT': 2, '290-EY': 0, '290-QA NRG-RKHN': 1, '291-H': 21, '290-E STJHS-YLKOT': 0, 'KBS-NGVRJ-VNS': 1, '290-N': 40, '317-K': 0, 'TR-4 KMT-NGV': 1, '290-C': 63, '290EY KMT-YHKOT': 0, '290-E SBS-NGW-KLN': 0, '290-E ITCF-YHKOT': 0, 'V-SBS-KNB': 1, 'BSK-KRP-ITI': 1, '348-F': 14, 'BMSIT-3': 1, '213-D': 6, 'SBS-RJP': 2, 'SBS-HTN': 1, '375-D': 80}"
Pillanna Garden 9th Main,13.01192877,77.61757806,3,29159068,"{'290-KA KMT-PLG': 1, 'TR-4 JJN-PLG': 2}"
Venkateshapura Kadugondanahalli Police Station,13.01512125,77.61731724,536,29159068,"{'SBS-AMC': 0, '290-EA': 0, '290-E SBS-PTH': 0, '291-N': 16, 'TR-4': 46, '290-EB KGR-YHK': 0, '253-A': 12, '290-M': 8, 'DPJN-JJN-NGW': 4, '290-A': 28, '290-H': 0, '290-RA': 5, '290-R': 13, '290-EB': 0, '290-QA': 18, '290-G': 0, '290-Q': 14, 'TR-4A': 10, '290-T': 11, '290-HA': 0, 'SBS-SDH': 2, '291-D': 22, '291-L': 3, '290-Z': 4, '290-P': 24, 'MBS-14': 10, 'SBS-JKR-ALSG-PTH': 1, 'CLO-RKH': 5, '291-K': 7, '291-A': 11, '291-E': 16, 'G-10': 0, '290 KBS-YLKOT': 2, '290-EY': 0, '290-QA NRG-RKHN': 1, '291-H': 21, '290-E STJHS-YLKOT': 0, 'KBS-NGVRJ-VNS': 1, '290-N': 40, '317-K': 0, '241-CD': 11, 'TR-4 KMT-NGV': 1, '290-C': 63, '290EY KMT-YHKOT': 0, '290-E SBS-NGW-KLN': 0, '290-E ITCF-YHKOT': 0, 'V-SBS-KNB': 1, 'BSK-KRP-ITI': 1, '348-F': 14, 'BMSIT-3': 1, '213-D': 6, 'SBS-RJP': 2, 'SBS-HTN': 1, '375-D': 80}"
Modhi Garden Kavakbyrasandra,13.01722563,77.60745842,9,29159069,{'111-C KBS-MDG': 9}
Modhi Garden Kavakbyrasandra,13.01722563,77.60745842,9,29159070,{'111-C KBS-MDG': 9}
P,13.01211563,77.61606932,523,29159070,"{'290-EA': 0, '290-E SBS-PTH': 0, '291-N': 16, 'TR-4': 46, '290-EB KGR-YHK': 0, '253-A': 12, '290-M': 8, 'DPJN-JJN-NGW': 4, '290-A': 28, '290-RA': 5, '290-R': 13, '290-EB': 0, '290-QA': 18, '290-Q': 14, 'TR-4A': 10, '290-T': 11, '290-HA': 0, '291-D': 22, '291-L': 3, '290-Z': 4, '290-P': 24, 'MBS-14': 10, 'SBS-JKR-ALSG-PTH': 1, 'CLO-RKH': 5, '291-K': 7, '291-A': 11, '291-E': 16, 'G-10': 0, '290 KBS-YLKOT': 2, '290-EY': 0, '290-QA NRG-RKHN': 1, '291-H': 21, '290-E STJHS-YLKOT': 0, 'KBS-NGVRJ-VNS': 1, '290-N': 40, '317-K': 0, 'TR-4 KMT-NGV': 1, '290-C': 63, '290EY KMT-YHKOT': 0, '290-E SBS-NGW-KLN': 0, '290-E ITCF-YHKOT': 0, 'V-SBS-KNB': 1, 'BSK-KRP-ITI': 1, '348-F': 14, 'BMSIT-3': 1, '213-D': 6, 'SBS-RJP': 2, 'SBS-HTN': 1, '375-D': 80}"
Bilal Masjid Tanary Road,13.01178374,77.61654675,0,29159071,{}
P,13.01211563,77.61606932,523,29159071,"{'290-EA': 0, '290-E SBS-PTH': 0, '291-N': 16, 'TR-4': 46, '290-EB KGR-YHK': 0, '253-A': 12, '290-M': 8, 'DPJN-JJN-NGW': 4, '290-A': 28, '290-RA': 5, '290-R': 13, '290-EB': 0, '290-QA': 18, '290-Q': 14, 'TR-4A': 10, '290-T': 11, '290-HA': 0, '291-D': 22, '291-L': 3, '290-Z': 4, '290-P': 24, 'MBS-14': 10, 'SBS-JKR-ALSG-PTH': 1, 'CLO-RKH': 5, '291-K': 7, '291-A': 11, '291-E': 16, 'G-10': 0, '290 KBS-YLKOT': 2, '290-EY': 0, '290-QA NRG-RKHN': 1, '291-H': 21, '290-E STJHS-YLKOT': 0, 'KBS-NGVRJ-VNS': 1, '290-N': 40, '317-K': 0, 'TR-4 KMT-NGV': 1, '290-C': 63, '290EY KMT-YHKOT': 0, '290-E SBS-NGW-KLN': 0, '290-E ITCF-YHKOT': 0, 'V-SBS-KNB': 1, 'BSK-KRP-ITI': 1, '348-F': 14, 'BMSIT-3': 1, '213-D': 6, 'SBS-RJP': 2, 'SBS-HTN': 1, '375-D': 80}"
Venkateshapura Kadugondanahalli Police Station,13.01512125,77.61731724,536,29159071,"{'SBS-AMC': 0, '290-EA': 0, '290-E SBS-PTH': 0, '291-N': 16, 'TR-4': 46, '290-EB KGR-YHK': 0, '253-A': 12, '290-M': 8, 'DPJN-JJN-NGW': 4, '290-A': 28, '290-H': 0, '290-RA': 5, '290-R': 13, '290-EB': 0, '290-QA': 18, '290-G': 0, '290-Q': 14, 'TR-4A': 10, '290-T': 11, '290-HA': 0, 'SBS-SDH': 2, '291-D': 22, '291-L': 3, '290-Z': 4, '290-P': 24, 'MBS-14': 10, 'SBS-JKR-ALSG-PTH': 1, 'CLO-RKH': 5, '291-K': 7, '291-A': 11, '291-E': 16, 'G-10': 0, '290 KBS-YLKOT': 2, '290-EY': 0, '290-QA NRG-RKHN': 1, '291-H': 21, '290-E STJHS-YLKOT': 0, 'KBS-NGVRJ-VNS': 1, '290-N': 40, '317-K': 0, '241-CD': 11, 'TR-4 KMT-NGV': 1, '290-C': 63, '290EY KMT-YHKOT': 0, '290-E SBS-NGW-KLN': 0, '290-E ITCF-YHKOT': 0, 'V-SBS-KNB': 1, 'BSK-KRP-ITI': 1, '348-F': 14, 'BMSIT-3': 1, '213-D': 6, 'SBS-RJP': 2, 'SBS-HTN': 1, '375-D': 80}"
Venkateshapura Kadugondanahalli Police Station,13.01512125,77.61731724,536,29159072,"{'SBS-AMC': 0, '290-EA': 0, '290-E SBS-PTH': 0, '291-N': 16, 'TR-4': 46, '290-EB KGR-YHK': 0, '253-A': 12, '290-M': 8, 'DPJN-JJN-NGW': 4, '290-A': 28, '290-H': 0, '290-RA': 5, '290-R': 13, '290-EB': 0, '290-QA': 18, '290-G': 0, '290-Q': 14, 'TR-4A': 10, '290-T': 11, '290-HA': 0, 'SBS-SDH': 2, '291-D': 22, '291-L': 3, '290-Z': 4, '290-P': 24, 'MBS-14': 10, 'SBS-JKR-ALSG-PTH': 1, 'CLO-RKH': 5, '291-K': 7, '291-A': 11, '291-E': 16, 'G-10': 0, '290 KBS-YLKOT': 2, '290-EY': 0, '290-QA NRG-RKHN': 1, '291-H': 21, '290-E STJHS-YLKOT': 0, 'KBS-NGVRJ-VNS': 1, '290-N': 40, '317-K': 0, '241-CD': 11, 'TR-4 KMT-NGV': 1, '290-C': 63, '290EY KMT-YHKOT': 0, '290-E SBS-NGW-KLN': 0, '290-E ITCF-YHKOT': 0, 'V-SBS-KNB': 1, 'BSK-KRP-ITI': 1, '348-F': 14, 'BMSIT-3': 1, '213-D': 6, 'SBS-RJP': 2, 'SBS-HTN': 1, '375-D': 80}"
P,13.01211563,77.61606932,523,29159081,"{'290-EA': 0, '290-E SBS-PTH': 0, '291-N': 16, 'TR-4': 46, '290-EB KGR-YHK': 0, '253-A': 12, '290-M': 8, 'DPJN-JJN-NGW': 4, '290-A': 28, '290-RA': 5, '290-R': 13, '290-EB': 0, '290-QA': 18, '290-Q': 14, 'TR-4A': 10, '290-T': 11, '290-HA': 0, '291-D': 22, '291-L': 3, '290-Z': 4, '290-P': 24, 'MBS-14': 10, 'SBS-JKR-ALSG-PTH': 1, 'CLO-RKH': 5, '291-K': 7, '291-A': 11, '291-E': 16, 'G-10': 0, '290 KBS-YLKOT': 2, '290-EY': 0, '290-QA NRG-RKHN': 1, '291-H': 21, '290-E STJHS-YLKOT': 0, 'KBS-NGVRJ-VNS': 1, '290-N': 40, '317-K': 0, 'TR-4 KMT-NGV': 1, '290-C': 63, '290EY KMT-YHKOT': 0, '290-E SBS-NGW-KLN': 0, '290-E ITCF-YHKOT': 0, 'V-SBS-KNB': 1, 'BSK-KRP-ITI': 1, '348-F': 14, 'BMSIT-3': 1, '213-D': 6, 'SBS-RJP': 2, 'SBS-HTN': 1, '375-D': 80}"
Venkateshapura Kadugondanahalli Police Station,13.01512125,77.61731724,536,29159081,"{'SBS-AMC': 0, '290-EA': 0, '290-E SBS-PTH': 0, '291-N': 16, 'TR-4': 46, '290-EB KGR-YHK': 0, '253-A': 12, '290-M': 8, 'DPJN-JJN-NGW': 4, '290-A': 28, '290-H': 0, '290-RA': 5, '290-R': 13, '290-EB': 0, '290-QA': 18, '290-G': 0, '290-Q': 14, 'TR-4A': 10, '290-T': 11, '290-HA': 0, 'SBS-SDH': 2, '291-D': 22, '291-L': 3, '290-Z': 4, '290-P': 24, 'MBS-14': 10, 'SBS-JKR-ALSG-PTH': 1, 'CLO-RKH': 5, '291-K': 7, '291-A': 11, '291-E': 16, 'G-10': 0, '290 KBS-YLKOT': 2, '290-EY': 0, '290-QA NRG-RKHN': 1, '291-H': 21, '290-E STJHS-YLKOT': 0, 'KBS-NGVRJ-VNS': 1, '290-N': 40, '317-K': 0, '241-CD': 11, 'TR-4 KMT-NGV': 1, '290-C': 63, '290EY KMT-YHKOT': 0, '290-E SBS-NGW-KLN': 0, '290-E ITCF-YHKOT': 0, 'V-SBS-KNB': 1, 'BSK-KRP-ITI': 1, '348-F': 14, 'BMSIT-3': 1, '213-D': 6, 'SBS-RJP': 2, 'SBS-HTN': 1, '375-D': 80}"
Bilal Masjid Tanary Road,13.01178374,77.61654675,0,29159082,{}
Kadugondanahalli Police Station,13.02070393,77.61894458,751,29159082,"{'SBS-AMC': 0, '290-EA': 0, '290-E SBS-PTH': 0, '291-N': 16, 'TR-4': 46, '290-EB YHK-KGR': 0, '290-EB KGR-YHK': 0, 'NGW-DPJN': 6, '253-A': 12, '290-M': 8, 'DPJN-JJN-NGW': 4, '290-D': 19, '290-A': 28, '290-H': 0, 'D10G-HBR2': 1, '291-J': 26, '290-J': 0, '290-RA': 5, '290-R': 13, '290-J MSP-SBS': 0, '290-EB': 0, '290-QA': 18, '291-G': 20, '290-G': 0, '290-Q': 14, 'D10G-NGVR-JJN': 1, 'TR-4A': 10, '290-T': 11, '290-S': 13, '290-HA': 0, 'KLNB-BKC': 1, 'SBS-SDH': 2, 'PTH-SBS1': 4, '291-D': 22, '291-L': 3, '290-Z': 4, '290-P': 24, 'MBS-14': 10, 'SBS-JKR-ALSG-PTH': 1, 'CLO-RKH': 5, '291-K': 7, '291-A': 11, '291-E': 16, 'G-10': 0, '290 KBS-YLKOT': 2, '290-EY': 0, '291-R': 15, 'KLN-JJN': 1, '290-QA NRG-RKHN': 1, 'MSP-ARMYK': 1, '291-H': 21, '291-B': 2, 'OASIS-6B': 2, '290-E STJHS-YLKOT': 0, 'KBS-NGVRJ-VNS': 1, 'BEMLC-19': 3, 'BEMLB-22': 4, 'BELGS-46': 2, 'ITI-02': 2, '63 SBS-DPJN': 1, '290-F': 0, '290-N': 40, '317-K': 0, '241-CD': 11, 'TR-4 NGV-MRBS': 2, 'TR-4 KMT-NGV': 1, '290-C': 63, 'MBS-2': 17, '290EY KMT-YHKOT': 0, 'MBS2 PTH-MRHSPG': 1, 'CRISTAL-3': 1, '290-E SBS-NGW-KLN': 0, '290-E ITCF-YHKOT': 0, 'V-SBS-KNB': 1, '290-E': 52, 'PTH-SBS': 3, 'BSK-KRP-ITI': 1, '348-F': 14, 'BMSIT-3': 1, '213-D': 6, 'SBS-RJP': 2, 'SBS-HTN': 1, '348-M': 15, '375-D': 80}"
P,13.01211563,77.61606932,523,29159082,"{'290-EA': 0, '290-E SBS-PTH': 0, '291-N': 16, 'TR-4': 46, '290-EB KGR-YHK': 0, '253-A': 12, '290-M': 8, 'DPJN-JJN-NGW': 4, '290-A': 28, '290-RA': 5, '290-R': 13, '290-EB': 0, '290-QA': 18, '290-Q': 14, 'TR-4A': 10, '290-T': 11, '290-HA': 0, '291-D': 22, '291-L': 3, '290-Z': 4, '290-P': 24, 'MBS-14': 10, 'SBS-JKR-ALSG-PTH': 1, 'CLO-RKH': 5, '291-K': 7, '291-A': 11, '291-E': 16, 'G-10': 0, '290 KBS-YLKOT': 2, '290-EY': 0, '290-QA NRG-RKHN': 1, '291-H': 21, '290-E STJHS-YLKOT': 0, 'KBS-NGVRJ-VNS': 1, '290-N': 40, '317-K': 0, 'TR-4 KMT-NGV': 1, '290-C': 63, '290EY KMT-YHKOT': 0, '290-E SBS-NGW-KLN': 0, '290-E ITCF-YHKOT': 0, 'V-SBS-KNB': 1, 'BSK-KRP-ITI': 1, '348-F': 14, 'BMSIT-3': 1, '213-D': 6, 'SBS-RJP': 2, 'SBS-HTN': 1, '375-D': 80}"
Venkateshapura Kadugondanahalli Police Station,13.01512125,77.61731724,536,29159082,"{'SBS-AMC': 0, '290-EA': 0, '290-E SBS-PTH': 0, '291-N': 16, 'TR-4': 46, '290-EB KGR-YHK': 0, '253-A': 12, '290-M': 8, 'DPJN-JJN-NGW': 4, '290-A': 28, '290-H': 0, '290-RA': 5, '290-R': 13, '290-EB': 0, '290-QA': 18, '290-G': 0, '290-Q': 14, 'TR-4A': 10, '290-T': 11, '290-HA': 0, 'SBS-SDH': 2, '291-D': 22, '291-L': 3, '290-Z': 4, '290-P': 24, 'MBS-14': 10, 'SBS-JKR-ALSG-PTH': 1, 'CLO-RKH': 5, '291-K': 7, '291-A': 11, '291-E': 16, 'G-10': 0, '290 KBS-YLKOT': 2, '290-EY': 0, '290-QA NRG-RKHN': 1, '291-H': 21, '290-E STJHS-YLKOT': 0, 'KBS-NGVRJ-VNS': 1, '290-N': 40, '317-K': 0, '241-CD': 11, 'TR-4 KMT-NGV': 1, '290-C': 63, '290EY KMT-YHKOT': 0, '290-E SBS-NGW-KLN': 0, '290-E ITCF-YHKOT': 0, 'V-SBS-KNB': 1, 'BSK-KRP-ITI': 1, '348-F': 14, 'BMSIT-3': 1, '213-D': 6, 'SBS-RJP': 2, 'SBS-HTN': 1, '375-D': 80}"
Modhi Garden Kavakbyrasandra,13.01722563,77.60745842,9,29159083,{'111-C KBS-MDG': 9}
Kaval Byrasandra,13.01970724,77.60760896,241,29159084,"{'111-C': 59, 'RTNPS-KBR': 3, 'KVB-NVG': 5, 'KBR-SJHS': 1, 'HBL-KBR': 1, '176 KBR-VTTMC': 1, '342-U': 6, '144-K D06G-KVLB': 1, '144-K': 23, 'VSD-KBR': 1, '300-V': 4, '176 CLO-KBR': 3, 'KVBR-HBL-CHSC': 3, 'KBR-KRM': 1, '241-T': 7, 'KRM-KBR': 2, '176-E': 10, 'BEMLA-7': 2, '176-A': 14, 'KVLB-VNS': 1, 'BVNR-KVBL': 1, 'SPHS-BMT14': 1, 'CRISTAL-5': 3, 'SOPHIYA-3': 2, '242-R': 9, 'YTTMC-MMLKB': 1, 'BELGS-55': 3, '176-E VTTMC-KBR': 1, '79-B': 27, '256-MB': 6, '112-A': 24, '230-A': 12}"
Modhi Garden Kavakbyrasandra,13.01722563,77.60745842,9,29159084,{'111-C KBS-MDG': 9}
Kaval Byrasandra,13.01970724,77.60760896,241,29159085,"{'111-C': 59, 'RTNPS-KBR': 3, 'KVB-NVG': 5, 'KBR-SJHS': 1, 'HBL-KBR': 1, '176 KBR-VTTMC': 1, '342-U': 6, '144-K D06G-KVLB': 1, '144-K': 23, 'VSD-KBR': 1, '300-V': 4, '176 CLO-KBR': 3, 'KVBR-HBL-CHSC': 3, 'KBR-KRM': 1, '241-T': 7, 'KRM-KBR': 2, '176-E': 10, 'BEMLA-7': 2, '176-A': 14, 'KVLB-VNS': 1, 'BVNR-KVBL': 1, 'SPHS-BMT14': 1, 'CRISTAL-5': 3, 'SOPHIYA-3': 2, '242-R': 9, 'YTTMC-MMLKB': 1, 'BELGS-55': 3, '176-E VTTMC-KBR': 1, '79-B': 27, '256-MB': 6, '112-A': 24, '230-A': 12}"
Modhi Garden Kavakbyrasandra,13.01722563,77.60745842,9,29159085,{'111-C KBS-MDG': 9}
Muslim Colony,13.01059863,77.61522169,724,29159086,"{'SBS-AMC': 0, '290-EA': 0, '290-E SBS-PTH': 0, '291-N': 16, 'TR-4': 46, '290-EB YHK-KGR': 0, '290-EB KGR-YHK': 0, 'NGW-DPJN': 6, '253-A': 12, '290-M': 8, 'DPJN-JJN-NGW': 4, '290-D': 19, '290-A': 28, '290-H': 0, '291-J': 26, '290-J': 0, '290-RA': 5, '290-R': 13, '290-J MSP-SBS': 0, '290-EB': 0, '290-QA': 18, '291-G': 20, '290-G': 0, '290-Q': 14, 'D10G-NGVR-JJN': 1, 'TR-4A': 10, '290-T': 11, '290-S': 13, '290-HA': 0, 'KLNB-BKC': 1, 'SBS-SDH': 2, 'PTH-SBS1': 4, '291-D': 22, '291-L': 3, '290-Z': 4, '290-P': 24, 'MBS-14': 10, 'SBS-JKR-ALSG-PTH': 1, 'CLO-RKH': 5, '291-K': 7, '291-A': 11, '291-E': 16, 'G-10': 0, '290 KBS-YLKOT': 2, '290-EY': 0, '291-R': 15, 'KLN-JJN': 1, '290-KA KMT-PLG': 1, 'TR-4 JJN-PLG': 2, '290-QA NRG-RKHN': 1, 'MSP-ARMYK': 1, '291-H': 21, '291-B': 2, '290-E STJHS-YLKOT': 0, 'KBS-NGVRJ-VNS': 1, '63 SBS-DPJN': 1, '290-F': 0, '290-N': 40, '317-K': 0, '241-CD': 11, 'TR-4 NGV-MRBS': 2, 'TR-4 KMT-NGV': 1, '290-C': 63, 'MBS-2': 17, '290EY KMT-YHKOT': 0, 'MBS2 PTH-MRHSPG': 1, '290-E SBS-NGW-KLN': 0, '290-E ITCF-YHKOT': 0, 'V-SBS-KNB': 1, '290-E': 52, 'PTH-SBS': 3, 'BSK-KRP-ITI': 1, '348-F': 14, 'BMSIT-3': 1, '213-D': 6, 'SBS-RJP': 2, 'SBS-HTN': 1, '375-D': 80}"
Periyar Nagara Circle Tannery Road,13.00864575,77.61331335,539,29159086,"{'SBS-AMC': 0, '290-EA': 0, '290-E SBS-PTH': 0, '291-N': 16, 'TR-4': 46, '290-EB KGR-YHK': 0, '253-A': 12, '290-M': 8, 'DPJN-JJN-NGW': 4, '290-A': 28, '290-H': 0, '290-RA': 5, '290-R': 13, '290-EB': 0, '290-QA': 18, '290-G': 0, '290-Q': 14, 'TR-4A': 10, '290-T': 11, '290-HA': 0, 'SBS-SDH': 2, '291-D': 22, '291-L': 3, '290-Z': 4, '290-P': 24, 'MBS-14': 10, 'SBS-JKR-ALSG-PTH': 1, 'CLO-RKH': 5, '291-K': 7, '291-A': 11, '291-E': 16, 'G-10': 0, '290 KBS-YLKOT': 2, '290-EY': 0, '290-KA KMT-PLG': 1, 'TR-4 JJN-PLG': 2, '290-QA NRG-RKHN': 1, '291-H': 21, '290-E STJHS-YLKOT': 0, 'KBS-NGVRJ-VNS': 1, '290-N': 40, '317-K': 0, '241-CD': 11, 'TR-4 KMT-NGV': 1, '290-C': 63, '290EY KMT-YHKOT': 0, '290-E SBS-NGW-KLN': 0, '290-E ITCF-YHKOT': 0, 'V-SBS-KNB': 1, 'BSK-KRP-ITI': 1, '348-F': 14, 'BMSIT-3': 1, '213-D': 6, 'SBS-RJP': 2, 'SBS-HTN': 1, '375-D': 80}"
Modhi Garden Kavakbyrasandra,13.01722563,77.60745842,9,29159087,{'111-C KBS-MDG': 9}
Muslim Colony,13.01059863,77.61522169,724,29159087,"{'SBS-AMC': 0, '290-EA': 0, '290-E SBS-PTH': 0, '291-N': 16, 'TR-4': 46, '290-EB YHK-KGR': 0, '290-EB KGR-YHK': 0, 'NGW-DPJN': 6, '253-A': 12, '290-M': 8, 'DPJN-JJN-NGW': 4, '290-D': 19, '290-A': 28, '290-H': 0, '291-J': 26, '290-J': 0, '290-RA': 5, '290-R': 13, '290-J MSP-SBS': 0, '290-EB': 0, '290-QA': 18, '291-G': 20, '290-G': 0, '290-Q': 14, 'D10G-NGVR-JJN': 1, 'TR-4A': 10, '290-T': 11, '290-S': 13, '290-HA': 0, 'KLNB-BKC': 1, 'SBS-SDH': 2, 'PTH-SBS1': 4, '291-D': 22, '291-L': 3, '290-Z': 4, '290-P': 24, 'MBS-14': 10, 'SBS-JKR-ALSG-PTH': 1, 'CLO-RKH': 5, '291-K': 7, '291-A': 11, '291-E': 16, 'G-10': 0, '290 KBS-YLKOT': 2, '290-EY': 0, '291-R': 15, 'KLN-JJN': 1, '290-KA KMT-PLG': 1, 'TR-4 JJN-PLG': 2, '290-QA NRG-RKHN': 1, 'MSP-ARMYK': 1, '291-H': 21, '291-B': 2, '290-E STJHS-YLKOT': 0, 'KBS-NGVRJ-VNS': 1, '63 SBS-DPJN': 1, '290-F': 0, '290-N': 40, '317-K': 0, '241-CD': 11, 'TR-4 NGV-MRBS': 2, 'TR-4 KMT-NGV': 1, '290-C': 63, 'MBS-2': 17, '290EY KMT-YHKOT': 0, 'MBS2 PTH-MRHSPG': 1, '290-E SBS-NGW-KLN': 0, '290-E ITCF-YHKOT': 0, 'V-SBS-KNB': 1, '290-E': 52, 'PTH-SBS': 3, 'BSK-KRP-ITI': 1, '348-F': 14, 'BMSIT-3': 1, '213-D': 6, 'SBS-RJP': 2, 'SBS-HTN': 1, '375-D': 80}"
Modhi Garden Kavakbyrasandra,13.01722563,77.60745842,9,29159088,{'111-C KBS-MDG': 9}
Kaval Byrasandra,13.01970724,77.60760896,241,29159089,"{'111-C': 59, 'RTNPS-KBR': 3, 'KVB-NVG': 5, 'KBR-SJHS': 1, 'HBL-KBR': 1, '176 KBR-VTTMC': 1, '342-U': 6, '144-K D06G-KVLB': 1, '144-K': 23, 'VSD-KBR': 1, '300-V': 4, '176 CLO-KBR': 3, 'KVBR-HBL-CHSC': 3, 'KBR-KRM': 1, '241-T': 7, 'KRM-KBR': 2, '176-E': 10, 'BEMLA-7': 2, '176-A': 14, 'KVLB-VNS': 1, 'BVNR-KVBL': 1, 'SPHS-BMT14': 1, 'CRISTAL-5': 3, 'SOPHIYA-3': 2, '242-R': 9, 'YTTMC-MMLKB': 1, 'BELGS-55': 3, '176-E VTTMC-KBR': 1, '79-B': 27, '256-MB': 6, '112-A': 24, '230-A': 12}"
Manjushree Hospital,13.02135230,77.60704770,62,29159089,"{'RTNPS-ABC': 1, 'RTNPS-SMP': 1, '415-G': 18, 'KBR-SJHS': 1, '415-A': 2, 'HBL-KBR': 1, 'RTNPS-CHCL': 1, '241-T': 7, '415-D': 29, 'KVLB-VNS': 1}"
MM Layout Kavalbyrasandra,13.02220094,77.61009201,3,29159089,"{'VNS-20': 2, 'YTTMC-MMLKB': 1}"
Modhi Garden Kavakbyrasandra,13.01722563,77.60745842,9,29159089,{'111-C KBS-MDG': 9}
Kaval Byrasandra,13.01970724,77.60760896,241,29159090,"{'111-C': 59, 'RTNPS-KBR': 3, 'KVB-NVG': 5, 'KBR-SJHS': 1, 'HBL-KBR': 1, '176 KBR-VTTMC': 1, '342-U': 6, '144-K D06G-KVLB': 1, '144-K': 23, 'VSD-KBR': 1, '300-V': 4, '176 CLO-KBR': 3, 'KVBR-HBL-CHSC': 3, 'KBR-KRM': 1, '241-T': 7, 'KRM-KBR': 2, '176-E': 10, 'BEMLA-7': 2, '176-A': 14, 'KVLB-VNS': 1, 'BVNR-KVBL': 1, 'SPHS-BMT14': 1, 'CRISTAL-5': 3, 'SOPHIYA-3': 2, '242-R': 9, 'YTTMC-MMLKB': 1, 'BELGS-55': 3, '176-E VTTMC-KBR': 1, '79-B': 27, '256-MB': 6, '112-A': 24, '230-A': 12}"
Manjushree Hospital,13.02135230,77.60704770,62,29159090,"{'RTNPS-ABC': 1, 'RTNPS-SMP': 1, '415-G': 18, 'KBR-SJHS': 1, '415-A': 2, 'HBL-KBR': 1, 'RTNPS-CHCL': 1, '241-T': 7, '415-D': 29, 'KVLB-VNS': 1}"
MM Layout Kavalbyrasandra,13.02220094,77.61009201,3,29159090,"{'VNS-20': 2, 'YTTMC-MMLKB': 1}"
Modhi Garden Kavakbyrasandra,13.01722563,77.60745842,9,29159090,{'111-C KBS-MDG': 9}
Kaval Byrasandra,13.01970724,77.60760896,241,29159091,"{'111-C': 59, 'RTNPS-KBR': 3, 'KVB-NVG': 5, 'KBR-SJHS': 1, 'HBL-KBR': 1, '176 KBR-VTTMC': 1, '342-U': 6, '144-K D06G-KVLB': 1, '144-K': 23, 'VSD-KBR': 1, '300-V': 4, '176 CLO-KBR': 3, 'KVBR-HBL-CHSC': 3, 'KBR-KRM': 1, '241-T': 7, 'KRM-KBR': 2, '176-E': 10, 'BEMLA-7': 2, '176-A': 14, 'KVLB-VNS': 1, 'BVNR-KVBL': 1, 'SPHS-BMT14': 1, 'CRISTAL-5': 3, 'SOPHIYA-3': 2, '242-R': 9, 'YTTMC-MMLKB': 1, 'BELGS-55': 3, '176-E VTTMC-KBR': 1, '79-B': 27, '256-MB': 6, '112-A': 24, '230-A': 12}"
Manjushree Hospital,13.02135230,77.60704770,62,29159091,"{'RTNPS-ABC': 1, 'RTNPS-SMP': 1, '415-G': 18, 'KBR-SJHS': 1, '415-A': 2, 'HBL-KBR': 1, 'RTNPS-CHCL': 1, '241-T': 7, '415-D': 29, 'KVLB-VNS': 1}"
Modhi Garden Kavakbyrasandra,13.01722563,77.60745842,9,29159091,{'111-C KBS-MDG': 9}
Kaval Byrasandra,13.01970724,77.60760896,241,29159092,"{'111-C': 59, 'RTNPS-KBR': 3, 'KVB-NVG': 5, 'KBR-SJHS': 1, 'HBL-KBR': 1, '176 KBR-VTTMC': 1, '342-U': 6, '144-K D06G-KVLB': 1, '144-K': 23, 'VSD-KBR': 1, '300-V': 4, '176 CLO-KBR': 3, 'KVBR-HBL-CHSC': 3, 'KBR-KRM': 1, '241-T': 7, 'KRM-KBR': 2, '176-E': 10, 'BEMLA-7': 2, '176-A': 14, 'KVLB-VNS': 1, 'BVNR-KVBL': 1, 'SPHS-BMT14': 1, 'CRISTAL-5': 3, 'SOPHIYA-3': 2, '242-R': 9, 'YTTMC-MMLKB': 1, 'BELGS-55': 3, '176-E VTTMC-KBR': 1, '79-B': 27, '256-MB': 6, '112-A': 24, '230-A': 12}"
Modhi Garden Kavakbyrasandra,13.01722563,77.60745842,9,29159092,{'111-C KBS-MDG': 9}
Modhi Garden Kavakbyrasandra,13.01722563,77.60745842,9,29159093,{'111-C KBS-MDG': 9}
JC Nagara Kabir Ashrama,13.00952319,77.59463310,26,29159097,"{'144-K D06G-KVLB': 1, '114 KBS-JCN': 1, '112-A': 24}"
Kabir Ashram JC Nagara,13.01374635,77.59651065,0,29159097,{}
Marappa Garden,13.00454089,77.59968708,43,29159097,"{'266-N': 12, 'D10G-MRG': 2, 'D14-MPG': 1, '380 KMT-KTO': 6, '320-B': 5, '119-B': 15, 'BEMLA-28': 2}"
Thimmayya Garden,13.01824626,77.59872257,24,29159097,{'112-A': 24}
Chinnappa Garden,13.00302002,77.60353880,38,29159102,"{'266-N': 12, 'BELGS-35': 0, '119-B': 15, 'OASIS-3A': 1, 'OASIS-3B': 2, 'BEMLA-28': 2, 'SHS-10': 2, 'BEMLB-22': 4}"
Marappa Garden,13.00454089,77.59968708,43,29159102,"{'266-N': 12, 'D10G-MRG': 2, 'D14-MPG': 1, '380 KMT-KTO': 6, '320-B': 5, '119-B': 15, 'BEMLA-28': 2}"
Kaval Byrasandra,13.01970724,77.60760896,241,29159103,"{'111-C': 59, 'RTNPS-KBR': 3, 'KVB-NVG': 5, 'KBR-SJHS': 1, 'HBL-KBR': 1, '176 KBR-VTTMC': 1, '342-U': 6, '144-K D06G-KVLB': 1, '144-K': 23, 'VSD-KBR': 1, '300-V': 4, '176 CLO-KBR': 3, 'KVBR-HBL-CHSC': 3, 'KBR-KRM': 1, '241-T': 7, 'KRM-KBR': 2, '176-E': 10, 'BEMLA-7': 2, '176-A': 14, 'KVLB-VNS': 1, 'BVNR-KVBL': 1, 'SPHS-BMT14': 1, 'CRISTAL-5': 3, 'SOPHIYA-3': 2, '242-R': 9, 'YTTMC-MMLKB': 1, 'BELGS-55': 3, '176-E VTTMC-KBR': 1, '79-B': 27, '256-MB': 6, '112-A': 24, '230-A': 12}"
Modhi Garden Kavakbyrasandra,13.01722563,77.60745842,9,29159103,{'111-C KBS-MDG': 9}
Kaval Byrasandra,13.01970724,77.60760896,241,29159104,"{'111-C': 59, 'RTNPS-KBR': 3, 'KVB-NVG': 5, 'KBR-SJHS': 1, 'HBL-KBR': 1, '176 KBR-VTTMC': 1, '342-U': 6, '144-K D06G-KVLB': 1, '144-K': 23, 'VSD-KBR': 1, '300-V': 4, '176 CLO-KBR': 3, 'KVBR-HBL-CHSC': 3, 'KBR-KRM': 1, '241-T': 7, 'KRM-KBR': 2, '176-E': 10, 'BEMLA-7': 2, '176-A': 14, 'KVLB-VNS': 1, 'BVNR-KVBL': 1, 'SPHS-BMT14': 1, 'CRISTAL-5': 3, 'SOPHIYA-3': 2, '242-R': 9, 'YTTMC-MMLKB': 1, 'BELGS-55': 3, '176-E VTTMC-KBR': 1, '79-B': 27, '256-MB': 6, '112-A': 24, '230-A': 12}"
Modhi Garden Kavakbyrasandra,13.01722563,77.60745842,9,29159104,{'111-C KBS-MDG': 9}
Modhi Garden Kavakbyrasandra,13.01722563,77.60745842,9,29159105,{'111-C KBS-MDG': 9}
Modhi Garden Kavakbyrasandra,13.01722563,77.60745842,9,29159106,{'111-C KBS-MDG': 9}
Bilal Masjid Tanary Road,13.01178374,77.61654675,0,29159107,{}
Muslim Colony,13.01059863,77.61522169,724,29159107,"{'SBS-AMC': 0, '290-EA': 0, '290-E SBS-PTH': 0, '291-N': 16, 'TR-4': 46, '290-EB YHK-KGR': 0, '290-EB KGR-YHK': 0, 'NGW-DPJN': 6, '253-A': 12, '290-M': 8, 'DPJN-JJN-NGW': 4, '290-D': 19, '290-A': 28, '290-H': 0, '291-J': 26, '290-J': 0, '290-RA': 5, '290-R': 13, '290-J MSP-SBS': 0, '290-EB': 0, '290-QA': 18, '291-G': 20, '290-G': 0, '290-Q': 14, 'D10G-NGVR-JJN': 1, 'TR-4A': 10, '290-T': 11, '290-S': 13, '290-HA': 0, 'KLNB-BKC': 1, 'SBS-SDH': 2, 'PTH-SBS1': 4, '291-D': 22, '291-L': 3, '290-Z': 4, '290-P': 24, 'MBS-14': 10, 'SBS-JKR-ALSG-PTH': 1, 'CLO-RKH': 5, '291-K': 7, '291-A': 11, '291-E': 16, 'G-10': 0, '290 KBS-YLKOT': 2, '290-EY': 0, '291-R': 15, 'KLN-JJN': 1, '290-KA KMT-PLG': 1, 'TR-4 JJN-PLG': 2, '290-QA NRG-RKHN': 1, 'MSP-ARMYK': 1, '291-H': 21, '291-B': 2, '290-E STJHS-YLKOT': 0, 'KBS-NGVRJ-VNS': 1, '63 SBS-DPJN': 1, '290-F': 0, '290-N': 40, '317-K': 0, '241-CD': 11, 'TR-4 NGV-MRBS': 2, 'TR-4 KMT-NGV': 1, '290-C': 63, 'MBS-2': 17, '290EY KMT-YHKOT': 0, 'MBS2 PTH-MRHSPG': 1, '290-E SBS-NGW-KLN': 0, '290-E ITCF-YHKOT': 0, 'V-SBS-KNB': 1, '290-E': 52, 'PTH-SBS': 3, 'BSK-KRP-ITI': 1, '348-F': 14, 'BMSIT-3': 1, '213-D': 6, 'SBS-RJP': 2, 'SBS-HTN': 1, '375-D': 80}"
P,13.01211563,77.61606932,523,29159107,"{'290-EA': 0, '290-E SBS-PTH': 0, '291-N': 16, 'TR-4': 46, '290-EB KGR-YHK': 0, '253-A': 12, '290-M': 8, 'DPJN-JJN-NGW': 4, '290-A': 28, '290-RA': 5, '290-R': 13, '290-EB': 0, '290-QA': 18, '290-Q': 14, 'TR-4A': 10, '290-T': 11, '290-HA': 0, '291-D': 22, '291-L': 3, '290-Z': 4, '290-P': 24, 'MBS-14': 10, 'SBS-JKR-ALSG-PTH': 1, 'CLO-RKH': 5, '291-K': 7, '291-A': 11, '291-E': 16, 'G-10': 0, '290 KBS-YLKOT': 2, '290-EY': 0, '290-QA NRG-RKHN': 1, '291-H': 21, '290-E STJHS-YLKOT': 0, 'KBS-NGVRJ-VNS': 1, '290-N': 40, '317-K': 0, 'TR-4 KMT-NGV': 1, '290-C': 63, '290EY KMT-YHKOT': 0, '290-E SBS-NGW-KLN': 0, '290-E ITCF-YHKOT': 0, 'V-SBS-KNB': 1, 'BSK-KRP-ITI': 1, '348-F': 14, 'BMSIT-3': 1, '213-D': 6, 'SBS-RJP': 2, 'SBS-HTN': 1, '375-D': 80}"
Periyar Nagara Circle Tannery Road,13.00864575,77.61331335,539,29159107,"{'SBS-AMC': 0, '290-EA': 0, '290-E SBS-PTH': 0, '291-N': 16, 'TR-4': 46, '290-EB KGR-YHK': 0, '253-A': 12, '290-M': 8, 'DPJN-JJN-NGW': 4, '290-A': 28, '290-H': 0, '290-RA': 5, '290-R': 13, '290-EB': 0, '290-QA': 18, '290-G': 0, '290-Q': 14, 'TR-4A': 10, '290-T': 11, '290-HA': 0, 'SBS-SDH': 2, '291-D': 22, '291-L': 3, '290-Z': 4, '290-P': 24, 'MBS-14': 10, 'SBS-JKR-ALSG-PTH': 1, 'CLO-RKH': 5, '291-K': 7, '291-A': 11, '291-E': 16, 'G-10': 0, '290 KBS-YLKOT': 2, '290-EY': 0, '290-KA KMT-PLG': 1, 'TR-4 JJN-PLG': 2, '290-QA NRG-RKHN': 1, '291-H': 21, '290-E STJHS-YLKOT': 0, 'KBS-NGVRJ-VNS': 1, '290-N': 40, '317-K': 0, '241-CD': 11, 'TR-4 KMT-NGV': 1, '290-C': 63, '290EY KMT-YHKOT': 0, '290-E SBS-NGW-KLN': 0, '290-E ITCF-YHKOT': 0, 'V-SBS-KNB': 1, 'BSK-KRP-ITI': 1, '348-F': 14, 'BMSIT-3': 1, '213-D': 6, 'SBS-RJP': 2, 'SBS-HTN': 1, '375-D': 80}"
Pillanna Garden 9th Main,13.01192877,77.61757806,3,29159107,"{'290-KA KMT-PLG': 1, 'TR-4 JJN-PLG': 2}"
Venkateshapura Kadugondanahalli Police Station,13.01512125,77.61731724,536,29159107,"{'SBS-AMC': 0, '290-EA': 0, '290-E SBS-PTH': 0, '291-N': 16, 'TR-4': 46, '290-EB KGR-YHK': 0, '253-A': 12, '290-M': 8, 'DPJN-JJN-NGW': 4, '290-A': 28, '290-H': 0, '290-RA': 5, '290-R': 13, '290-EB': 0, '290-QA': 18, '290-G': 0, '290-Q': 14, 'TR-4A': 10, '290-T': 11, '290-HA': 0, 'SBS-SDH': 2, '291-D': 22, '291-L': 3, '290-Z': 4, '290-P': 24, 'MBS-14': 10, 'SBS-JKR-ALSG-PTH': 1, 'CLO-RKH': 5, '291-K': 7, '291-A': 11, '291-E': 16, 'G-10': 0, '290 KBS-YLKOT': 2, '290-EY': 0, '290-QA NRG-RKHN': 1, '291-H': 21, '290-E STJHS-YLKOT': 0, 'KBS-NGVRJ-VNS': 1, '290-N': 40, '317-K': 0, '241-CD': 11, 'TR-4 KMT-NGV': 1, '290-C': 63, '290EY KMT-YHKOT': 0, '290-E SBS-NGW-KLN': 0, '290-E ITCF-YHKOT': 0, 'V-SBS-KNB': 1, 'BSK-KRP-ITI': 1, '348-F': 14, 'BMSIT-3': 1, '213-D': 6, 'SBS-RJP': 2, 'SBS-HTN': 1, '375-D': 80}"
Bilal Masjid Tanary Road,13.01178374,77.61654675,0,29159108,{}
Modhi Garden Kavakbyrasandra,13.01722563,77.60745842,9,29159108,{'111-C KBS-MDG': 9}
Muslim Colony,13.01059863,77.61522169,724,29159108,"{'SBS-AMC': 0, '290-EA': 0, '290-E SBS-PTH': 0, '291-N': 16, 'TR-4': 46, '290-EB YHK-KGR': 0, '290-EB KGR-YHK': 0, 'NGW-DPJN': 6, '253-A': 12, '290-M': 8, 'DPJN-JJN-NGW': 4, '290-D': 19, '290-A': 28, '290-H': 0, '291-J': 26, '290-J': 0, '290-RA': 5, '290-R': 13, '290-J MSP-SBS': 0, '290-EB': 0, '290-QA': 18, '291-G': 20, '290-G': 0, '290-Q': 14, 'D10G-NGVR-JJN': 1, 'TR-4A': 10, '290-T': 11, '290-S': 13, '290-HA': 0, 'KLNB-BKC': 1, 'SBS-SDH': 2, 'PTH-SBS1': 4, '291-D': 22, '291-L': 3, '290-Z': 4, '290-P': 24, 'MBS-14': 10, 'SBS-JKR-ALSG-PTH': 1, 'CLO-RKH': 5, '291-K': 7, '291-A': 11, '291-E': 16, 'G-10': 0, '290 KBS-YLKOT': 2, '290-EY': 0, '291-R': 15, 'KLN-JJN': 1, '290-KA KMT-PLG': 1, 'TR-4 JJN-PLG': 2, '290-QA NRG-RKHN': 1, 'MSP-ARMYK': 1, '291-H': 21, '291-B': 2, '290-E STJHS-YLKOT': 0, 'KBS-NGVRJ-VNS': 1, '63 SBS-DPJN': 1, '290-F': 0, '290-N': 40, '317-K': 0, '241-CD': 11, 'TR-4 NGV-MRBS': 2, 'TR-4 KMT-NGV': 1, '290-C': 63, 'MBS-2': 17, '290EY KMT-YHKOT': 0, 'MBS2 PTH-MRHSPG': 1, '290-E SBS-NGW-KLN': 0, '290-E ITCF-YHKOT': 0, 'V-SBS-KNB': 1, '290-E': 52, 'PTH-SBS': 3, 'BSK-KRP-ITI': 1, '348-F': 14, 'BMSIT-3': 1, '213-D': 6, 'SBS-RJP': 2, 'SBS-HTN': 1, '375-D': 80}"
P,13.01211563,77.61606932,523,29159108,"{'290-EA': 0, '290-E SBS-PTH': 0, '291-N': 16, 'TR-4': 46, '290-EB KGR-YHK': 0, '253-A': 12, '290-M': 8, 'DPJN-JJN-NGW': 4, '290-A': 28, '290-RA': 5, '290-R': 13, '290-EB': 0, '290-QA': 18, '290-Q': 14, 'TR-4A': 10, '290-T': 11, '290-HA': 0, '291-D': 22, '291-L': 3, '290-Z': 4, '290-P': 24, 'MBS-14': 10, 'SBS-JKR-ALSG-PTH': 1, 'CLO-RKH': 5, '291-K': 7, '291-A': 11, '291-E': 16, 'G-10': 0, '290 KBS-YLKOT': 2, '290-EY': 0, '290-QA NRG-RKHN': 1, '291-H': 21, '290-E STJHS-YLKOT': 0, 'KBS-NGVRJ-VNS': 1, '290-N': 40, '317-K': 0, 'TR-4 KMT-NGV': 1, '290-C': 63, '290EY KMT-YHKOT': 0, '290-E SBS-NGW-KLN': 0, '290-E ITCF-YHKOT': 0, 'V-SBS-KNB': 1, 'BSK-KRP-ITI': 1, '348-F': 14, 'BMSIT-3': 1, '213-D': 6, 'SBS-RJP': 2, 'SBS-HTN': 1, '375-D': 80}"
Periyar Nagara Circle Tannery Road,13.00864575,77.61331335,539,29159108,"{'SBS-AMC': 0, '290-EA': 0, '290-E SBS-PTH': 0, '291-N': 16, 'TR-4': 46, '290-EB KGR-YHK': 0, '253-A': 12, '290-M': 8, 'DPJN-JJN-NGW': 4, '290-A': 28, '290-H': 0, '290-RA': 5, '290-R': 13, '290-EB': 0, '290-QA': 18, '290-G': 0, '290-Q': 14, 'TR-4A': 10, '290-T': 11, '290-HA': 0, 'SBS-SDH': 2, '291-D': 22, '291-L': 3, '290-Z': 4, '290-P': 24, 'MBS-14': 10, 'SBS-JKR-ALSG-PTH': 1, 'CLO-RKH': 5, '291-K': 7, '291-A': 11, '291-E': 16, 'G-10': 0, '290 KBS-YLKOT': 2, '290-EY': 0, '290-KA KMT-PLG': 1, 'TR-4 JJN-PLG': 2, '290-QA NRG-RKHN': 1, '291-H': 21, '290-E STJHS-YLKOT': 0, 'KBS-NGVRJ-VNS': 1, '290-N': 40, '317-K': 0, '241-CD': 11, 'TR-4 KMT-NGV': 1, '290-C': 63, '290EY KMT-YHKOT': 0, '290-E SBS-NGW-KLN': 0, '290-E ITCF-YHKOT': 0, 'V-SBS-KNB': 1, 'BSK-KRP-ITI': 1, '348-F': 14, 'BMSIT-3': 1, '213-D': 6, 'SBS-RJP': 2, 'SBS-HTN': 1, '375-D': 80}"
Bilal Masjid Tanary Road,13.01178374,77.61654675,0,29159109,{}
Muslim Colony,13.01059863,77.61522169,724,29159109,"{'SBS-AMC': 0, '290-EA': 0, '290-E SBS-PTH': 0, '291-N': 16, 'TR-4': 46, '290-EB YHK-KGR': 0, '290-EB KGR-YHK': 0, 'NGW-DPJN': 6, '253-A': 12, '290-M': 8, 'DPJN-JJN-NGW': 4, '290-D': 19, '290-A': 28, '290-H': 0, '291-J': 26, '290-J': 0, '290-RA': 5, '290-R': 13, '290-J MSP-SBS': 0, '290-EB': 0, '290-QA': 18, '291-G': 20, '290-G': 0, '290-Q': 14, 'D10G-NGVR-JJN': 1, 'TR-4A': 10, '290-T': 11, '290-S': 13, '290-HA': 0, 'KLNB-BKC': 1, 'SBS-SDH': 2, 'PTH-SBS1': 4, '291-D': 22, '291-L': 3, '290-Z': 4, '290-P': 24, 'MBS-14': 10, 'SBS-JKR-ALSG-PTH': 1, 'CLO-RKH': 5, '291-K': 7, '291-A': 11, '291-E': 16, 'G-10': 0, '290 KBS-YLKOT': 2, '290-EY': 0, '291-R': 15, 'KLN-JJN': 1, '290-KA KMT-PLG': 1, 'TR-4 JJN-PLG': 2, '290-QA NRG-RKHN': 1, 'MSP-ARMYK': 1, '291-H': 21, '291-B': 2, '290-E STJHS-YLKOT': 0, 'KBS-NGVRJ-VNS': 1, '63 SBS-DPJN': 1, '290-F': 0, '290-N': 40, '317-K': 0, '241-CD': 11, 'TR-4 NGV-MRBS': 2, 'TR-4 KMT-NGV': 1, '290-C': 63, 'MBS-2': 17, '290EY KMT-YHKOT': 0, 'MBS2 PTH-MRHSPG': 1, '290-E SBS-NGW-KLN': 0, '290-E ITCF-YHKOT': 0, 'V-SBS-KNB': 1, '290-E': 52, 'PTH-SBS': 3, 'BSK-KRP-ITI': 1, '348-F': 14, 'BMSIT-3': 1, '213-D': 6, 'SBS-RJP': 2, 'SBS-HTN': 1, '375-D': 80}"
P,13.01211563,77.61606932,523,29159109,"{'290-EA': 0, '290-E SBS-PTH': 0, '291-N': 16, 'TR-4': 46, '290-EB KGR-YHK': 0, '253-A': 12, '290-M': 8, 'DPJN-JJN-NGW': 4, '290-A': 28, '290-RA': 5, '290-R': 13, '290-EB': 0, '290-QA': 18, '290-Q': 14, 'TR-4A': 10, '290-T': 11, '290-HA': 0, '291-D': 22, '291-L': 3, '290-Z': 4, '290-P': 24, 'MBS-14': 10, 'SBS-JKR-ALSG-PTH': 1, 'CLO-RKH': 5, '291-K': 7, '291-A': 11, '291-E': 16, 'G-10': 0, '290 KBS-YLKOT': 2, '290-EY': 0, '290-QA NRG-RKHN': 1, '291-H': 21, '290-E STJHS-YLKOT': 0, 'KBS-NGVRJ-VNS': 1, '290-N': 40, '317-K': 0, 'TR-4 KMT-NGV': 1, '290-C': 63, '290EY KMT-YHKOT': 0, '290-E SBS-NGW-KLN': 0, '290-E ITCF-YHKOT': 0, 'V-SBS-KNB': 1, 'BSK-KRP-ITI': 1, '348-F': 14, 'BMSIT-3': 1, '213-D': 6, 'SBS-RJP': 2, 'SBS-HTN': 1, '375-D': 80}"
Periyar Nagara Circle Tannery Road,13.00864575,77.61331335,539,29159109,"{'SBS-AMC': 0, '290-EA': 0, '290-E SBS-PTH': 0, '291-N': 16, 'TR-4': 46, '290-EB KGR-YHK': 0, '253-A': 12, '290-M': 8, 'DPJN-JJN-NGW': 4, '290-A': 28, '290-H': 0, '290-RA': 5, '290-R': 13, '290-EB': 0, '290-QA': 18, '290-G': 0, '290-Q': 14, 'TR-4A': 10, '290-T': 11, '290-HA': 0, 'SBS-SDH': 2, '291-D': 22, '291-L': 3, '290-Z': 4, '290-P': 24, 'MBS-14': 10, 'SBS-JKR-ALSG-PTH': 1, 'CLO-RKH': 5, '291-K': 7, '291-A': 11, '291-E': 16, 'G-10': 0, '290 KBS-YLKOT': 2, '290-EY': 0, '290-KA KMT-PLG': 1, 'TR-4 JJN-PLG': 2, '290-QA NRG-RKHN': 1, '291-H': 21, '290-E STJHS-YLKOT': 0, 'KBS-NGVRJ-VNS': 1, '290-N': 40, '317-K': 0, '241-CD': 11, 'TR-4 KMT-NGV': 1, '290-C': 63, '290EY KMT-YHKOT': 0, '290-E SBS-NGW-KLN': 0, '290-E ITCF-YHKOT': 0, 'V-SBS-KNB': 1, 'BSK-KRP-ITI': 1, '348-F': 14, 'BMSIT-3': 1, '213-D': 6, 'SBS-RJP': 2, 'SBS-HTN': 1, '375-D': 80}"
Pillanna Garden 9th Main,13.01192877,77.61757806,3,29159109,"{'290-KA KMT-PLG': 1, 'TR-4 JJN-PLG': 2}"
Tannery Road Canara Bank,13.00680094,77.61247259,480,29159109,"{'SBS-AMC': 0, '290-EA': 0, '290-E SBS-PTH': 0, '291-N': 16, 'TR-4': 46, '290-EB KGR-YHK': 0, '253-A': 12, '290-M': 8, 'DPJN-JJN-NGW': 4, '290-A': 28, '290-R': 13, '290-EB': 0, '290-QA': 18, '290-G': 0, '290-Q': 14, 'TR-4A': 10, '290-T': 11, '290-HA': 0, '291-D': 22, '291-L': 3, '290-Z': 4, '290-P': 24, 'MBS-14': 10, 'SBS-JKR-ALSG-PTH': 1, 'CLO-RKH': 5, '291-K': 7, '291-A': 11, '291-E': 16, 'G-10': 0, '290 KBS-YLKOT': 2, '290-EY': 0, '290-KA KMT-PLG': 1, 'TR-4 JJN-PLG': 2, '290-QA NRG-RKHN': 1, '291-H': 21, '290-E STJHS-YLKOT': 0, 'KBS-NGVRJ-VNS': 1, '317-K': 0, 'TR-4 KMT-NGV': 1, '290-C': 63, '290EY KMT-YHKOT': 0, '290-E SBS-NGW-KLN': 0, '290-E ITCF-YHKOT': 0, 'V-SBS-KNB': 1, 'BSK-KRP-ITI': 1, '348-F': 14, '213-D': 6, 'SBS-RJP': 2, 'SBS-HTN': 1, '375-D': 80}"
Venkateshapura Kadugondanahalli Police Station,13.01512125,77.61731724,536,29159109,"{'SBS-AMC': 0, '290-EA': 0, '290-E SBS-PTH': 0, '291-N': 16, 'TR-4': 46, '290-EB KGR-YHK': 0, '253-A': 12, '290-M': 8, 'DPJN-JJN-NGW': 4, '290-A': 28, '290-H': 0, '290-RA': 5, '290-R': 13, '290-EB': 0, '290-QA': 18, '290-G': 0, '290-Q': 14, 'TR-4A': 10, '290-T': 11, '290-HA': 0, 'SBS-SDH': 2, '291-D': 22, '291-L': 3, '290-Z': 4, '290-P': 24, 'MBS-14': 10, 'SBS-JKR-ALSG-PTH': 1, 'CLO-RKH': 5, '291-K': 7, '291-A': 11, '291-E': 16, 'G-10': 0, '290 KBS-YLKOT': 2, '290-EY': 0, '290-QA NRG-RKHN': 1, '291-H': 21, '290-E STJHS-YLKOT': 0, 'KBS-NGVRJ-VNS': 1, '290-N': 40, '317-K': 0, '241-CD': 11, 'TR-4 KMT-NGV': 1, '290-C': 63, '290EY KMT-YHKOT': 0, '290-E SBS-NGW-KLN': 0, '290-E ITCF-YHKOT': 0, 'V-SBS-KNB': 1, 'BSK-KRP-ITI': 1, '348-F': 14, 'BMSIT-3': 1, '213-D': 6, 'SBS-RJP': 2, 'SBS-HTN': 1, '375-D': 80}"
Bilal Masjid Tanary Road,13.01178374,77.61654675,0,29159110,{}
Muslim Colony,13.01059863,77.61522169,724,29159110,"{'SBS-AMC': 0, '290-EA': 0, '290-E SBS-PTH': 0, '291-N': 16, 'TR-4': 46, '290-EB YHK-KGR': 0, '290-EB KGR-YHK': 0, 'NGW-DPJN': 6, '253-A': 12, '290-M': 8, 'DPJN-JJN-NGW': 4, '290-D': 19, '290-A': 28, '290-H': 0, '291-J': 26, '290-J': 0, '290-RA': 5, '290-R': 13, '290-J MSP-SBS': 0, '290-EB': 0, '290-QA': 18, '291-G': 20, '290-G': 0, '290-Q': 14, 'D10G-NGVR-JJN': 1, 'TR-4A': 10, '290-T': 11, '290-S': 13, '290-HA': 0, 'KLNB-BKC': 1, 'SBS-SDH': 2, 'PTH-SBS1': 4, '291-D': 22, '291-L': 3, '290-Z': 4, '290-P': 24, 'MBS-14': 10, 'SBS-JKR-ALSG-PTH': 1, 'CLO-RKH': 5, '291-K': 7, '291-A': 11, '291-E': 16, 'G-10': 0, '290 KBS-YLKOT': 2, '290-EY': 0, '291-R': 15, 'KLN-JJN': 1, '290-KA KMT-PLG': 1, 'TR-4 JJN-PLG': 2, '290-QA NRG-RKHN': 1, 'MSP-ARMYK': 1, '291-H': 21, '291-B': 2, '290-E STJHS-YLKOT': 0, 'KBS-NGVRJ-VNS': 1, '63 SBS-DPJN': 1, '290-F': 0, '290-N': 40, '317-K': 0, '241-CD': 11, 'TR-4 NGV-MRBS': 2, 'TR-4 KMT-NGV': 1, '290-C': 63, 'MBS-2': 17, '290EY KMT-YHKOT': 0, 'MBS2 PTH-MRHSPG': 1, '290-E SBS-NGW-KLN': 0, '290-E ITCF-YHKOT': 0, 'V-SBS-KNB': 1, '290-E': 52, 'PTH-SBS': 3, 'BSK-KRP-ITI': 1, '348-F': 14, 'BMSIT-3': 1, '213-D': 6, 'SBS-RJP': 2, 'SBS-HTN': 1, '375-D': 80}"
P,13.01211563,77.61606932,523,29159110,"{'290-EA': 0, '290-E SBS-PTH': 0, '291-N': 16, 'TR-4': 46, '290-EB KGR-YHK': 0, '253-A': 12, '290-M': 8, 'DPJN-JJN-NGW': 4, '290-A': 28, '290-RA': 5, '290-R': 13, '290-EB': 0, '290-QA': 18, '290-Q': 14, 'TR-4A': 10, '290-T': 11, '290-HA': 0, '291-D': 22, '291-L': 3, '290-Z': 4, '290-P': 24, 'MBS-14': 10, 'SBS-JKR-ALSG-PTH': 1, 'CLO-RKH': 5, '291-K': 7, '291-A': 11, '291-E': 16, 'G-10': 0, '290 KBS-YLKOT': 2, '290-EY': 0, '290-QA NRG-RKHN': 1, '291-H': 21, '290-E STJHS-YLKOT': 0, 'KBS-NGVRJ-VNS': 1, '290-N': 40, '317-K': 0, 'TR-4 KMT-NGV': 1, '290-C': 63, '290EY KMT-YHKOT': 0, '290-E SBS-NGW-KLN': 0, '290-E ITCF-YHKOT': 0, 'V-SBS-KNB': 1, 'BSK-KRP-ITI': 1, '348-F': 14, 'BMSIT-3': 1, '213-D': 6, 'SBS-RJP': 2, 'SBS-HTN': 1, '375-D': 80}"
Periyar Nagara Circle Tannery Road,13.00864575,77.61331335,539,29159110,"{'SBS-AMC': 0, '290-EA': 0, '290-E SBS-PTH': 0, '291-N': 16, 'TR-4': 46, '290-EB KGR-YHK': 0, '253-A': 12, '290-M': 8, 'DPJN-JJN-NGW': 4, '290-A': 28, '290-H': 0, '290-RA': 5, '290-R': 13, '290-EB': 0, '290-QA': 18, '290-G': 0, '290-Q': 14, 'TR-4A': 10, '290-T': 11, '290-HA': 0, 'SBS-SDH': 2, '291-D': 22, '291-L': 3, '290-Z': 4, '290-P': 24, 'MBS-14': 10, 'SBS-JKR-ALSG-PTH': 1, 'CLO-RKH': 5, '291-K': 7, '291-A': 11, '291-E': 16, 'G-10': 0, '290 KBS-YLKOT': 2, '290-EY': 0, '290-KA KMT-PLG': 1, 'TR-4 JJN-PLG': 2, '290-QA NRG-RKHN': 1, '291-H': 21, '290-E STJHS-YLKOT': 0, 'KBS-NGVRJ-VNS': 1, '290-N': 40, '317-K': 0, '241-CD': 11, 'TR-4 KMT-NGV': 1, '290-C': 63, '290EY KMT-YHKOT': 0, '290-E SBS-NGW-KLN': 0, '290-E ITCF-YHKOT': 0, 'V-SBS-KNB': 1, 'BSK-KRP-ITI': 1, '348-F': 14, 'BMSIT-3': 1, '213-D': 6, 'SBS-RJP': 2, 'SBS-HTN': 1, '375-D': 80}"
Pillanna Garden 9th Main,13.01192877,77.61757806,3,29159110,"{'290-KA KMT-PLG': 1, 'TR-4 JJN-PLG': 2}"
Tannery Road Canara Bank,13.00680094,77.61247259,480,29159110,"{'SBS-AMC': 0, '290-EA': 0, '290-E SBS-PTH': 0, '291-N': 16, 'TR-4': 46, '290-EB KGR-YHK': 0, '253-A': 12, '290-M': 8, 'DPJN-JJN-NGW': 4, '290-A': 28, '290-R': 13, '290-EB': 0, '290-QA': 18, '290-G': 0, '290-Q': 14, 'TR-4A': 10, '290-T': 11, '290-HA': 0, '291-D': 22, '291-L': 3, '290-Z': 4, '290-P': 24, 'MBS-14': 10, 'SBS-JKR-ALSG-PTH': 1, 'CLO-RKH': 5, '291-K': 7, '291-A': 11, '291-E': 16, 'G-10': 0, '290 KBS-YLKOT': 2, '290-EY': 0, '290-KA KMT-PLG': 1, 'TR-4 JJN-PLG': 2, '290-QA NRG-RKHN': 1, '291-H': 21, '290-E STJHS-YLKOT': 0, 'KBS-NGVRJ-VNS': 1, '317-K': 0, 'TR-4 KMT-NGV': 1, '290-C': 63, '290EY KMT-YHKOT': 0, '290-E SBS-NGW-KLN': 0, '290-E ITCF-YHKOT': 0, 'V-SBS-KNB': 1, 'BSK-KRP-ITI': 1, '348-F': 14, '213-D': 6, 'SBS-RJP': 2, 'SBS-HTN': 1, '375-D': 80}"
Venkateshapura Kadugondanahalli Police Station,13.01512125,77.61731724,536,29159110,"{'SBS-AMC': 0, '290-EA': 0, '290-E SBS-PTH': 0, '291-N': 16, 'TR-4': 46, '290-EB KGR-YHK': 0, '253-A': 12, '290-M': 8, 'DPJN-JJN-NGW': 4, '290-A': 28, '290-H': 0, '290-RA': 5, '290-R': 13, '290-EB': 0, '290-QA': 18, '290-G': 0, '290-Q': 14, 'TR-4A': 10, '290-T': 11, '290-HA': 0, 'SBS-SDH': 2, '291-D': 22, '291-L': 3, '290-Z': 4, '290-P': 24, 'MBS-14': 10, 'SBS-JKR-ALSG-PTH': 1, 'CLO-RKH': 5, '291-K': 7, '291-A': 11, '291-E': 16, 'G-10': 0, '290 KBS-YLKOT': 2, '290-EY': 0, '290-QA NRG-RKHN': 1, '291-H': 21, '290-E STJHS-YLKOT': 0, 'KBS-NGVRJ-VNS': 1, '290-N': 40, '317-K': 0, '241-CD': 11, 'TR-4 KMT-NGV': 1, '290-C': 63, '290EY KMT-YHKOT': 0, '290-E SBS-NGW-KLN': 0, '290-E ITCF-YHKOT': 0, 'V-SBS-KNB': 1, 'BSK-KRP-ITI': 1, '348-F': 14, 'BMSIT-3': 1, '213-D': 6, 'SBS-RJP': 2, 'SBS-HTN': 1, '375-D': 80}"
Bilal Masjid Tanary Road,13.01178374,77.61654675,0,29159111,{}
Muslim Colony,13.01059863,77.61522169,724,29159111,"{'SBS-AMC': 0, '290-EA': 0, '290-E SBS-PTH': 0, '291-N': 16, 'TR-4': 46, '290-EB YHK-KGR': 0, '290-EB KGR-YHK': 0, 'NGW-DPJN': 6, '253-A': 12, '290-M': 8, 'DPJN-JJN-NGW': 4, '290-D': 19, '290-A': 28, '290-H': 0, '291-J': 26, '290-J': 0, '290-RA': 5, '290-R': 13, '290-J MSP-SBS': 0, '290-EB': 0, '290-QA': 18, '291-G': 20, '290-G': 0, '290-Q': 14, 'D10G-NGVR-JJN': 1, 'TR-4A': 10, '290-T': 11, '290-S': 13, '290-HA': 0, 'KLNB-BKC': 1, 'SBS-SDH': 2, 'PTH-SBS1': 4, '291-D': 22, '291-L': 3, '290-Z': 4, '290-P': 24, 'MBS-14': 10, 'SBS-JKR-ALSG-PTH': 1, 'CLO-RKH': 5, '291-K': 7, '291-A': 11, '291-E': 16, 'G-10': 0, '290 KBS-YLKOT': 2, '290-EY': 0, '291-R': 15, 'KLN-JJN': 1, '290-KA KMT-PLG': 1, 'TR-4 JJN-PLG': 2, '290-QA NRG-RKHN': 1, 'MSP-ARMYK': 1, '291-H': 21, '291-B': 2, '290-E STJHS-YLKOT': 0, 'KBS-NGVRJ-VNS': 1, '63 SBS-DPJN': 1, '290-F': 0, '290-N': 40, '317-K': 0, '241-CD': 11, 'TR-4 NGV-MRBS': 2, 'TR-4 KMT-NGV': 1, '290-C': 63, 'MBS-2': 17, '290EY KMT-YHKOT': 0, 'MBS2 PTH-MRHSPG': 1, '290-E SBS-NGW-KLN': 0, '290-E ITCF-YHKOT': 0, 'V-SBS-KNB': 1, '290-E': 52, 'PTH-SBS': 3, 'BSK-KRP-ITI': 1, '348-F': 14, 'BMSIT-3': 1, '213-D': 6, 'SBS-RJP': 2, 'SBS-HTN': 1, '375-D': 80}"
P,13.01211563,77.61606932,523,29159111,"{'290-EA': 0, '290-E SBS-PTH': 0, '291-N': 16, 'TR-4': 46, '290-EB KGR-YHK': 0, '253-A': 12, '290-M': 8, 'DPJN-JJN-NGW': 4, '290-A': 28, '290-RA': 5, '290-R': 13, '290-EB': 0, '290-QA': 18, '290-Q': 14, 'TR-4A': 10, '290-T': 11, '290-HA': 0, '291-D': 22, '291-L': 3, '290-Z': 4, '290-P': 24, 'MBS-14': 10, 'SBS-JKR-ALSG-PTH': 1, 'CLO-RKH': 5, '291-K': 7, '291-A': 11, '291-E': 16, 'G-10': 0, '290 KBS-YLKOT': 2, '290-EY': 0, '290-QA NRG-RKHN': 1, '291-H': 21, '290-E STJHS-YLKOT': 0, 'KBS-NGVRJ-VNS': 1, '290-N': 40, '317-K': 0, 'TR-4 KMT-NGV': 1, '290-C': 63, '290EY KMT-YHKOT': 0, '290-E SBS-NGW-KLN': 0, '290-E ITCF-YHKOT': 0, 'V-SBS-KNB': 1, 'BSK-KRP-ITI': 1, '348-F': 14, 'BMSIT-3': 1, '213-D': 6, 'SBS-RJP': 2, 'SBS-HTN': 1, '375-D': 80}"
Periyar Nagara Circle Tannery Road,13.00864575,77.61331335,539,29159111,"{'SBS-AMC': 0, '290-EA': 0, '290-E SBS-PTH': 0, '291-N': 16, 'TR-4': 46, '290-EB KGR-YHK': 0, '253-A': 12, '290-M': 8, 'DPJN-JJN-NGW': 4, '290-A': 28, '290-H': 0, '290-RA': 5, '290-R': 13, '290-EB': 0, '290-QA': 18, '290-G': 0, '290-Q': 14, 'TR-4A': 10, '290-T': 11, '290-HA': 0, 'SBS-SDH': 2, '291-D': 22, '291-L': 3, '290-Z': 4, '290-P': 24, 'MBS-14': 10, 'SBS-JKR-ALSG-PTH': 1, 'CLO-RKH': 5, '291-K': 7, '291-A': 11, '291-E': 16, 'G-10': 0, '290 KBS-YLKOT': 2, '290-EY': 0, '290-KA KMT-PLG': 1, 'TR-4 JJN-PLG': 2, '290-QA NRG-RKHN': 1, '291-H': 21, '290-E STJHS-YLKOT': 0, 'KBS-NGVRJ-VNS': 1, '290-N': 40, '317-K': 0, '241-CD': 11, 'TR-4 KMT-NGV': 1, '290-C': 63, '290EY KMT-YHKOT': 0, '290-E SBS-NGW-KLN': 0, '290-E ITCF-YHKOT': 0, 'V-SBS-KNB': 1, 'BSK-KRP-ITI': 1, '348-F': 14, 'BMSIT-3': 1, '213-D': 6, 'SBS-RJP': 2, 'SBS-HTN': 1, '375-D': 80}"
Pillanna Garden 9th Main,13.01192877,77.61757806,3,29159111,"{'290-KA KMT-PLG': 1, 'TR-4 JJN-PLG': 2}"
Venkateshapura Kadugondanahalli Police Station,13.01512125,77.61731724,536,29159111,"{'SBS-AMC': 0, '290-EA': 0, '290-E SBS-PTH': 0, '291-N': 16, 'TR-4': 46, '290-EB KGR-YHK': 0, '253-A': 12, '290-M': 8, 'DPJN-JJN-NGW': 4, '290-A': 28, '290-H': 0, '290-RA': 5, '290-R': 13, '290-EB': 0, '290-QA': 18, '290-G': 0, '290-Q': 14, 'TR-4A': 10, '290-T': 11, '290-HA': 0, 'SBS-SDH': 2, '291-D': 22, '291-L': 3, '290-Z': 4, '290-P': 24, 'MBS-14': 10, 'SBS-JKR-ALSG-PTH': 1, 'CLO-RKH': 5, '291-K': 7, '291-A': 11, '291-E': 16, 'G-10': 0, '290 KBS-YLKOT': 2, '290-EY': 0, '290-QA NRG-RKHN': 1, '291-H': 21, '290-E STJHS-YLKOT': 0, 'KBS-NGVRJ-VNS': 1, '290-N': 40, '317-K': 0, '241-CD': 11, 'TR-4 KMT-NGV': 1, '290-C': 63, '290EY KMT-YHKOT': 0, '290-E SBS-NGW-KLN': 0, '290-E ITCF-YHKOT': 0, 'V-SBS-KNB': 1, 'BSK-KRP-ITI': 1, '348-F': 14, 'BMSIT-3': 1, '213-D': 6, 'SBS-RJP': 2, 'SBS-HTN': 1, '375-D': 80}"
Bilal Masjid Tanary Road,13.01178374,77.61654675,0,29159112,{}
Muslim Colony,13.01059863,77.61522169,724,29159112,"{'SBS-AMC': 0, '290-EA': 0, '290-E SBS-PTH': 0, '291-N': 16, 'TR-4': 46, '290-EB YHK-KGR': 0, '290-EB KGR-YHK': 0, 'NGW-DPJN': 6, '253-A': 12, '290-M': 8, 'DPJN-JJN-NGW': 4, '290-D': 19, '290-A': 28, '290-H': 0, '291-J': 26, '290-J': 0, '290-RA': 5, '290-R': 13, '290-J MSP-SBS': 0, '290-EB': 0, '290-QA': 18, '291-G': 20, '290-G': 0, '290-Q': 14, 'D10G-NGVR-JJN': 1, 'TR-4A': 10, '290-T': 11, '290-S': 13, '290-HA': 0, 'KLNB-BKC': 1, 'SBS-SDH': 2, 'PTH-SBS1': 4, '291-D': 22, '291-L': 3, '290-Z': 4, '290-P': 24, 'MBS-14': 10, 'SBS-JKR-ALSG-PTH': 1, 'CLO-RKH': 5, '291-K': 7, '291-A': 11, '291-E': 16, 'G-10': 0, '290 KBS-YLKOT': 2, '290-EY': 0, '291-R': 15, 'KLN-JJN': 1, '290-KA KMT-PLG': 1, 'TR-4 JJN-PLG': 2, '290-QA NRG-RKHN': 1, 'MSP-ARMYK': 1, '291-H': 21, '291-B': 2, '290-E STJHS-YLKOT': 0, 'KBS-NGVRJ-VNS': 1, '63 SBS-DPJN': 1, '290-F': 0, '290-N': 40, '317-K': 0, '241-CD': 11, 'TR-4 NGV-MRBS': 2, 'TR-4 KMT-NGV': 1, '290-C': 63, 'MBS-2': 17, '290EY KMT-YHKOT': 0, 'MBS2 PTH-MRHSPG': 1, '290-E SBS-NGW-KLN': 0, '290-E ITCF-YHKOT': 0, 'V-SBS-KNB': 1, '290-E': 52, 'PTH-SBS': 3, 'BSK-KRP-ITI': 1, '348-F': 14, 'BMSIT-3': 1, '213-D': 6, 'SBS-RJP': 2, 'SBS-HTN': 1, '375-D': 80}"
P,13.01211563,77.61606932,523,29159112,"{'290-EA': 0, '290-E SBS-PTH': 0, '291-N': 16, 'TR-4': 46, '290-EB KGR-YHK': 0, '253-A': 12, '290-M': 8, 'DPJN-JJN-NGW': 4, '290-A': 28, '290-RA': 5, '290-R': 13, '290-EB': 0, '290-QA': 18, '290-Q': 14, 'TR-4A': 10, '290-T': 11, '290-HA': 0, '291-D': 22, '291-L': 3, '290-Z': 4, '290-P': 24, 'MBS-14': 10, 'SBS-JKR-ALSG-PTH': 1, 'CLO-RKH': 5, '291-K': 7, '291-A': 11, '291-E': 16, 'G-10': 0, '290 KBS-YLKOT': 2, '290-EY': 0, '290-QA NRG-RKHN': 1, '291-H': 21, '290-E STJHS-YLKOT': 0, 'KBS-NGVRJ-VNS': 1, '290-N': 40, '317-K': 0, 'TR-4 KMT-NGV': 1, '290-C': 63, '290EY KMT-YHKOT': 0, '290-E SBS-NGW-KLN': 0, '290-E ITCF-YHKOT': 0, 'V-SBS-KNB': 1, 'BSK-KRP-ITI': 1, '348-F': 14, 'BMSIT-3': 1, '213-D': 6, 'SBS-RJP': 2, 'SBS-HTN': 1, '375-D': 80}"
Pillanna Garden 9th Main,13.01192877,77.61757806,3,29159112,"{'290-KA KMT-PLG': 1, 'TR-4 JJN-PLG': 2}"
Venkateshapura Kadugondanahalli Police Station,13.01512125,77.61731724,536,29159112,"{'SBS-AMC': 0, '290-EA': 0, '290-E SBS-PTH': 0, '291-N': 16, 'TR-4': 46, '290-EB KGR-YHK': 0, '253-A': 12, '290-M': 8, 'DPJN-JJN-NGW': 4, '290-A': 28, '290-H': 0, '290-RA': 5, '290-R': 13, '290-EB': 0, '290-QA': 18, '290-G': 0, '290-Q': 14, 'TR-4A': 10, '290-T': 11, '290-HA': 0, 'SBS-SDH': 2, '291-D': 22, '291-L': 3, '290-Z': 4, '290-P': 24, 'MBS-14': 10, 'SBS-JKR-ALSG-PTH': 1, 'CLO-RKH': 5, '291-K': 7, '291-A': 11, '291-E': 16, 'G-10': 0, '290 KBS-YLKOT': 2, '290-EY': 0, '290-QA NRG-RKHN': 1, '291-H': 21, '290-E STJHS-YLKOT': 0, 'KBS-NGVRJ-VNS': 1, '290-N': 40, '317-K': 0, '241-CD': 11, 'TR-4 KMT-NGV': 1, '290-C': 63, '290EY KMT-YHKOT': 0, '290-E SBS-NGW-KLN': 0, '290-E ITCF-YHKOT': 0, 'V-SBS-KNB': 1, 'BSK-KRP-ITI': 1, '348-F': 14, 'BMSIT-3': 1, '213-D': 6, 'SBS-RJP': 2, 'SBS-HTN': 1, '375-D': 80}"
Bilal Masjid Tanary Road,13.01178374,77.61654675,0,29159113,{}
Muslim Colony,13.01059863,77.61522169,724,29159113,"{'SBS-AMC': 0, '290-EA': 0, '290-E SBS-PTH': 0, '291-N': 16, 'TR-4': 46, '290-EB YHK-KGR': 0, '290-EB KGR-YHK': 0, 'NGW-DPJN': 6, '253-A': 12, '290-M': 8, 'DPJN-JJN-NGW': 4, '290-D': 19, '290-A': 28, '290-H': 0, '291-J': 26, '290-J': 0, '290-RA': 5, '290-R': 13, '290-J MSP-SBS': 0, '290-EB': 0, '290-QA': 18, '291-G': 20, '290-G': 0, '290-Q': 14, 'D10G-NGVR-JJN': 1, 'TR-4A': 10, '290-T': 11, '290-S': 13, '290-HA': 0, 'KLNB-BKC': 1, 'SBS-SDH': 2, 'PTH-SBS1': 4, '291-D': 22, '291-L': 3, '290-Z': 4, '290-P': 24, 'MBS-14': 10, 'SBS-JKR-ALSG-PTH': 1, 'CLO-RKH': 5, '291-K': 7, '291-A': 11, '291-E': 16, 'G-10': 0, '290 KBS-YLKOT': 2, '290-EY': 0, '291-R': 15, 'KLN-JJN': 1, '290-KA KMT-PLG': 1, 'TR-4 JJN-PLG': 2, '290-QA NRG-RKHN': 1, 'MSP-ARMYK': 1, '291-H': 21, '291-B': 2, '290-E STJHS-YLKOT': 0, 'KBS-NGVRJ-VNS': 1, '63 SBS-DPJN': 1, '290-F': 0, '290-N': 40, '317-K': 0, '241-CD': 11, 'TR-4 NGV-MRBS': 2, 'TR-4 KMT-NGV': 1, '290-C': 63, 'MBS-2': 17, '290EY KMT-YHKOT': 0, 'MBS2 PTH-MRHSPG': 1, '290-E SBS-NGW-KLN': 0, '290-E ITCF-YHKOT': 0, 'V-SBS-KNB': 1, '290-E': 52, 'PTH-SBS': 3, 'BSK-KRP-ITI': 1, '348-F': 14, 'BMSIT-3': 1, '213-D': 6, 'SBS-RJP': 2, 'SBS-HTN': 1, '375-D': 80}"
P,13.01211563,77.61606932,523,29159113,"{'290-EA': 0, '290-E SBS-PTH': 0, '291-N': 16, 'TR-4': 46, '290-EB KGR-YHK': 0, '253-A': 12, '290-M': 8, 'DPJN-JJN-NGW': 4, '290-A': 28, '290-RA': 5, '290-R': 13, '290-EB': 0, '290-QA': 18, '290-Q': 14, 'TR-4A': 10, '290-T': 11, '290-HA': 0, '291-D': 22, '291-L': 3, '290-Z': 4, '290-P': 24, 'MBS-14': 10, 'SBS-JKR-ALSG-PTH': 1, 'CLO-RKH': 5, '291-K': 7, '291-A': 11, '291-E': 16, 'G-10': 0, '290 KBS-YLKOT': 2, '290-EY': 0, '290-QA NRG-RKHN': 1, '291-H': 21, '290-E STJHS-YLKOT': 0, 'KBS-NGVRJ-VNS': 1, '290-N': 40, '317-K': 0, 'TR-4 KMT-NGV': 1, '290-C': 63, '290EY KMT-YHKOT': 0, '290-E SBS-NGW-KLN': 0, '290-E ITCF-YHKOT': 0, 'V-SBS-KNB': 1, 'BSK-KRP-ITI': 1, '348-F': 14, 'BMSIT-3': 1, '213-D': 6, 'SBS-RJP': 2, 'SBS-HTN': 1, '375-D': 80}"
Periyar Nagara Circle Tannery Road,13.00864575,77.61331335,539,29159113,"{'SBS-AMC': 0, '290-EA': 0, '290-E SBS-PTH': 0, '291-N': 16, 'TR-4': 46, '290-EB KGR-YHK': 0, '253-A': 12, '290-M': 8, 'DPJN-JJN-NGW': 4, '290-A': 28, '290-H': 0, '290-RA': 5, '290-R': 13, '290-EB': 0, '290-QA': 18, '290-G': 0, '290-Q': 14, 'TR-4A': 10, '290-T': 11, '290-HA': 0, 'SBS-SDH': 2, '291-D': 22, '291-L': 3, '290-Z': 4, '290-P': 24, 'MBS-14': 10, 'SBS-JKR-ALSG-PTH': 1, 'CLO-RKH': 5, '291-K': 7, '291-A': 11, '291-E': 16, 'G-10': 0, '290 KBS-YLKOT': 2, '290-EY': 0, '290-KA KMT-PLG': 1, 'TR-4 JJN-PLG': 2, '290-QA NRG-RKHN': 1, '291-H': 21, '290-E STJHS-YLKOT': 0, 'KBS-NGVRJ-VNS': 1, '290-N': 40, '317-K': 0, '241-CD': 11, 'TR-4 KMT-NGV': 1, '290-C': 63, '290EY KMT-YHKOT': 0, '290-E SBS-NGW-KLN': 0, '290-E ITCF-YHKOT': 0, 'V-SBS-KNB': 1, 'BSK-KRP-ITI': 1, '348-F': 14, 'BMSIT-3': 1, '213-D': 6, 'SBS-RJP': 2, 'SBS-HTN': 1, '375-D': 80}"
Pillanna Garden 9th Main,13.01192877,77.61757806,3,29159113,"{'290-KA KMT-PLG': 1, 'TR-4 JJN-PLG': 2}"
Tannery Road Canara Bank,13.00680094,77.61247259,480,29159113,"{'SBS-AMC': 0, '290-EA': 0, '290-E SBS-PTH': 0, '291-N': 16, 'TR-4': 46, '290-EB KGR-YHK': 0, '253-A': 12, '290-M': 8, 'DPJN-JJN-NGW': 4, '290-A': 28, '290-R': 13, '290-EB': 0, '290-QA': 18, '290-G': 0, '290-Q': 14, 'TR-4A': 10, '290-T': 11, '290-HA': 0, '291-D': 22, '291-L': 3, '290-Z': 4, '290-P': 24, 'MBS-14': 10, 'SBS-JKR-ALSG-PTH': 1, 'CLO-RKH': 5, '291-K': 7, '291-A': 11, '291-E': 16, 'G-10': 0, '290 KBS-YLKOT': 2, '290-EY': 0, '290-KA KMT-PLG': 1, 'TR-4 JJN-PLG': 2, '290-QA NRG-RKHN': 1, '291-H': 21, '290-E STJHS-YLKOT': 0, 'KBS-NGVRJ-VNS': 1, '317-K': 0, 'TR-4 KMT-NGV': 1, '290-C': 63, '290EY KMT-YHKOT': 0, '290-E SBS-NGW-KLN': 0, '290-E ITCF-YHKOT': 0, 'V-SBS-KNB': 1, 'BSK-KRP-ITI': 1, '348-F': 14, '213-D': 6, 'SBS-RJP': 2, 'SBS-HTN': 1, '375-D': 80}"
Bilal Masjid Tanary Road,13.01178374,77.61654675,0,29159114,{}
Muslim Colony,13.01059863,77.61522169,724,29159114,"{'SBS-AMC': 0, '290-EA': 0, '290-E SBS-PTH': 0, '291-N': 16, 'TR-4': 46, '290-EB YHK-KGR': 0, '290-EB KGR-YHK': 0, 'NGW-DPJN': 6, '253-A': 12, '290-M': 8, 'DPJN-JJN-NGW': 4, '290-D': 19, '290-A': 28, '290-H': 0, '291-J': 26, '290-J': 0, '290-RA': 5, '290-R': 13, '290-J MSP-SBS': 0, '290-EB': 0, '290-QA': 18, '291-G': 20, '290-G': 0, '290-Q': 14, 'D10G-NGVR-JJN': 1, 'TR-4A': 10, '290-T': 11, '290-S': 13, '290-HA': 0, 'KLNB-BKC': 1, 'SBS-SDH': 2, 'PTH-SBS1': 4, '291-D': 22, '291-L': 3, '290-Z': 4, '290-P': 24, 'MBS-14': 10, 'SBS-JKR-ALSG-PTH': 1, 'CLO-RKH': 5, '291-K': 7, '291-A': 11, '291-E': 16, 'G-10': 0, '290 KBS-YLKOT': 2, '290-EY': 0, '291-R': 15, 'KLN-JJN': 1, '290-KA KMT-PLG': 1, 'TR-4 JJN-PLG': 2, '290-QA NRG-RKHN': 1, 'MSP-ARMYK': 1, '291-H': 21, '291-B': 2, '290-E STJHS-YLKOT': 0, 'KBS-NGVRJ-VNS': 1, '63 SBS-DPJN': 1, '290-F': 0, '290-N': 40, '317-K': 0, '241-CD': 11, 'TR-4 NGV-MRBS': 2, 'TR-4 KMT-NGV': 1, '290-C': 63, 'MBS-2': 17, '290EY KMT-YHKOT': 0, 'MBS2 PTH-MRHSPG': 1, '290-E SBS-NGW-KLN': 0, '290-E ITCF-YHKOT': 0, 'V-SBS-KNB': 1, '290-E': 52, 'PTH-SBS': 3, 'BSK-KRP-ITI': 1, '348-F': 14, 'BMSIT-3': 1, '213-D': 6, 'SBS-RJP': 2, 'SBS-HTN': 1, '375-D': 80}"
P,13.01211563,77.61606932,523,29159114,"{'290-EA': 0, '290-E SBS-PTH': 0, '291-N': 16, 'TR-4': 46, '290-EB KGR-YHK': 0, '253-A': 12, '290-M': 8, 'DPJN-JJN-NGW': 4, '290-A': 28, '290-RA': 5, '290-R': 13, '290-EB': 0, '290-QA': 18, '290-Q': 14, 'TR-4A': 10, '290-T': 11, '290-HA': 0, '291-D': 22, '291-L': 3, '290-Z': 4, '290-P': 24, 'MBS-14': 10, 'SBS-JKR-ALSG-PTH': 1, 'CLO-RKH': 5, '291-K': 7, '291-A': 11, '291-E': 16, 'G-10': 0, '290 KBS-YLKOT': 2, '290-EY': 0, '290-QA NRG-RKHN': 1, '291-H': 21, '290-E STJHS-YLKOT': 0, 'KBS-NGVRJ-VNS': 1, '290-N': 40, '317-K': 0, 'TR-4 KMT-NGV': 1, '290-C': 63, '290EY KMT-YHKOT': 0, '290-E SBS-NGW-KLN': 0, '290-E ITCF-YHKOT': 0, 'V-SBS-KNB': 1, 'BSK-KRP-ITI': 1, '348-F': 14, 'BMSIT-3': 1, '213-D': 6, 'SBS-RJP': 2, 'SBS-HTN': 1, '375-D': 80}"
Pillanna Garden 9th Main,13.01192877,77.61757806,3,29159114,"{'290-KA KMT-PLG': 1, 'TR-4 JJN-PLG': 2}"
Venkateshapura Kadugondanahalli Police Station,13.01512125,77.61731724,536,29159114,"{'SBS-AMC': 0, '290-EA': 0, '290-E SBS-PTH': 0, '291-N': 16, 'TR-4': 46, '290-EB KGR-YHK': 0, '253-A': 12, '290-M': 8, 'DPJN-JJN-NGW': 4, '290-A': 28, '290-H': 0, '290-RA': 5, '290-R': 13, '290-EB': 0, '290-QA': 18, '290-G': 0, '290-Q': 14, 'TR-4A': 10, '290-T': 11, '290-HA': 0, 'SBS-SDH': 2, '291-D': 22, '291-L': 3, '290-Z': 4, '290-P': 24, 'MBS-14': 10, 'SBS-JKR-ALSG-PTH': 1, 'CLO-RKH': 5, '291-K': 7, '291-A': 11, '291-E': 16, 'G-10': 0, '290 KBS-YLKOT': 2, '290-EY': 0, '290-QA NRG-RKHN': 1, '291-H': 21, '290-E STJHS-YLKOT': 0, 'KBS-NGVRJ-VNS': 1, '290-N': 40, '317-K': 0, '241-CD': 11, 'TR-4 KMT-NGV': 1, '290-C': 63, '290EY KMT-YHKOT': 0, '290-E SBS-NGW-KLN': 0, '290-E ITCF-YHKOT': 0, 'V-SBS-KNB': 1, 'BSK-KRP-ITI': 1, '348-F': 14, 'BMSIT-3': 1, '213-D': 6, 'SBS-RJP': 2, 'SBS-HTN': 1, '375-D': 80}"
Bilal Masjid Tanary Road,13.01178374,77.61654675,0,29159115,{}
Muslim Colony,13.01059863,77.61522169,724,29159115,"{'SBS-AMC': 0, '290-EA': 0, '290-E SBS-PTH': 0, '291-N': 16, 'TR-4': 46, '290-EB YHK-KGR': 0, '290-EB KGR-YHK': 0, 'NGW-DPJN': 6, '253-A': 12, '290-M': 8, 'DPJN-JJN-NGW': 4, '290-D': 19, '290-A': 28, '290-H': 0, '291-J': 26, '290-J': 0, '290-RA': 5, '290-R': 13, '290-J MSP-SBS': 0, '290-EB': 0, '290-QA': 18, '291-G': 20, '290-G': 0, '290-Q': 14, 'D10G-NGVR-JJN': 1, 'TR-4A': 10, '290-T': 11, '290-S': 13, '290-HA': 0, 'KLNB-BKC': 1, 'SBS-SDH': 2, 'PTH-SBS1': 4, '291-D': 22, '291-L': 3, '290-Z': 4, '290-P': 24, 'MBS-14': 10, 'SBS-JKR-ALSG-PTH': 1, 'CLO-RKH': 5, '291-K': 7, '291-A': 11, '291-E': 16, 'G-10': 0, '290 KBS-YLKOT': 2, '290-EY': 0, '291-R': 15, 'KLN-JJN': 1, '290-KA KMT-PLG': 1, 'TR-4 JJN-PLG': 2, '290-QA NRG-RKHN': 1, 'MSP-ARMYK': 1, '291-H': 21, '291-B': 2, '290-E STJHS-YLKOT': 0, 'KBS-NGVRJ-VNS': 1, '63 SBS-DPJN': 1, '290-F': 0, '290-N': 40, '317-K': 0, '241-CD': 11, 'TR-4 NGV-MRBS': 2, 'TR-4 KMT-NGV': 1, '290-C': 63, 'MBS-2': 17, '290EY KMT-YHKOT': 0, 'MBS2 PTH-MRHSPG': 1, '290-E SBS-NGW-KLN': 0, '290-E ITCF-YHKOT': 0, 'V-SBS-KNB': 1, '290-E': 52, 'PTH-SBS': 3, 'BSK-KRP-ITI': 1, '348-F': 14, 'BMSIT-3': 1, '213-D': 6, 'SBS-RJP': 2, 'SBS-HTN': 1, '375-D': 80}"
P,13.01211563,77.61606932,523,29159115,"{'290-EA': 0, '290-E SBS-PTH': 0, '291-N': 16, 'TR-4': 46, '290-EB KGR-YHK': 0, '253-A': 12, '290-M': 8, 'DPJN-JJN-NGW': 4, '290-A': 28, '290-RA': 5, '290-R': 13, '290-EB': 0, '290-QA': 18, '290-Q': 14, 'TR-4A': 10, '290-T': 11, '290-HA': 0, '291-D': 22, '291-L': 3, '290-Z': 4, '290-P': 24, 'MBS-14': 10, 'SBS-JKR-ALSG-PTH': 1, 'CLO-RKH': 5, '291-K': 7, '291-A': 11, '291-E': 16, 'G-10': 0, '290 KBS-YLKOT': 2, '290-EY': 0, '290-QA NRG-RKHN': 1, '291-H': 21, '290-E STJHS-YLKOT': 0, 'KBS-NGVRJ-VNS': 1, '290-N': 40, '317-K': 0, 'TR-4 KMT-NGV': 1, '290-C': 63, '290EY KMT-YHKOT': 0, '290-E SBS-NGW-KLN': 0, '290-E ITCF-YHKOT': 0, 'V-SBS-KNB': 1, 'BSK-KRP-ITI': 1, '348-F': 14, 'BMSIT-3': 1, '213-D': 6, 'SBS-RJP': 2, 'SBS-HTN': 1, '375-D': 80}"
Periyar Nagara Circle Tannery Road,13.00864575,77.61331335,539,29159115,"{'SBS-AMC': 0, '290-EA': 0, '290-E SBS-PTH': 0, '291-N': 16, 'TR-4': 46, '290-EB KGR-YHK': 0, '253-A': 12, '290-M': 8, 'DPJN-JJN-NGW': 4, '290-A': 28, '290-H': 0, '290-RA': 5, '290-R': 13, '290-EB': 0, '290-QA': 18, '290-G': 0, '290-Q': 14, 'TR-4A': 10, '290-T': 11, '290-HA': 0, 'SBS-SDH': 2, '291-D': 22, '291-L': 3, '290-Z': 4, '290-P': 24, 'MBS-14': 10, 'SBS-JKR-ALSG-PTH': 1, 'CLO-RKH': 5, '291-K': 7, '291-A': 11, '291-E': 16, 'G-10': 0, '290 KBS-YLKOT': 2, '290-EY': 0, '290-KA KMT-PLG': 1, 'TR-4 JJN-PLG': 2, '290-QA NRG-RKHN': 1, '291-H': 21, '290-E STJHS-YLKOT': 0, 'KBS-NGVRJ-VNS': 1, '290-N': 40, '317-K': 0, '241-CD': 11, 'TR-4 KMT-NGV': 1, '290-C': 63, '290EY KMT-YHKOT': 0, '290-E SBS-NGW-KLN': 0, '290-E ITCF-YHKOT': 0, 'V-SBS-KNB': 1, 'BSK-KRP-ITI': 1, '348-F': 14, 'BMSIT-3': 1, '213-D': 6, 'SBS-RJP': 2, 'SBS-HTN': 1, '375-D': 80}"
Pillanna Garden 9th Main,13.01192877,77.61757806,3,29159115,"{'290-KA KMT-PLG': 1, 'TR-4 JJN-PLG': 2}"
Venkateshapura Kadugondanahalli Police Station,13.01512125,77.61731724,536,29159115,"{'SBS-AMC': 0, '290-EA': 0, '290-E SBS-PTH': 0, '291-N': 16, 'TR-4': 46, '290-EB KGR-YHK': 0, '253-A': 12, '290-M': 8, 'DPJN-JJN-NGW': 4, '290-A': 28, '290-H': 0, '290-RA': 5, '290-R': 13, '290-EB': 0, '290-QA': 18, '290-G': 0, '290-Q': 14, 'TR-4A': 10, '290-T': 11, '290-HA': 0, 'SBS-SDH': 2, '291-D': 22, '291-L': 3, '290-Z': 4, '290-P': 24, 'MBS-14': 10, 'SBS-JKR-ALSG-PTH': 1, 'CLO-RKH': 5, '291-K': 7, '291-A': 11, '291-E': 16, 'G-10': 0, '290 KBS-YLKOT': 2, '290-EY': 0, '290-QA NRG-RKHN': 1, '291-H': 21, '290-E STJHS-YLKOT': 0, 'KBS-NGVRJ-VNS': 1, '290-N': 40, '317-K': 0, '241-CD': 11, 'TR-4 KMT-NGV': 1, '290-C': 63, '290EY KMT-YHKOT': 0, '290-E SBS-NGW-KLN': 0, '290-E ITCF-YHKOT': 0, 'V-SBS-KNB': 1, 'BSK-KRP-ITI': 1, '348-F': 14, 'BMSIT-3': 1, '213-D': 6, 'SBS-RJP': 2, 'SBS-HTN': 1, '375-D': 80}"
Bilal Masjid Tanary Road,13.01178374,77.61654675,0,29159116,{}
Muslim Colony,13.01059863,77.61522169,724,29159116,"{'SBS-AMC': 0, '290-EA': 0, '290-E SBS-PTH': 0, '291-N': 16, 'TR-4': 46, '290-EB YHK-KGR': 0, '290-EB KGR-YHK': 0, 'NGW-DPJN': 6, '253-A': 12, '290-M': 8, 'DPJN-JJN-NGW': 4, '290-D': 19, '290-A': 28, '290-H': 0, '291-J': 26, '290-J': 0, '290-RA': 5, '290-R': 13, '290-J MSP-SBS': 0, '290-EB': 0, '290-QA': 18, '291-G': 20, '290-G': 0, '290-Q': 14, 'D10G-NGVR-JJN': 1, 'TR-4A': 10, '290-T': 11, '290-S': 13, '290-HA': 0, 'KLNB-BKC': 1, 'SBS-SDH': 2, 'PTH-SBS1': 4, '291-D': 22, '291-L': 3, '290-Z': 4, '290-P': 24, 'MBS-14': 10, 'SBS-JKR-ALSG-PTH': 1, 'CLO-RKH': 5, '291-K': 7, '291-A': 11, '291-E': 16, 'G-10': 0, '290 KBS-YLKOT': 2, '290-EY': 0, '291-R': 15, 'KLN-JJN': 1, '290-KA KMT-PLG': 1, 'TR-4 JJN-PLG': 2, '290-QA NRG-RKHN': 1, 'MSP-ARMYK': 1, '291-H': 21, '291-B': 2, '290-E STJHS-YLKOT': 0, 'KBS-NGVRJ-VNS': 1, '63 SBS-DPJN': 1, '290-F': 0, '290-N': 40, '317-K': 0, '241-CD': 11, 'TR-4 NGV-MRBS': 2, 'TR-4 KMT-NGV': 1, '290-C': 63, 'MBS-2': 17, '290EY KMT-YHKOT': 0, 'MBS2 PTH-MRHSPG': 1, '290-E SBS-NGW-KLN': 0, '290-E ITCF-YHKOT': 0, 'V-SBS-KNB': 1, '290-E': 52, 'PTH-SBS': 3, 'BSK-KRP-ITI': 1, '348-F': 14, 'BMSIT-3': 1, '213-D': 6, 'SBS-RJP': 2, 'SBS-HTN': 1, '375-D': 80}"
P,13.01211563,77.61606932,523,29159116,"{'290-EA': 0, '290-E SBS-PTH': 0, '291-N': 16, 'TR-4': 46, '290-EB KGR-YHK': 0, '253-A': 12, '290-M': 8, 'DPJN-JJN-NGW': 4, '290-A': 28, '290-RA': 5, '290-R': 13, '290-EB': 0, '290-QA': 18, '290-Q': 14, 'TR-4A': 10, '290-T': 11, '290-HA': 0, '291-D': 22, '291-L': 3, '290-Z': 4, '290-P': 24, 'MBS-14': 10, 'SBS-JKR-ALSG-PTH': 1, 'CLO-RKH': 5, '291-K': 7, '291-A': 11, '291-E': 16, 'G-10': 0, '290 KBS-YLKOT': 2, '290-EY': 0, '290-QA NRG-RKHN': 1, '291-H': 21, '290-E STJHS-YLKOT': 0, 'KBS-NGVRJ-VNS': 1, '290-N': 40, '317-K': 0, 'TR-4 KMT-NGV': 1, '290-C': 63, '290EY KMT-YHKOT': 0, '290-E SBS-NGW-KLN': 0, '290-E ITCF-YHKOT': 0, 'V-SBS-KNB': 1, 'BSK-KRP-ITI': 1, '348-F': 14, 'BMSIT-3': 1, '213-D': 6, 'SBS-RJP': 2, 'SBS-HTN': 1, '375-D': 80}"
Periyar Nagara Circle Tannery Road,13.00864575,77.61331335,539,29159116,"{'SBS-AMC': 0, '290-EA': 0, '290-E SBS-PTH': 0, '291-N': 16, 'TR-4': 46, '290-EB KGR-YHK': 0, '253-A': 12, '290-M': 8, 'DPJN-JJN-NGW': 4, '290-A': 28, '290-H': 0, '290-RA': 5, '290-R': 13, '290-EB': 0, '290-QA': 18, '290-G': 0, '290-Q': 14, 'TR-4A': 10, '290-T': 11, '290-HA': 0, 'SBS-SDH': 2, '291-D': 22, '291-L': 3, '290-Z': 4, '290-P': 24, 'MBS-14': 10, 'SBS-JKR-ALSG-PTH': 1, 'CLO-RKH': 5, '291-K': 7, '291-A': 11, '291-E': 16, 'G-10': 0, '290 KBS-YLKOT': 2, '290-EY': 0, '290-KA KMT-PLG': 1, 'TR-4 JJN-PLG': 2, '290-QA NRG-RKHN': 1, '291-H': 21, '290-E STJHS-YLKOT': 0, 'KBS-NGVRJ-VNS': 1, '290-N': 40, '317-K': 0, '241-CD': 11, 'TR-4 KMT-NGV': 1, '290-C': 63, '290EY KMT-YHKOT': 0, '290-E SBS-NGW-KLN': 0, '290-E ITCF-YHKOT': 0, 'V-SBS-KNB': 1, 'BSK-KRP-ITI': 1, '348-F': 14, 'BMSIT-3': 1, '213-D': 6, 'SBS-RJP': 2, 'SBS-HTN': 1, '375-D': 80}"
Pillanna Garden 9th Main,13.01192877,77.61757806,3,29159116,"{'290-KA KMT-PLG': 1, 'TR-4 JJN-PLG': 2}"
Tannery Road Canara Bank,13.00680094,77.61247259,480,29159116,"{'SBS-AMC': 0, '290-EA': 0, '290-E SBS-PTH': 0, '291-N': 16, 'TR-4': 46, '290-EB KGR-YHK': 0, '253-A': 12, '290-M': 8, 'DPJN-JJN-NGW': 4, '290-A': 28, '290-R': 13, '290-EB': 0, '290-QA': 18, '290-G': 0, '290-Q': 14, 'TR-4A': 10, '290-T': 11, '290-HA': 0, '291-D': 22, '291-L': 3, '290-Z': 4, '290-P': 24, 'MBS-14': 10, 'SBS-JKR-ALSG-PTH': 1, 'CLO-RKH': 5, '291-K': 7, '291-A': 11, '291-E': 16, 'G-10': 0, '290 KBS-YLKOT': 2, '290-EY': 0, '290-KA KMT-PLG': 1, 'TR-4 JJN-PLG': 2, '290-QA NRG-RKHN': 1, '291-H': 21, '290-E STJHS-YLKOT': 0, 'KBS-NGVRJ-VNS': 1, '317-K': 0, 'TR-4 KMT-NGV': 1, '290-C': 63, '290EY KMT-YHKOT': 0, '290-E SBS-NGW-KLN': 0, '290-E ITCF-YHKOT': 0, 'V-SBS-KNB': 1, 'BSK-KRP-ITI': 1, '348-F': 14, '213-D': 6, 'SBS-RJP': 2, 'SBS-HTN': 1, '375-D': 80}"
Bilal Masjid Tanary Road,13.01178374,77.61654675,0,29159117,{}
Muslim Colony,13.01059863,77.61522169,724,29159117,"{'SBS-AMC': 0, '290-EA': 0, '290-E SBS-PTH': 0, '291-N': 16, 'TR-4': 46, '290-EB YHK-KGR': 0, '290-EB KGR-YHK': 0, 'NGW-DPJN': 6, '253-A': 12, '290-M': 8, 'DPJN-JJN-NGW': 4, '290-D': 19, '290-A': 28, '290-H': 0, '291-J': 26, '290-J': 0, '290-RA': 5, '290-R': 13, '290-J MSP-SBS': 0, '290-EB': 0, '290-QA': 18, '291-G': 20, '290-G': 0, '290-Q': 14, 'D10G-NGVR-JJN': 1, 'TR-4A': 10, '290-T': 11, '290-S': 13, '290-HA': 0, 'KLNB-BKC': 1, 'SBS-SDH': 2, 'PTH-SBS1': 4, '291-D': 22, '291-L': 3, '290-Z': 4, '290-P': 24, 'MBS-14': 10, 'SBS-JKR-ALSG-PTH': 1, 'CLO-RKH': 5, '291-K': 7, '291-A': 11, '291-E': 16, 'G-10': 0, '290 KBS-YLKOT': 2, '290-EY': 0, '291-R': 15, 'KLN-JJN': 1, '290-KA KMT-PLG': 1, 'TR-4 JJN-PLG': 2, '290-QA NRG-RKHN': 1, 'MSP-ARMYK': 1, '291-H': 21, '291-B': 2, '290-E STJHS-YLKOT': 0, 'KBS-NGVRJ-VNS': 1, '63 SBS-DPJN': 1, '290-F': 0, '290-N': 40, '317-K': 0, '241-CD': 11, 'TR-4 NGV-MRBS': 2, 'TR-4 KMT-NGV': 1, '290-C': 63, 'MBS-2': 17, '290EY KMT-YHKOT': 0, 'MBS2 PTH-MRHSPG': 1, '290-E SBS-NGW-KLN': 0, '290-E ITCF-YHKOT': 0, 'V-SBS-KNB': 1, '290-E': 52, 'PTH-SBS': 3, 'BSK-KRP-ITI': 1, '348-F': 14, 'BMSIT-3': 1, '213-D': 6, 'SBS-RJP': 2, 'SBS-HTN': 1, '375-D': 80}"
P,13.01211563,77.61606932,523,29159117,"{'290-EA': 0, '290-E SBS-PTH': 0, '291-N': 16, 'TR-4': 46, '290-EB KGR-YHK': 0, '253-A': 12, '290-M': 8, 'DPJN-JJN-NGW': 4, '290-A': 28, '290-RA': 5, '290-R': 13, '290-EB': 0, '290-QA': 18, '290-Q': 14, 'TR-4A': 10, '290-T': 11, '290-HA': 0, '291-D': 22, '291-L': 3, '290-Z': 4, '290-P': 24, 'MBS-14': 10, 'SBS-JKR-ALSG-PTH': 1, 'CLO-RKH': 5, '291-K': 7, '291-A': 11, '291-E': 16, 'G-10': 0, '290 KBS-YLKOT': 2, '290-EY': 0, '290-QA NRG-RKHN': 1, '291-H': 21, '290-E STJHS-YLKOT': 0, 'KBS-NGVRJ-VNS': 1, '290-N': 40, '317-K': 0, 'TR-4 KMT-NGV': 1, '290-C': 63, '290EY KMT-YHKOT': 0, '290-E SBS-NGW-KLN': 0, '290-E ITCF-YHKOT': 0, 'V-SBS-KNB': 1, 'BSK-KRP-ITI': 1, '348-F': 14, 'BMSIT-3': 1, '213-D': 6, 'SBS-RJP': 2, 'SBS-HTN': 1, '375-D': 80}"
Periyar Nagara Circle Tannery Road,13.00864575,77.61331335,539,29159117,"{'SBS-AMC': 0, '290-EA': 0, '290-E SBS-PTH': 0, '291-N': 16, 'TR-4': 46, '290-EB KGR-YHK': 0, '253-A': 12, '290-M': 8, 'DPJN-JJN-NGW': 4, '290-A': 28, '290-H': 0, '290-RA': 5, '290-R': 13, '290-EB': 0, '290-QA': 18, '290-G': 0, '290-Q': 14, 'TR-4A': 10, '290-T': 11, '290-HA': 0, 'SBS-SDH': 2, '291-D': 22, '291-L': 3, '290-Z': 4, '290-P': 24, 'MBS-14': 10, 'SBS-JKR-ALSG-PTH': 1, 'CLO-RKH': 5, '291-K': 7, '291-A': 11, '291-E': 16, 'G-10': 0, '290 KBS-YLKOT': 2, '290-EY': 0, '290-KA KMT-PLG': 1, 'TR-4 JJN-PLG': 2, '290-QA NRG-RKHN': 1, '291-H': 21, '290-E STJHS-YLKOT': 0, 'KBS-NGVRJ-VNS': 1, '290-N': 40, '317-K': 0, '241-CD': 11, 'TR-4 KMT-NGV': 1, '290-C': 63, '290EY KMT-YHKOT': 0, '290-E SBS-NGW-KLN': 0, '290-E ITCF-YHKOT': 0, 'V-SBS-KNB': 1, 'BSK-KRP-ITI': 1, '348-F': 14, 'BMSIT-3': 1, '213-D': 6, 'SBS-RJP': 2, 'SBS-HTN': 1, '375-D': 80}"
Periyar Nagara Circle Tannery Road,13.00864575,77.61331335,539,29159118,"{'SBS-AMC': 0, '290-EA': 0, '290-E SBS-PTH': 0, '291-N': 16, 'TR-4': 46, '290-EB KGR-YHK': 0, '253-A': 12, '290-M': 8, 'DPJN-JJN-NGW': 4, '290-A': 28, '290-H': 0, '290-RA': 5, '290-R': 13, '290-EB': 0, '290-QA': 18, '290-G': 0, '290-Q': 14, 'TR-4A': 10, '290-T': 11, '290-HA': 0, 'SBS-SDH': 2, '291-D': 22, '291-L': 3, '290-Z': 4, '290-P': 24, 'MBS-14': 10, 'SBS-JKR-ALSG-PTH': 1, 'CLO-RKH': 5, '291-K': 7, '291-A': 11, '291-E': 16, 'G-10': 0, '290 KBS-YLKOT': 2, '290-EY': 0, '290-KA KMT-PLG': 1, 'TR-4 JJN-PLG': 2, '290-QA NRG-RKHN': 1, '291-H': 21, '290-E STJHS-YLKOT': 0, 'KBS-NGVRJ-VNS': 1, '290-N': 40, '317-K': 0, '241-CD': 11, 'TR-4 KMT-NGV': 1, '290-C': 63, '290EY KMT-YHKOT': 0, '290-E SBS-NGW-KLN': 0, '290-E ITCF-YHKOT': 0, 'V-SBS-KNB': 1, 'BSK-KRP-ITI': 1, '348-F': 14, 'BMSIT-3': 1, '213-D': 6, 'SBS-RJP': 2, 'SBS-HTN': 1, '375-D': 80}"
Bilal Masjid Tanary Road,13.01178374,77.61654675,0,29159119,{}
Muslim Colony,13.01059863,77.61522169,724,29159119,"{'SBS-AMC': 0, '290-EA': 0, '290-E SBS-PTH': 0, '291-N': 16, 'TR-4': 46, '290-EB YHK-KGR': 0, '290-EB KGR-YHK': 0, 'NGW-DPJN': 6, '253-A': 12, '290-M': 8, 'DPJN-JJN-NGW': 4, '290-D': 19, '290-A': 28, '290-H': 0, '291-J': 26, '290-J': 0, '290-RA': 5, '290-R': 13, '290-J MSP-SBS': 0, '290-EB': 0, '290-QA': 18, '291-G': 20, '290-G': 0, '290-Q': 14, 'D10G-NGVR-JJN': 1, 'TR-4A': 10, '290-T': 11, '290-S': 13, '290-HA': 0, 'KLNB-BKC': 1, 'SBS-SDH': 2, 'PTH-SBS1': 4, '291-D': 22, '291-L': 3, '290-Z': 4, '290-P': 24, 'MBS-14': 10, 'SBS-JKR-ALSG-PTH': 1, 'CLO-RKH': 5, '291-K': 7, '291-A': 11, '291-E': 16, 'G-10': 0, '290 KBS-YLKOT': 2, '290-EY': 0, '291-R': 15, 'KLN-JJN': 1, '290-KA KMT-PLG': 1, 'TR-4 JJN-PLG': 2, '290-QA NRG-RKHN': 1, 'MSP-ARMYK': 1, '291-H': 21, '291-B': 2, '290-E STJHS-YLKOT': 0, 'KBS-NGVRJ-VNS': 1, '63 SBS-DPJN': 1, '290-F': 0, '290-N': 40, '317-K': 0, '241-CD': 11, 'TR-4 NGV-MRBS': 2, 'TR-4 KMT-NGV': 1, '290-C': 63, 'MBS-2': 17, '290EY KMT-YHKOT': 0, 'MBS2 PTH-MRHSPG': 1, '290-E SBS-NGW-KLN': 0, '290-E ITCF-YHKOT': 0, 'V-SBS-KNB': 1, '290-E': 52, 'PTH-SBS': 3, 'BSK-KRP-ITI': 1, '348-F': 14, 'BMSIT-3': 1, '213-D': 6, 'SBS-RJP': 2, 'SBS-HTN': 1, '375-D': 80}"
P,13.01211563,77.61606932,523,29159119,"{'290-EA': 0, '290-E SBS-PTH': 0, '291-N': 16, 'TR-4': 46, '290-EB KGR-YHK': 0, '253-A': 12, '290-M': 8, 'DPJN-JJN-NGW': 4, '290-A': 28, '290-RA': 5, '290-R': 13, '290-EB': 0, '290-QA': 18, '290-Q': 14, 'TR-4A': 10, '290-T': 11, '290-HA': 0, '291-D': 22, '291-L': 3, '290-Z': 4, '290-P': 24, 'MBS-14': 10, 'SBS-JKR-ALSG-PTH': 1, 'CLO-RKH': 5, '291-K': 7, '291-A': 11, '291-E': 16, 'G-10': 0, '290 KBS-YLKOT': 2, '290-EY': 0, '290-QA NRG-RKHN': 1, '291-H': 21, '290-E STJHS-YLKOT': 0, 'KBS-NGVRJ-VNS': 1, '290-N': 40, '317-K': 0, 'TR-4 KMT-NGV': 1, '290-C': 63, '290EY KMT-YHKOT': 0, '290-E SBS-NGW-KLN': 0, '290-E ITCF-YHKOT': 0, 'V-SBS-KNB': 1, 'BSK-KRP-ITI': 1, '348-F': 14, 'BMSIT-3': 1, '213-D': 6, 'SBS-RJP': 2, 'SBS-HTN': 1, '375-D': 80}"
Periyar Nagara Circle Tannery Road,13.00864575,77.61331335,539,29159119,"{'SBS-AMC': 0, '290-EA': 0, '290-E SBS-PTH': 0, '291-N': 16, 'TR-4': 46, '290-EB KGR-YHK': 0, '253-A': 12, '290-M': 8, 'DPJN-JJN-NGW': 4, '290-A': 28, '290-H': 0, '290-RA': 5, '290-R': 13, '290-EB': 0, '290-QA': 18, '290-G': 0, '290-Q': 14, 'TR-4A': 10, '290-T': 11, '290-HA': 0, 'SBS-SDH': 2, '291-D': 22, '291-L': 3, '290-Z': 4, '290-P': 24, 'MBS-14': 10, 'SBS-JKR-ALSG-PTH': 1, 'CLO-RKH': 5, '291-K': 7, '291-A': 11, '291-E': 16, 'G-10': 0, '290 KBS-YLKOT': 2, '290-EY': 0, '290-KA KMT-PLG': 1, 'TR-4 JJN-PLG': 2, '290-QA NRG-RKHN': 1, '291-H': 21, '290-E STJHS-YLKOT': 0, 'KBS-NGVRJ-VNS': 1, '290-N': 40, '317-K': 0, '241-CD': 11, 'TR-4 KMT-NGV': 1, '290-C': 63, '290EY KMT-YHKOT': 0, '290-E SBS-NGW-KLN': 0, '290-E ITCF-YHKOT': 0, 'V-SBS-KNB': 1, 'BSK-KRP-ITI': 1, '348-F': 14, 'BMSIT-3': 1, '213-D': 6, 'SBS-RJP': 2, 'SBS-HTN': 1, '375-D': 80}"
Tannery Road Canara Bank,13.00680094,77.61247259,480,29159119,"{'SBS-AMC': 0, '290-EA': 0, '290-E SBS-PTH': 0, '291-N': 16, 'TR-4': 46, '290-EB KGR-YHK': 0, '253-A': 12, '290-M': 8, 'DPJN-JJN-NGW': 4, '290-A': 28, '290-R': 13, '290-EB': 0, '290-QA': 18, '290-G': 0, '290-Q': 14, 'TR-4A': 10, '290-T': 11, '290-HA': 0, '291-D': 22, '291-L': 3, '290-Z': 4, '290-P': 24, 'MBS-14': 10, 'SBS-JKR-ALSG-PTH': 1, 'CLO-RKH': 5, '291-K': 7, '291-A': 11, '291-E': 16, 'G-10': 0, '290 KBS-YLKOT': 2, '290-EY': 0, '290-KA KMT-PLG': 1, 'TR-4 JJN-PLG': 2, '290-QA NRG-RKHN': 1, '291-H': 21, '290-E STJHS-YLKOT': 0, 'KBS-NGVRJ-VNS': 1, '317-K': 0, 'TR-4 KMT-NGV': 1, '290-C': 63, '290EY KMT-YHKOT': 0, '290-E SBS-NGW-KLN': 0, '290-E ITCF-YHKOT': 0, 'V-SBS-KNB': 1, 'BSK-KRP-ITI': 1, '348-F': 14, '213-D': 6, 'SBS-RJP': 2, 'SBS-HTN': 1, '375-D': 80}"
Periyar Nagara Circle Tannery Road,13.00864575,77.61331335,539,29159120,"{'SBS-AMC': 0, '290-EA': 0, '290-E SBS-PTH': 0, '291-N': 16, 'TR-4': 46, '290-EB KGR-YHK': 0, '253-A': 12, '290-M': 8, 'DPJN-JJN-NGW': 4, '290-A': 28, '290-H': 0, '290-RA': 5, '290-R': 13, '290-EB': 0, '290-QA': 18, '290-G': 0, '290-Q': 14, 'TR-4A': 10, '290-T': 11, '290-HA': 0, 'SBS-SDH': 2, '291-D': 22, '291-L': 3, '290-Z': 4, '290-P': 24, 'MBS-14': 10, 'SBS-JKR-ALSG-PTH': 1, 'CLO-RKH': 5, '291-K': 7, '291-A': 11, '291-E': 16, 'G-10': 0, '290 KBS-YLKOT': 2, '290-EY': 0, '290-KA KMT-PLG': 1, 'TR-4 JJN-PLG': 2, '290-QA NRG-RKHN': 1, '291-H': 21, '290-E STJHS-YLKOT': 0, 'KBS-NGVRJ-VNS': 1, '290-N': 40, '317-K': 0, '241-CD': 11, 'TR-4 KMT-NGV': 1, '290-C': 63, '290EY KMT-YHKOT': 0, '290-E SBS-NGW-KLN': 0, '290-E ITCF-YHKOT': 0, 'V-SBS-KNB': 1, 'BSK-KRP-ITI': 1, '348-F': 14, 'BMSIT-3': 1, '213-D': 6, 'SBS-RJP': 2, 'SBS-HTN': 1, '375-D': 80}"
Modhi Garden Kavakbyrasandra,13.01722563,77.60745842,9,29159121,{'111-C KBS-MDG': 9}
Modhi Garden Kavakbyrasandra,13.01722563,77.60745842,9,29159122,{'111-C KBS-MDG': 9}
Modhi Garden Kavakbyrasandra,13.01722563,77.60745842,9,29159128,{'111-C KBS-MDG': 9}
Modhi Garden Kavakbyrasandra,13.01722563,77.60745842,9,29159129,{'111-C KBS-MDG': 9}
Modhi Garden Kavakbyrasandra,13.01722563,77.60745842,9,29159132,{'111-C KBS-MDG': 9}
Modhi Garden Kavakbyrasandra,13.01722563,77.60745842,9,29159133,{'111-C KBS-MDG': 9}
Modhi Garden Kavakbyrasandra,13.01722563,77.60745842,9,29159134,{'111-C KBS-MDG': 9}
Periyar Nagara Circle Tannery Road,13.00864575,77.61331335,539,29159134,"{'SBS-AMC': 0, '290-EA': 0, '290-E SBS-PTH': 0, '291-N': 16, 'TR-4': 46, '290-EB KGR-YHK': 0, '253-A': 12, '290-M': 8, 'DPJN-JJN-NGW': 4, '290-A': 28, '290-H': 0, '290-RA': 5, '290-R': 13, '290-EB': 0, '290-QA': 18, '290-G': 0, '290-Q': 14, 'TR-4A': 10, '290-T': 11, '290-HA': 0, 'SBS-SDH': 2, '291-D': 22, '291-L': 3, '290-Z': 4, '290-P': 24, 'MBS-14': 10, 'SBS-JKR-ALSG-PTH': 1, 'CLO-RKH': 5, '291-K': 7, '291-A': 11, '291-E': 16, 'G-10': 0, '290 KBS-YLKOT': 2, '290-EY': 0, '290-KA KMT-PLG': 1, 'TR-4 JJN-PLG': 2, '290-QA NRG-RKHN': 1, '291-H': 21, '290-E STJHS-YLKOT': 0, 'KBS-NGVRJ-VNS': 1, '290-N': 40, '317-K': 0, '241-CD': 11, 'TR-4 KMT-NGV': 1, '290-C': 63, '290EY KMT-YHKOT': 0, '290-E SBS-NGW-KLN': 0, '290-E ITCF-YHKOT': 0, 'V-SBS-KNB': 1, 'BSK-KRP-ITI': 1, '348-F': 14, 'BMSIT-3': 1, '213-D': 6, 'SBS-RJP': 2, 'SBS-HTN': 1, '375-D': 80}"
Muslim Colony,13.01059863,77.61522169,724,29159135,"{'SBS-AMC': 0, '290-EA': 0, '290-E SBS-PTH': 0, '291-N': 16, 'TR-4': 46, '290-EB YHK-KGR': 0, '290-EB KGR-YHK': 0, 'NGW-DPJN': 6, '253-A': 12, '290-M': 8, 'DPJN-JJN-NGW': 4, '290-D': 19, '290-A': 28, '290-H': 0, '291-J': 26, '290-J': 0, '290-RA': 5, '290-R': 13, '290-J MSP-SBS': 0, '290-EB': 0, '290-QA': 18, '291-G': 20, '290-G': 0, '290-Q': 14, 'D10G-NGVR-JJN': 1, 'TR-4A': 10, '290-T': 11, '290-S': 13, '290-HA': 0, 'KLNB-BKC': 1, 'SBS-SDH': 2, 'PTH-SBS1': 4, '291-D': 22, '291-L': 3, '290-Z': 4, '290-P': 24, 'MBS-14': 10, 'SBS-JKR-ALSG-PTH': 1, 'CLO-RKH': 5, '291-K': 7, '291-A': 11, '291-E': 16, 'G-10': 0, '290 KBS-YLKOT': 2, '290-EY': 0, '291-R': 15, 'KLN-JJN': 1, '290-KA KMT-PLG': 1, 'TR-4 JJN-PLG': 2, '290-QA NRG-RKHN': 1, 'MSP-ARMYK': 1, '291-H': 21, '291-B': 2, '290-E STJHS-YLKOT': 0, 'KBS-NGVRJ-VNS': 1, '63 SBS-DPJN': 1, '290-F': 0, '290-N': 40, '317-K': 0, '241-CD': 11, 'TR-4 NGV-MRBS': 2, 'TR-4 KMT-NGV': 1, '290-C': 63, 'MBS-2': 17, '290EY KMT-YHKOT': 0, 'MBS2 PTH-MRHSPG': 1, '290-E SBS-NGW-KLN': 0, '290-E ITCF-YHKOT': 0, 'V-SBS-KNB': 1, '290-E': 52, 'PTH-SBS': 3, 'BSK-KRP-ITI': 1, '348-F': 14, 'BMSIT-3': 1, '213-D': 6, 'SBS-RJP': 2, 'SBS-HTN': 1, '375-D': 80}"
Periyar Nagara Circle Tannery Road,13.00864575,77.61331335,539,29159135,"{'SBS-AMC': 0, '290-EA': 0, '290-E SBS-PTH': 0, '291-N': 16, 'TR-4': 46, '290-EB KGR-YHK': 0, '253-A': 12, '290-M': 8, 'DPJN-JJN-NGW': 4, '290-A': 28, '290-H': 0, '290-RA': 5, '290-R': 13, '290-EB': 0, '290-QA': 18, '290-G': 0, '290-Q': 14, 'TR-4A': 10, '290-T': 11, '290-HA': 0, 'SBS-SDH': 2, '291-D': 22, '291-L': 3, '290-Z': 4, '290-P': 24, 'MBS-14': 10, 'SBS-JKR-ALSG-PTH': 1, 'CLO-RKH': 5, '291-K': 7, '291-A': 11, '291-E': 16, 'G-10': 0, '290 KBS-YLKOT': 2, '290-EY': 0, '290-KA KMT-PLG': 1, 'TR-4 JJN-PLG': 2, '290-QA NRG-RKHN': 1, '291-H': 21, '290-E STJHS-YLKOT': 0, 'KBS-NGVRJ-VNS': 1, '290-N': 40, '317-K': 0, '241-CD': 11, 'TR-4 KMT-NGV': 1, '290-C': 63, '290EY KMT-YHKOT': 0, '290-E SBS-NGW-KLN': 0, '290-E ITCF-YHKOT': 0, 'V-SBS-KNB': 1, 'BSK-KRP-ITI': 1, '348-F': 14, 'BMSIT-3': 1, '213-D': 6, 'SBS-RJP': 2, 'SBS-HTN': 1, '375-D': 80}"
Muslim Colony,13.01059863,77.61522169,724,29159136,"{'SBS-AMC': 0, '290-EA': 0, '290-E SBS-PTH': 0, '291-N': 16, 'TR-4': 46, '290-EB YHK-KGR': 0, '290-EB KGR-YHK': 0, 'NGW-DPJN': 6, '253-A': 12, '290-M': 8, 'DPJN-JJN-NGW': 4, '290-D': 19, '290-A': 28, '290-H': 0, '291-J': 26, '290-J': 0, '290-RA': 5, '290-R': 13, '290-J MSP-SBS': 0, '290-EB': 0, '290-QA': 18, '291-G': 20, '290-G': 0, '290-Q': 14, 'D10G-NGVR-JJN': 1, 'TR-4A': 10, '290-T': 11, '290-S': 13, '290-HA': 0, 'KLNB-BKC': 1, 'SBS-SDH': 2, 'PTH-SBS1': 4, '291-D': 22, '291-L': 3, '290-Z': 4, '290-P': 24, 'MBS-14': 10, 'SBS-JKR-ALSG-PTH': 1, 'CLO-RKH': 5, '291-K': 7, '291-A': 11, '291-E': 16, 'G-10': 0, '290 KBS-YLKOT': 2, '290-EY': 0, '291-R': 15, 'KLN-JJN': 1, '290-KA KMT-PLG': 1, 'TR-4 JJN-PLG': 2, '290-QA NRG-RKHN': 1, 'MSP-ARMYK': 1, '291-H': 21, '291-B': 2, '290-E STJHS-YLKOT': 0, 'KBS-NGVRJ-VNS': 1, '63 SBS-DPJN': 1, '290-F': 0, '290-N': 40, '317-K': 0, '241-CD': 11, 'TR-4 NGV-MRBS': 2, 'TR-4 KMT-NGV': 1, '290-C': 63, 'MBS-2': 17, '290EY KMT-YHKOT': 0, 'MBS2 PTH-MRHSPG': 1, '290-E SBS-NGW-KLN': 0, '290-E ITCF-YHKOT': 0, 'V-SBS-KNB': 1, '290-E': 52, 'PTH-SBS': 3, 'BSK-KRP-ITI': 1, '348-F': 14, 'BMSIT-3': 1, '213-D': 6, 'SBS-RJP': 2, 'SBS-HTN': 1, '375-D': 80}"
Periyar Nagara Circle Tannery Road,13.00864575,77.61331335,539,29159136,"{'SBS-AMC': 0, '290-EA': 0, '290-E SBS-PTH': 0, '291-N': 16, 'TR-4': 46, '290-EB KGR-YHK': 0, '253-A': 12, '290-M': 8, 'DPJN-JJN-NGW': 4, '290-A': 28, '290-H': 0, '290-RA': 5, '290-R': 13, '290-EB': 0, '290-QA': 18, '290-G': 0, '290-Q': 14, 'TR-4A': 10, '290-T': 11, '290-HA': 0, 'SBS-SDH': 2, '291-D': 22, '291-L': 3, '290-Z': 4, '290-P': 24, 'MBS-14': 10, 'SBS-JKR-ALSG-PTH': 1, 'CLO-RKH': 5, '291-K': 7, '291-A': 11, '291-E': 16, 'G-10': 0, '290 KBS-YLKOT': 2, '290-EY': 0, '290-KA KMT-PLG': 1, 'TR-4 JJN-PLG': 2, '290-QA NRG-RKHN': 1, '291-H': 21, '290-E STJHS-YLKOT': 0, 'KBS-NGVRJ-VNS': 1, '290-N': 40, '317-K': 0, '241-CD': 11, 'TR-4 KMT-NGV': 1, '290-C': 63, '290EY KMT-YHKOT': 0, '290-E SBS-NGW-KLN': 0, '290-E ITCF-YHKOT': 0, 'V-SBS-KNB': 1, 'BSK-KRP-ITI': 1, '348-F': 14, 'BMSIT-3': 1, '213-D': 6, 'SBS-RJP': 2, 'SBS-HTN': 1, '375-D': 80}"
Tannery Road Canara Bank,13.00680094,77.61247259,480,29159136,"{'SBS-AMC': 0, '290-EA': 0, '290-E SBS-PTH': 0, '291-N': 16, 'TR-4': 46, '290-EB KGR-YHK': 0, '253-A': 12, '290-M': 8, 'DPJN-JJN-NGW': 4, '290-A': 28, '290-R': 13, '290-EB': 0, '290-QA': 18, '290-G': 0, '290-Q': 14, 'TR-4A': 10, '290-T': 11, '290-HA': 0, '291-D': 22, '291-L': 3, '290-Z': 4, '290-P': 24, 'MBS-14': 10, 'SBS-JKR-ALSG-PTH': 1, 'CLO-RKH': 5, '291-K': 7, '291-A': 11, '291-E': 16, 'G-10': 0, '290 KBS-YLKOT': 2, '290-EY': 0, '290-KA KMT-PLG': 1, 'TR-4 JJN-PLG': 2, '290-QA NRG-RKHN': 1, '291-H': 21, '290-E STJHS-YLKOT': 0, 'KBS-NGVRJ-VNS': 1, '317-K': 0, 'TR-4 KMT-NGV': 1, '290-C': 63, '290EY KMT-YHKOT': 0, '290-E SBS-NGW-KLN': 0, '290-E ITCF-YHKOT': 0, 'V-SBS-KNB': 1, 'BSK-KRP-ITI': 1, '348-F': 14, '213-D': 6, 'SBS-RJP': 2, 'SBS-HTN': 1, '375-D': 80}"
Bilal Masjid Tanary Road,13.01178374,77.61654675,0,29159137,{}
Muslim Colony,13.01059863,77.61522169,724,29159137,"{'SBS-AMC': 0, '290-EA': 0, '290-E SBS-PTH': 0, '291-N': 16, 'TR-4': 46, '290-EB YHK-KGR': 0, '290-EB KGR-YHK': 0, 'NGW-DPJN': 6, '253-A': 12, '290-M': 8, 'DPJN-JJN-NGW': 4, '290-D': 19, '290-A': 28, '290-H': 0, '291-J': 26, '290-J': 0, '290-RA': 5, '290-R': 13, '290-J MSP-SBS': 0, '290-EB': 0, '290-QA': 18, '291-G': 20, '290-G': 0, '290-Q': 14, 'D10G-NGVR-JJN': 1, 'TR-4A': 10, '290-T': 11, '290-S': 13, '290-HA': 0, 'KLNB-BKC': 1, 'SBS-SDH': 2, 'PTH-SBS1': 4, '291-D': 22, '291-L': 3, '290-Z': 4, '290-P': 24, 'MBS-14': 10, 'SBS-JKR-ALSG-PTH': 1, 'CLO-RKH': 5, '291-K': 7, '291-A': 11, '291-E': 16, 'G-10': 0, '290 KBS-YLKOT': 2, '290-EY': 0, '291-R': 15, 'KLN-JJN': 1, '290-KA KMT-PLG': 1, 'TR-4 JJN-PLG': 2, '290-QA NRG-RKHN': 1, 'MSP-ARMYK': 1, '291-H': 21, '291-B': 2, '290-E STJHS-YLKOT': 0, 'KBS-NGVRJ-VNS': 1, '63 SBS-DPJN': 1, '290-F': 0, '290-N': 40, '317-K': 0, '241-CD': 11, 'TR-4 NGV-MRBS': 2, 'TR-4 KMT-NGV': 1, '290-C': 63, 'MBS-2': 17, '290EY KMT-YHKOT': 0, 'MBS2 PTH-MRHSPG': 1, '290-E SBS-NGW-KLN': 0, '290-E ITCF-YHKOT': 0, 'V-SBS-KNB': 1, '290-E': 52, 'PTH-SBS': 3, 'BSK-KRP-ITI': 1, '348-F': 14, 'BMSIT-3': 1, '213-D': 6, 'SBS-RJP': 2, 'SBS-HTN': 1, '375-D': 80}"
P,13.01211563,77.61606932,523,29159137,"{'290-EA': 0, '290-E SBS-PTH': 0, '291-N': 16, 'TR-4': 46, '290-EB KGR-YHK': 0, '253-A': 12, '290-M': 8, 'DPJN-JJN-NGW': 4, '290-A': 28, '290-RA': 5, '290-R': 13, '290-EB': 0, '290-QA': 18, '290-Q': 14, 'TR-4A': 10, '290-T': 11, '290-HA': 0, '291-D': 22, '291-L': 3, '290-Z': 4, '290-P': 24, 'MBS-14': 10, 'SBS-JKR-ALSG-PTH': 1, 'CLO-RKH': 5, '291-K': 7, '291-A': 11, '291-E': 16, 'G-10': 0, '290 KBS-YLKOT': 2, '290-EY': 0, '290-QA NRG-RKHN': 1, '291-H': 21, '290-E STJHS-YLKOT': 0, 'KBS-NGVRJ-VNS': 1, '290-N': 40, '317-K': 0, 'TR-4 KMT-NGV': 1, '290-C': 63, '290EY KMT-YHKOT': 0, '290-E SBS-NGW-KLN': 0, '290-E ITCF-YHKOT': 0, 'V-SBS-KNB': 1, 'BSK-KRP-ITI': 1, '348-F': 14, 'BMSIT-3': 1, '213-D': 6, 'SBS-RJP': 2, 'SBS-HTN': 1, '375-D': 80}"
Periyar Nagara Circle Tannery Road,13.00864575,77.61331335,539,29159137,"{'SBS-AMC': 0, '290-EA': 0, '290-E SBS-PTH': 0, '291-N': 16, 'TR-4': 46, '290-EB KGR-YHK': 0, '253-A': 12, '290-M': 8, 'DPJN-JJN-NGW': 4, '290-A': 28, '290-H': 0, '290-RA': 5, '290-R': 13, '290-EB': 0, '290-QA': 18, '290-G': 0, '290-Q': 14, 'TR-4A': 10, '290-T': 11, '290-HA': 0, 'SBS-SDH': 2, '291-D': 22, '291-L': 3, '290-Z': 4, '290-P': 24, 'MBS-14': 10, 'SBS-JKR-ALSG-PTH': 1, 'CLO-RKH': 5, '291-K': 7, '291-A': 11, '291-E': 16, 'G-10': 0, '290 KBS-YLKOT': 2, '290-EY': 0, '290-KA KMT-PLG': 1, 'TR-4 JJN-PLG': 2, '290-QA NRG-RKHN': 1, '291-H': 21, '290-E STJHS-YLKOT': 0, 'KBS-NGVRJ-VNS': 1, '290-N': 40, '317-K': 0, '241-CD': 11, 'TR-4 KMT-NGV': 1, '290-C': 63, '290EY KMT-YHKOT': 0, '290-E SBS-NGW-KLN': 0, '290-E ITCF-YHKOT': 0, 'V-SBS-KNB': 1, 'BSK-KRP-ITI': 1, '348-F': 14, 'BMSIT-3': 1, '213-D': 6, 'SBS-RJP': 2, 'SBS-HTN': 1, '375-D': 80}"
Tannery Road Canara Bank,13.00680094,77.61247259,480,29159137,"{'SBS-AMC': 0, '290-EA': 0, '290-E SBS-PTH': 0, '291-N': 16, 'TR-4': 46, '290-EB KGR-YHK': 0, '253-A': 12, '290-M': 8, 'DPJN-JJN-NGW': 4, '290-A': 28, '290-R': 13, '290-EB': 0, '290-QA': 18, '290-G': 0, '290-Q': 14, 'TR-4A': 10, '290-T': 11, '290-HA': 0, '291-D': 22, '291-L': 3, '290-Z': 4, '290-P': 24, 'MBS-14': 10, 'SBS-JKR-ALSG-PTH': 1, 'CLO-RKH': 5, '291-K': 7, '291-A': 11, '291-E': 16, 'G-10': 0, '290 KBS-YLKOT': 2, '290-EY': 0, '290-KA KMT-PLG': 1, 'TR-4 JJN-PLG': 2, '290-QA NRG-RKHN': 1, '291-H': 21, '290-E STJHS-YLKOT': 0, 'KBS-NGVRJ-VNS': 1, '317-K': 0, 'TR-4 KMT-NGV': 1, '290-C': 63, '290EY KMT-YHKOT': 0, '290-E SBS-NGW-KLN': 0, '290-E ITCF-YHKOT': 0, 'V-SBS-KNB': 1, 'BSK-KRP-ITI': 1, '348-F': 14, '213-D': 6, 'SBS-RJP': 2, 'SBS-HTN': 1, '375-D': 80}"
Bilal Masjid Tanary Road,13.01178374,77.61654675,0,29159138,{}
Muslim Colony,13.01059863,77.61522169,724,29159138,"{'SBS-AMC': 0, '290-EA': 0, '290-E SBS-PTH': 0, '291-N': 16, 'TR-4': 46, '290-EB YHK-KGR': 0, '290-EB KGR-YHK': 0, 'NGW-DPJN': 6, '253-A': 12, '290-M': 8, 'DPJN-JJN-NGW': 4, '290-D': 19, '290-A': 28, '290-H': 0, '291-J': 26, '290-J': 0, '290-RA': 5, '290-R': 13, '290-J MSP-SBS': 0, '290-EB': 0, '290-QA': 18, '291-G': 20, '290-G': 0, '290-Q': 14, 'D10G-NGVR-JJN': 1, 'TR-4A': 10, '290-T': 11, '290-S': 13, '290-HA': 0, 'KLNB-BKC': 1, 'SBS-SDH': 2, 'PTH-SBS1': 4, '291-D': 22, '291-L': 3, '290-Z': 4, '290-P': 24, 'MBS-14': 10, 'SBS-JKR-ALSG-PTH': 1, 'CLO-RKH': 5, '291-K': 7, '291-A': 11, '291-E': 16, 'G-10': 0, '290 KBS-YLKOT': 2, '290-EY': 0, '291-R': 15, 'KLN-JJN': 1, '290-KA KMT-PLG': 1, 'TR-4 JJN-PLG': 2, '290-QA NRG-RKHN': 1, 'MSP-ARMYK': 1, '291-H': 21, '291-B': 2, '290-E STJHS-YLKOT': 0, 'KBS-NGVRJ-VNS': 1, '63 SBS-DPJN': 1, '290-F': 0, '290-N': 40, '317-K': 0, '241-CD': 11, 'TR-4 NGV-MRBS': 2, 'TR-4 KMT-NGV': 1, '290-C': 63, 'MBS-2': 17, '290EY KMT-YHKOT': 0, 'MBS2 PTH-MRHSPG': 1, '290-E SBS-NGW-KLN': 0, '290-E ITCF-YHKOT': 0, 'V-SBS-KNB': 1, '290-E': 52, 'PTH-SBS': 3, 'BSK-KRP-ITI': 1, '348-F': 14, 'BMSIT-3': 1, '213-D': 6, 'SBS-RJP': 2, 'SBS-HTN': 1, '375-D': 80}"
P,13.01211563,77.61606932,523,29159138,"{'290-EA': 0, '290-E SBS-PTH': 0, '291-N': 16, 'TR-4': 46, '290-EB KGR-YHK': 0, '253-A': 12, '290-M': 8, 'DPJN-JJN-NGW': 4, '290-A': 28, '290-RA': 5, '290-R': 13, '290-EB': 0, '290-QA': 18, '290-Q': 14, 'TR-4A': 10, '290-T': 11, '290-HA': 0, '291-D': 22, '291-L': 3, '290-Z': 4, '290-P': 24, 'MBS-14': 10, 'SBS-JKR-ALSG-PTH': 1, 'CLO-RKH': 5, '291-K': 7, '291-A': 11, '291-E': 16, 'G-10': 0, '290 KBS-YLKOT': 2, '290-EY': 0, '290-QA NRG-RKHN': 1, '291-H': 21, '290-E STJHS-YLKOT': 0, 'KBS-NGVRJ-VNS': 1, '290-N': 40, '317-K': 0, 'TR-4 KMT-NGV': 1, '290-C': 63, '290EY KMT-YHKOT': 0, '290-E SBS-NGW-KLN': 0, '290-E ITCF-YHKOT': 0, 'V-SBS-KNB': 1, 'BSK-KRP-ITI': 1, '348-F': 14, 'BMSIT-3': 1, '213-D': 6, 'SBS-RJP': 2, 'SBS-HTN': 1, '375-D': 80}"
Periyar Nagara Circle Tannery Road,13.00864575,77.61331335,539,29159138,"{'SBS-AMC': 0, '290-EA': 0, '290-E SBS-PTH': 0, '291-N': 16, 'TR-4': 46, '290-EB KGR-YHK': 0, '253-A': 12, '290-M': 8, 'DPJN-JJN-NGW': 4, '290-A': 28, '290-H': 0, '290-RA': 5, '290-R': 13, '290-EB': 0, '290-QA': 18, '290-G': 0, '290-Q': 14, 'TR-4A': 10, '290-T': 11, '290-HA': 0, 'SBS-SDH': 2, '291-D': 22, '291-L': 3, '290-Z': 4, '290-P': 24, 'MBS-14': 10, 'SBS-JKR-ALSG-PTH': 1, 'CLO-RKH': 5, '291-K': 7, '291-A': 11, '291-E': 16, 'G-10': 0, '290 KBS-YLKOT': 2, '290-EY': 0, '290-KA KMT-PLG': 1, 'TR-4 JJN-PLG': 2, '290-QA NRG-RKHN': 1, '291-H': 21, '290-E STJHS-YLKOT': 0, 'KBS-NGVRJ-VNS': 1, '290-N': 40, '317-K': 0, '241-CD': 11, 'TR-4 KMT-NGV': 1, '290-C': 63, '290EY KMT-YHKOT': 0, '290-E SBS-NGW-KLN': 0, '290-E ITCF-YHKOT': 0, 'V-SBS-KNB': 1, 'BSK-KRP-ITI': 1, '348-F': 14, 'BMSIT-3': 1, '213-D': 6, 'SBS-RJP': 2, 'SBS-HTN': 1, '375-D': 80}"
Tannery Road Canara Bank,13.00680094,77.61247259,480,29159138,"{'SBS-AMC': 0, '290-EA': 0, '290-E SBS-PTH': 0, '291-N': 16, 'TR-4': 46, '290-EB KGR-YHK': 0, '253-A': 12, '290-M': 8, 'DPJN-JJN-NGW': 4, '290-A': 28, '290-R': 13, '290-EB': 0, '290-QA': 18, '290-G': 0, '290-Q': 14, 'TR-4A': 10, '290-T': 11, '290-HA': 0, '291-D': 22, '291-L': 3, '290-Z': 4, '290-P': 24, 'MBS-14': 10, 'SBS-JKR-ALSG-PTH': 1, 'CLO-RKH': 5, '291-K': 7, '291-A': 11, '291-E': 16, 'G-10': 0, '290 KBS-YLKOT': 2, '290-EY': 0, '290-KA KMT-PLG': 1, 'TR-4 JJN-PLG': 2, '290-QA NRG-RKHN': 1, '291-H': 21, '290-E STJHS-YLKOT': 0, 'KBS-NGVRJ-VNS': 1, '317-K': 0, 'TR-4 KMT-NGV': 1, '290-C': 63, '290EY KMT-YHKOT': 0, '290-E SBS-NGW-KLN': 0, '290-E ITCF-YHKOT': 0, 'V-SBS-KNB': 1, 'BSK-KRP-ITI': 1, '348-F': 14, '213-D': 6, 'SBS-RJP': 2, 'SBS-HTN': 1, '375-D': 80}"
Doddy Tannery Road,13.00257755,77.61206767,540,29159139,"{'SBS-AMC': 0, '290-EA': 0, '290-E SBS-PTH': 0, '291-N': 16, 'TR-4': 46, '290-EB KGR-YHK': 0, '253-A': 12, '290-M': 8, 'DPJN-JJN-NGW': 4, '290-A': 28, '290-H': 0, '290-RA': 5, '290-R': 13, '290-EB': 0, '290-QA': 18, '290-G': 0, '290-Q': 14, 'TR-4A': 10, '290-T': 11, '290-HA': 0, 'SBS-SDH': 2, '291-D': 22, '291-L': 3, '290-Z': 4, '290-P': 24, 'MBS-14': 10, 'SBS-JKR-ALSG-PTH': 1, 'CLO-RKH': 5, '291-K': 7, '291-A': 11, '291-E': 16, 'G-10': 0, '290 KBS-YLKOT': 2, '290-EY': 0, '290-KA KMT-PLG': 1, 'TR-4 JJN-PLG': 2, '290-QA NRG-RKHN': 1, '291-H': 21, '94E YPRTTMC-TRDBS': 1, '290-E STJHS-YLKOT': 0, 'KBS-NGVRJ-VNS': 1, '290-N': 40, '317-K': 0, '241-CD': 11, 'TR-4 KMT-NGV': 1, '290-C': 63, '290EY KMT-YHKOT': 0, '290-E SBS-NGW-KLN': 0, '290-E ITCF-YHKOT': 0, 'V-SBS-KNB': 1, 'BSK-KRP-ITI': 1, '348-F': 14, 'BMSIT-3': 1, '213-D': 6, 'SBS-RJP': 2, 'SBS-HTN': 1, '375-D': 80}"
Muslim Colony,13.01059863,77.61522169,724,29159139,"{'SBS-AMC': 0, '290-EA': 0, '290-E SBS-PTH': 0, '291-N': 16, 'TR-4': 46, '290-EB YHK-KGR': 0, '290-EB KGR-YHK': 0, 'NGW-DPJN': 6, '253-A': 12, '290-M': 8, 'DPJN-JJN-NGW': 4, '290-D': 19, '290-A': 28, '290-H': 0, '291-J': 26, '290-J': 0, '290-RA': 5, '290-R': 13, '290-J MSP-SBS': 0, '290-EB': 0, '290-QA': 18, '291-G': 20, '290-G': 0, '290-Q': 14, 'D10G-NGVR-JJN': 1, 'TR-4A': 10, '290-T': 11, '290-S': 13, '290-HA': 0, 'KLNB-BKC': 1, 'SBS-SDH': 2, 'PTH-SBS1': 4, '291-D': 22, '291-L': 3, '290-Z': 4, '290-P': 24, 'MBS-14': 10, 'SBS-JKR-ALSG-PTH': 1, 'CLO-RKH': 5, '291-K': 7, '291-A': 11, '291-E': 16, 'G-10': 0, '290 KBS-YLKOT': 2, '290-EY': 0, '291-R': 15, 'KLN-JJN': 1, '290-KA KMT-PLG': 1, 'TR-4 JJN-PLG': 2, '290-QA NRG-RKHN': 1, 'MSP-ARMYK': 1, '291-H': 21, '291-B': 2, '290-E STJHS-YLKOT': 0, 'KBS-NGVRJ-VNS': 1, '63 SBS-DPJN': 1, '290-F': 0, '290-N': 40, '317-K': 0, '241-CD': 11, 'TR-4 NGV-MRBS': 2, 'TR-4 KMT-NGV': 1, '290-C': 63, 'MBS-2': 17, '290EY KMT-YHKOT': 0, 'MBS2 PTH-MRHSPG': 1, '290-E SBS-NGW-KLN': 0, '290-E ITCF-YHKOT': 0, 'V-SBS-KNB': 1, '290-E': 52, 'PTH-SBS': 3, 'BSK-KRP-ITI': 1, '348-F': 14, 'BMSIT-3': 1, '213-D': 6, 'SBS-RJP': 2, 'SBS-HTN': 1, '375-D': 80}"
Periyar Nagara Circle Tannery Road,13.00864575,77.61331335,539,29159139,"{'SBS-AMC': 0, '290-EA': 0, '290-E SBS-PTH': 0, '291-N': 16, 'TR-4': 46, '290-EB KGR-YHK': 0, '253-A': 12, '290-M': 8, 'DPJN-JJN-NGW': 4, '290-A': 28, '290-H': 0, '290-RA': 5, '290-R': 13, '290-EB': 0, '290-QA': 18, '290-G': 0, '290-Q': 14, 'TR-4A': 10, '290-T': 11, '290-HA': 0, 'SBS-SDH': 2, '291-D': 22, '291-L': 3, '290-Z': 4, '290-P': 24, 'MBS-14': 10, 'SBS-JKR-ALSG-PTH': 1, 'CLO-RKH': 5, '291-K': 7, '291-A': 11, '291-E': 16, 'G-10': 0, '290 KBS-YLKOT': 2, '290-EY': 0, '290-KA KMT-PLG': 1, 'TR-4 JJN-PLG': 2, '290-QA NRG-RKHN': 1, '291-H': 21, '290-E STJHS-YLKOT': 0, 'KBS-NGVRJ-VNS': 1, '290-N': 40, '317-K': 0, '241-CD': 11, 'TR-4 KMT-NGV': 1, '290-C': 63, '290EY KMT-YHKOT': 0, '290-E SBS-NGW-KLN': 0, '290-E ITCF-YHKOT': 0, 'V-SBS-KNB': 1, 'BSK-KRP-ITI': 1, '348-F': 14, 'BMSIT-3': 1, '213-D': 6, 'SBS-RJP': 2, 'SBS-HTN': 1, '375-D': 80}"
Pottery Town,13.00243146,77.60914089,0,29159139,{}
Tannery Road Canara Bank,13.00680094,77.61247259,480,29159139,"{'SBS-AMC': 0, '290-EA': 0, '290-E SBS-PTH': 0, '291-N': 16, 'TR-4': 46, '290-EB KGR-YHK': 0, '253-A': 12, '290-M': 8, 'DPJN-JJN-NGW': 4, '290-A': 28, '290-R': 13, '290-EB': 0, '290-QA': 18, '290-G': 0, '290-Q': 14, 'TR-4A': 10, '290-T': 11, '290-HA': 0, '291-D': 22, '291-L': 3, '290-Z': 4, '290-P': 24, 'MBS-14': 10, 'SBS-JKR-ALSG-PTH': 1, 'CLO-RKH': 5, '291-K': 7, '291-A': 11, '291-E': 16, 'G-10': 0, '290 KBS-YLKOT': 2, '290-EY': 0, '290-KA KMT-PLG': 1, 'TR-4 JJN-PLG': 2, '290-QA NRG-RKHN': 1, '291-H': 21, '290-E STJHS-YLKOT': 0, 'KBS-NGVRJ-VNS': 1, '317-K': 0, 'TR-4 KMT-NGV': 1, '290-C': 63, '290EY KMT-YHKOT': 0, '290-E SBS-NGW-KLN': 0, '290-E ITCF-YHKOT': 0, 'V-SBS-KNB': 1, 'BSK-KRP-ITI': 1, '348-F': 14, '213-D': 6, 'SBS-RJP': 2, 'SBS-HTN': 1, '375-D': 80}"
Bilal Masjid Tanary Road,13.01178374,77.61654675,0,29159140,{}
Muslim Colony,13.01059863,77.61522169,724,29159140,"{'SBS-AMC': 0, '290-EA': 0, '290-E SBS-PTH': 0, '291-N': 16, 'TR-4': 46, '290-EB YHK-KGR': 0, '290-EB KGR-YHK': 0, 'NGW-DPJN': 6, '253-A': 12, '290-M': 8, 'DPJN-JJN-NGW': 4, '290-D': 19, '290-A': 28, '290-H': 0, '291-J': 26, '290-J': 0, '290-RA': 5, '290-R': 13, '290-J MSP-SBS': 0, '290-EB': 0, '290-QA': 18, '291-G': 20, '290-G': 0, '290-Q': 14, 'D10G-NGVR-JJN': 1, 'TR-4A': 10, '290-T': 11, '290-S': 13, '290-HA': 0, 'KLNB-BKC': 1, 'SBS-SDH': 2, 'PTH-SBS1': 4, '291-D': 22, '291-L': 3, '290-Z': 4, '290-P': 24, 'MBS-14': 10, 'SBS-JKR-ALSG-PTH': 1, 'CLO-RKH': 5, '291-K': 7, '291-A': 11, '291-E': 16, 'G-10': 0, '290 KBS-YLKOT': 2, '290-EY': 0, '291-R': 15, 'KLN-JJN': 1, '290-KA KMT-PLG': 1, 'TR-4 JJN-PLG': 2, '290-QA NRG-RKHN': 1, 'MSP-ARMYK': 1, '291-H': 21, '291-B': 2, '290-E STJHS-YLKOT': 0, 'KBS-NGVRJ-VNS': 1, '63 SBS-DPJN': 1, '290-F': 0, '290-N': 40, '317-K': 0, '241-CD': 11, 'TR-4 NGV-MRBS': 2, 'TR-4 KMT-NGV': 1, '290-C': 63, 'MBS-2': 17, '290EY KMT-YHKOT': 0, 'MBS2 PTH-MRHSPG': 1, '290-E SBS-NGW-KLN': 0, '290-E ITCF-YHKOT': 0, 'V-SBS-KNB': 1, '290-E': 52, 'PTH-SBS': 3, 'BSK-KRP-ITI': 1, '348-F': 14, 'BMSIT-3': 1, '213-D': 6, 'SBS-RJP': 2, 'SBS-HTN': 1, '375-D': 80}"
P,13.01211563,77.61606932,523,29159140,"{'290-EA': 0, '290-E SBS-PTH': 0, '291-N': 16, 'TR-4': 46, '290-EB KGR-YHK': 0, '253-A': 12, '290-M': 8, 'DPJN-JJN-NGW': 4, '290-A': 28, '290-RA': 5, '290-R': 13, '290-EB': 0, '290-QA': 18, '290-Q': 14, 'TR-4A': 10, '290-T': 11, '290-HA': 0, '291-D': 22, '291-L': 3, '290-Z': 4, '290-P': 24, 'MBS-14': 10, 'SBS-JKR-ALSG-PTH': 1, 'CLO-RKH': 5, '291-K': 7, '291-A': 11, '291-E': 16, 'G-10': 0, '290 KBS-YLKOT': 2, '290-EY': 0, '290-QA NRG-RKHN': 1, '291-H': 21, '290-E STJHS-YLKOT': 0, 'KBS-NGVRJ-VNS': 1, '290-N': 40, '317-K': 0, 'TR-4 KMT-NGV': 1, '290-C': 63, '290EY KMT-YHKOT': 0, '290-E SBS-NGW-KLN': 0, '290-E ITCF-YHKOT': 0, 'V-SBS-KNB': 1, 'BSK-KRP-ITI': 1, '348-F': 14, 'BMSIT-3': 1, '213-D': 6, 'SBS-RJP': 2, 'SBS-HTN': 1, '375-D': 80}"
Periyar Nagara Circle Tannery Road,13.00864575,77.61331335,539,29159140,"{'SBS-AMC': 0, '290-EA': 0, '290-E SBS-PTH': 0, '291-N': 16, 'TR-4': 46, '290-EB KGR-YHK': 0, '253-A': 12, '290-M': 8, 'DPJN-JJN-NGW': 4, '290-A': 28, '290-H': 0, '290-RA': 5, '290-R': 13, '290-EB': 0, '290-QA': 18, '290-G': 0, '290-Q': 14, 'TR-4A': 10, '290-T': 11, '290-HA': 0, 'SBS-SDH': 2, '291-D': 22, '291-L': 3, '290-Z': 4, '290-P': 24, 'MBS-14': 10, 'SBS-JKR-ALSG-PTH': 1, 'CLO-RKH': 5, '291-K': 7, '291-A': 11, '291-E': 16, 'G-10': 0, '290 KBS-YLKOT': 2, '290-EY': 0, '290-KA KMT-PLG': 1, 'TR-4 JJN-PLG': 2, '290-QA NRG-RKHN': 1, '291-H': 21, '290-E STJHS-YLKOT': 0, 'KBS-NGVRJ-VNS': 1, '290-N': 40, '317-K': 0, '241-CD': 11, 'TR-4 KMT-NGV': 1, '290-C': 63, '290EY KMT-YHKOT': 0, '290-E SBS-NGW-KLN': 0, '290-E ITCF-YHKOT': 0, 'V-SBS-KNB': 1, 'BSK-KRP-ITI': 1, '348-F': 14, 'BMSIT-3': 1, '213-D': 6, 'SBS-RJP': 2, 'SBS-HTN': 1, '375-D': 80}"
Pillanna Garden 9th Main,13.01192877,77.61757806,3,29159140,"{'290-KA KMT-PLG': 1, 'TR-4 JJN-PLG': 2}"
Tannery Road Canara Bank,13.00680094,77.61247259,480,29159140,"{'SBS-AMC': 0, '290-EA': 0, '290-E SBS-PTH': 0, '291-N': 16, 'TR-4': 46, '290-EB KGR-YHK': 0, '253-A': 12, '290-M': 8, 'DPJN-JJN-NGW': 4, '290-A': 28, '290-R': 13, '290-EB': 0, '290-QA': 18, '290-G': 0, '290-Q': 14, 'TR-4A': 10, '290-T': 11, '290-HA': 0, '291-D': 22, '291-L': 3, '290-Z': 4, '290-P': 24, 'MBS-14': 10, 'SBS-JKR-ALSG-PTH': 1, 'CLO-RKH': 5, '291-K': 7, '291-A': 11, '291-E': 16, 'G-10': 0, '290 KBS-YLKOT': 2, '290-EY': 0, '290-KA KMT-PLG': 1, 'TR-4 JJN-PLG': 2, '290-QA NRG-RKHN': 1, '291-H': 21, '290-E STJHS-YLKOT': 0, 'KBS-NGVRJ-VNS': 1, '317-K': 0, 'TR-4 KMT-NGV': 1, '290-C': 63, '290EY KMT-YHKOT': 0, '290-E SBS-NGW-KLN': 0, '290-E ITCF-YHKOT': 0, 'V-SBS-KNB': 1, 'BSK-KRP-ITI': 1, '348-F': 14, '213-D': 6, 'SBS-RJP': 2, 'SBS-HTN': 1, '375-D': 80}"
Doddy Tannery Road,13.00257755,77.61206767,540,29159141,"{'SBS-AMC': 0, '290-EA': 0, '290-E SBS-PTH': 0, '291-N': 16, 'TR-4': 46, '290-EB KGR-YHK': 0, '253-A': 12, '290-M': 8, 'DPJN-JJN-NGW': 4, '290-A': 28, '290-H': 0, '290-RA': 5, '290-R': 13, '290-EB': 0, '290-QA': 18, '290-G': 0, '290-Q': 14, 'TR-4A': 10, '290-T': 11, '290-HA': 0, 'SBS-SDH': 2, '291-D': 22, '291-L': 3, '290-Z': 4, '290-P': 24, 'MBS-14': 10, 'SBS-JKR-ALSG-PTH': 1, 'CLO-RKH': 5, '291-K': 7, '291-A': 11, '291-E': 16, 'G-10': 0, '290 KBS-YLKOT': 2, '290-EY': 0, '290-KA KMT-PLG': 1, 'TR-4 JJN-PLG': 2, '290-QA NRG-RKHN': 1, '291-H': 21, '94E YPRTTMC-TRDBS': 1, '290-E STJHS-YLKOT': 0, 'KBS-NGVRJ-VNS': 1, '290-N': 40, '317-K': 0, '241-CD': 11, 'TR-4 KMT-NGV': 1, '290-C': 63, '290EY KMT-YHKOT': 0, '290-E SBS-NGW-KLN': 0, '290-E ITCF-YHKOT': 0, 'V-SBS-KNB': 1, 'BSK-KRP-ITI': 1, '348-F': 14, 'BMSIT-3': 1, '213-D': 6, 'SBS-RJP': 2, 'SBS-HTN': 1, '375-D': 80}"
Muslim Colony,13.01059863,77.61522169,724,29159141,"{'SBS-AMC': 0, '290-EA': 0, '290-E SBS-PTH': 0, '291-N': 16, 'TR-4': 46, '290-EB YHK-KGR': 0, '290-EB KGR-YHK': 0, 'NGW-DPJN': 6, '253-A': 12, '290-M': 8, 'DPJN-JJN-NGW': 4, '290-D': 19, '290-A': 28, '290-H': 0, '291-J': 26, '290-J': 0, '290-RA': 5, '290-R': 13, '290-J MSP-SBS': 0, '290-EB': 0, '290-QA': 18, '291-G': 20, '290-G': 0, '290-Q': 14, 'D10G-NGVR-JJN': 1, 'TR-4A': 10, '290-T': 11, '290-S': 13, '290-HA': 0, 'KLNB-BKC': 1, 'SBS-SDH': 2, 'PTH-SBS1': 4, '291-D': 22, '291-L': 3, '290-Z': 4, '290-P': 24, 'MBS-14': 10, 'SBS-JKR-ALSG-PTH': 1, 'CLO-RKH': 5, '291-K': 7, '291-A': 11, '291-E': 16, 'G-10': 0, '290 KBS-YLKOT': 2, '290-EY': 0, '291-R': 15, 'KLN-JJN': 1, '290-KA KMT-PLG': 1, 'TR-4 JJN-PLG': 2, '290-QA NRG-RKHN': 1, 'MSP-ARMYK': 1, '291-H': 21, '291-B': 2, '290-E STJHS-YLKOT': 0, 'KBS-NGVRJ-VNS': 1, '63 SBS-DPJN': 1, '290-F': 0, '290-N': 40, '317-K': 0, '241-CD': 11, 'TR-4 NGV-MRBS': 2, 'TR-4 KMT-NGV': 1, '290-C': 63, 'MBS-2': 17, '290EY KMT-YHKOT': 0, 'MBS2 PTH-MRHSPG': 1, '290-E SBS-NGW-KLN': 0, '290-E ITCF-YHKOT': 0, 'V-SBS-KNB': 1, '290-E': 52, 'PTH-SBS': 3, 'BSK-KRP-ITI': 1, '348-F': 14, 'BMSIT-3': 1, '213-D': 6, 'SBS-RJP': 2, 'SBS-HTN': 1, '375-D': 80}"
Periyar Nagara Circle Tannery Road,13.00864575,77.61331335,539,29159141,"{'SBS-AMC': 0, '290-EA': 0, '290-E SBS-PTH': 0, '291-N': 16, 'TR-4': 46, '290-EB KGR-YHK': 0, '253-A': 12, '290-M': 8, 'DPJN-JJN-NGW': 4, '290-A': 28, '290-H': 0, '290-RA': 5, '290-R': 13, '290-EB': 0, '290-QA': 18, '290-G': 0, '290-Q': 14, 'TR-4A': 10, '290-T': 11, '290-HA': 0, 'SBS-SDH': 2, '291-D': 22, '291-L': 3, '290-Z': 4, '290-P': 24, 'MBS-14': 10, 'SBS-JKR-ALSG-PTH': 1, 'CLO-RKH': 5, '291-K': 7, '291-A': 11, '291-E': 16, 'G-10': 0, '290 KBS-YLKOT': 2, '290-EY': 0, '290-KA KMT-PLG': 1, 'TR-4 JJN-PLG': 2, '290-QA NRG-RKHN': 1, '291-H': 21, '290-E STJHS-YLKOT': 0, 'KBS-NGVRJ-VNS': 1, '290-N': 40, '317-K': 0, '241-CD': 11, 'TR-4 KMT-NGV': 1, '290-C': 63, '290EY KMT-YHKOT': 0, '290-E SBS-NGW-KLN': 0, '290-E ITCF-YHKOT': 0, 'V-SBS-KNB': 1, 'BSK-KRP-ITI': 1, '348-F': 14, 'BMSIT-3': 1, '213-D': 6, 'SBS-RJP': 2, 'SBS-HTN': 1, '375-D': 80}"
Pottery Town,13.00243146,77.60914089,0,29159141,{}
Tannery Road Canara Bank,13.00680094,77.61247259,480,29159141,"{'SBS-AMC': 0, '290-EA': 0, '290-E SBS-PTH': 0, '291-N': 16, 'TR-4': 46, '290-EB KGR-YHK': 0, '253-A': 12, '290-M': 8, 'DPJN-JJN-NGW': 4, '290-A': 28, '290-R': 13, '290-EB': 0, '290-QA': 18, '290-G': 0, '290-Q': 14, 'TR-4A': 10, '290-T': 11, '290-HA': 0, '291-D': 22, '291-L': 3, '290-Z': 4, '290-P': 24, 'MBS-14': 10, 'SBS-JKR-ALSG-PTH': 1, 'CLO-RKH': 5, '291-K': 7, '291-A': 11, '291-E': 16, 'G-10': 0, '290 KBS-YLKOT': 2, '290-EY': 0, '290-KA KMT-PLG': 1, 'TR-4 JJN-PLG': 2, '290-QA NRG-RKHN': 1, '291-H': 21, '290-E STJHS-YLKOT': 0, 'KBS-NGVRJ-VNS': 1, '317-K': 0, 'TR-4 KMT-NGV': 1, '290-C': 63, '290EY KMT-YHKOT': 0, '290-E SBS-NGW-KLN': 0, '290-E ITCF-YHKOT': 0, 'V-SBS-KNB': 1, 'BSK-KRP-ITI': 1, '348-F': 14, '213-D': 6, 'SBS-RJP': 2, 'SBS-HTN': 1, '375-D': 80}"
Byadarahalli Jayamahal,13.00116812,77.60973930,16,29159142,{'210-X': 16}
Chinnappa Garden,13.00302002,77.60353880,38,29159142,"{'266-N': 12, 'BELGS-35': 0, '119-B': 15, 'OASIS-3A': 1, 'OASIS-3B': 2, 'BEMLA-28': 2, 'SHS-10': 2, 'BEMLB-22': 4}"
Doddy Tannery Road,13.00257755,77.61206767,540,29159142,"{'SBS-AMC': 0, '290-EA': 0, '290-E SBS-PTH': 0, '291-N': 16, 'TR-4': 46, '290-EB KGR-YHK': 0, '253-A': 12, '290-M': 8, 'DPJN-JJN-NGW': 4, '290-A': 28, '290-H': 0, '290-RA': 5, '290-R': 13, '290-EB': 0, '290-QA': 18, '290-G': 0, '290-Q': 14, 'TR-4A': 10, '290-T': 11, '290-HA': 0, 'SBS-SDH': 2, '291-D': 22, '291-L': 3, '290-Z': 4, '290-P': 24, 'MBS-14': 10, 'SBS-JKR-ALSG-PTH': 1, 'CLO-RKH': 5, '291-K': 7, '291-A': 11, '291-E': 16, 'G-10': 0, '290 KBS-YLKOT': 2, '290-EY': 0, '290-KA KMT-PLG': 1, 'TR-4 JJN-PLG': 2, '290-QA NRG-RKHN': 1, '291-H': 21, '94E YPRTTMC-TRDBS': 1, '290-E STJHS-YLKOT': 0, 'KBS-NGVRJ-VNS': 1, '290-N': 40, '317-K': 0, '241-CD': 11, 'TR-4 KMT-NGV': 1, '290-C': 63, '290EY KMT-YHKOT': 0, '290-E SBS-NGW-KLN': 0, '290-E ITCF-YHKOT': 0, 'V-SBS-KNB': 1, 'BSK-KRP-ITI': 1, '348-F': 14, 'BMSIT-3': 1, '213-D': 6, 'SBS-RJP': 2, 'SBS-HTN': 1, '375-D': 80}"
Frazer Town,13.00095911,77.61294625,1227,29159142,"{'327-C': 14, 'NGW-DPJN': 6, 'SBS-D10G': 31, '295-D': 21, 'KBS-D10G': 8, '293-P': 12, '296-V': 13, 'D10G-MRG': 2, '290-D': 19, 'G-11': 35, '296-C': 18, 'KLN-LGP-SBS': 14, '292-E': 12, 'D10G-SBS': 6, '292-C': 30, '401-M NLO-CLO': 1, '291-J': 26, 'MGMS-KLN': 2, '292-D': 17, '293-H': 19, '290-J': 0, '292-B': 12, '293-A': 16, 'SBS-KLN': 27, '290-J MSP-SBS': 0, '294-F': 9, '294-B': 0, '294-E': 18, '294-H': 26, '295-A': 14, '296-N': 17, '293-R': 13, '293-S': 32, '293-K': 13, '296-A': 17, '296-B': 19, '296-D': 26, '296-K': 4, '293-F': 11, 'SBS-HNS': 3, '293-J': 11, 'SBS-RYL': 2, '327-D': 5, '295-C': 34, '295-E': 12, '295-B': 15, '295-G': 17, '294-A': 11, '293-B': 11, '294-C SBS-JTN': 32, 'SBS-CHLS': 2, '296-T': 17, 'KBS-LGP-CHLS': 1, 'SGH-SBS': 2, 'G-11 SNBS-BLR': 1, 'D10G-NGVR-JJN': 1, 'KMT-BLS-YPB': 1, '293-G': 30, '215-NB': 12, 'D10G-SOPHIA': 1, 'BMESU-HBL': 4, '302-D': 35, 'KLNB-BKC': 1, '348-H': 12, 'PTH-SBS1': 4, 'KMT-CHLS': 0, 'KLNB-LGP-BSK': 3, '293-N': 15, '296-Q': 23, '302 SBS-KLN': 3, '80-F': 35, '302 VSD-KLN': 4, '293-C OASIS-KMT': 1, '296-F': 10, 'KLNB-LGP-KBS': 2, '293-C': 32, '293-D': 12, '293-M': 11, '293-L': 11, 'JGF-2': 3, 'KLN-JJN': 1, '314-N': 26, 'K-6': 41, 'MSP-ARMYK': 1, 'HMNL-SJHS': 1, 'BMES-SBS': 3, 'KLNB-LGP-SBSP': 1, 'KLNB-LGP-SSMT': 1, 'ITPL-2A': 2, 'SBS-SMHSL': 3, '293 KBS-SMHS': 2, 'SHS-10': 2, '296 SBS-BMESL': 1, 'BCGHS-9': 2, 'VNS-03': 3, 'SJHS-9': 1, '302 BMT10-SBS': 2, 'BELGS-46': 2, 'BTP-27A': 2, '293-E': 10, 'OASIS-2B': 2, 'WTP-JVH-KRP': 1, '295-D SBS-BMT10': 1, '290-F': 0, 'TR-4 NGV-MRBS': 2, 'GDWC-BGL': 1, '129 KBS-BNWRS': 1, 'MBS-2': 17, '293 SBS-HMN': 7, '293 SBS-LGP-KLN': 4, 'VCS-ORRCA-112 ULSL-ORRCA': 2, '293G SBS-BMT48': 16, '293F KMT-BMT48': 6, '293S KBS-BMT48': 6, 'D10G-BMES': 1, 'MBS2 PTH-MRHSPG': 1, '293 BMT10-ARMY': 2, '295-KMT-D48': 2, '294-C BMT48-MGMS': 1, 'CRISTAL-3': 1, 'G11-BMT48-MGMS': 2, '294-D': 12, '293-S KBS-HNS': 2, 'HALM-SBS-BMES': 1, 'SVM-SBS-BMES': 1}"
Muslim Colony,13.01059863,77.61522169,724,29159142,"{'SBS-AMC': 0, '290-EA': 0, '290-E SBS-PTH': 0, '291-N': 16, 'TR-4': 46, '290-EB YHK-KGR': 0, '290-EB KGR-YHK': 0, 'NGW-DPJN': 6, '253-A': 12, '290-M': 8, 'DPJN-JJN-NGW': 4, '290-D': 19, '290-A': 28, '290-H': 0, '291-J': 26, '290-J': 0, '290-RA': 5, '290-R': 13, '290-J MSP-SBS': 0, '290-EB': 0, '290-QA': 18, '291-G': 20, '290-G': 0, '290-Q': 14, 'D10G-NGVR-JJN': 1, 'TR-4A': 10, '290-T': 11, '290-S': 13, '290-HA': 0, 'KLNB-BKC': 1, 'SBS-SDH': 2, 'PTH-SBS1': 4, '291-D': 22, '291-L': 3, '290-Z': 4, '290-P': 24, 'MBS-14': 10, 'SBS-JKR-ALSG-PTH': 1, 'CLO-RKH': 5, '291-K': 7, '291-A': 11, '291-E': 16, 'G-10': 0, '290 KBS-YLKOT': 2, '290-EY': 0, '291-R': 15, 'KLN-JJN': 1, '290-KA KMT-PLG': 1, 'TR-4 JJN-PLG': 2, '290-QA NRG-RKHN': 1, 'MSP-ARMYK': 1, '291-H': 21, '291-B': 2, '290-E STJHS-YLKOT': 0, 'KBS-NGVRJ-VNS': 1, '63 SBS-DPJN': 1, '290-F': 0, '290-N': 40, '317-K': 0, '241-CD': 11, 'TR-4 NGV-MRBS': 2, 'TR-4 KMT-NGV': 1, '290-C': 63, 'MBS-2': 17, '290EY KMT-YHKOT': 0, 'MBS2 PTH-MRHSPG': 1, '290-E SBS-NGW-KLN': 0, '290-E ITCF-YHKOT': 0, 'V-SBS-KNB': 1, '290-E': 52, 'PTH-SBS': 3, 'BSK-KRP-ITI': 1, '348-F': 14, 'BMSIT-3': 1, '213-D': 6, 'SBS-RJP': 2, 'SBS-HTN': 1, '375-D': 80}"
Periyar Nagara Circle Tannery Road,13.00864575,77.61331335,539,29159142,"{'SBS-AMC': 0, '290-EA': 0, '290-E SBS-PTH': 0, '291-N': 16, 'TR-4': 46, '290-EB KGR-YHK': 0, '253-A': 12, '290-M': 8, 'DPJN-JJN-NGW': 4, '290-A': 28, '290-H': 0, '290-RA': 5, '290-R': 13, '290-EB': 0, '290-QA': 18, '290-G': 0, '290-Q': 14, 'TR-4A': 10, '290-T': 11, '290-HA': 0, 'SBS-SDH': 2, '291-D': 22, '291-L': 3, '290-Z': 4, '290-P': 24, 'MBS-14': 10, 'SBS-JKR-ALSG-PTH': 1, 'CLO-RKH': 5, '291-K': 7, '291-A': 11, '291-E': 16, 'G-10': 0, '290 KBS-YLKOT': 2, '290-EY': 0, '290-KA KMT-PLG': 1, 'TR-4 JJN-PLG': 2, '290-QA NRG-RKHN': 1, '291-H': 21, '290-E STJHS-YLKOT': 0, 'KBS-NGVRJ-VNS': 1, '290-N': 40, '317-K': 0, '241-CD': 11, 'TR-4 KMT-NGV': 1, '290-C': 63, '290EY KMT-YHKOT': 0, '290-E SBS-NGW-KLN': 0, '290-E ITCF-YHKOT': 0, 'V-SBS-KNB': 1, 'BSK-KRP-ITI': 1, '348-F': 14, 'BMSIT-3': 1, '213-D': 6, 'SBS-RJP': 2, 'SBS-HTN': 1, '375-D': 80}"
Pottery Town,13.00243146,77.60914089,0,29159142,{}
Tannery Road Canara Bank,13.00680094,77.61247259,480,29159142,"{'SBS-AMC': 0, '290-EA': 0, '290-E SBS-PTH': 0, '291-N': 16, 'TR-4': 46, '290-EB KGR-YHK': 0, '253-A': 12, '290-M': 8, 'DPJN-JJN-NGW': 4, '290-A': 28, '290-R': 13, '290-EB': 0, '290-QA': 18, '290-G': 0, '290-Q': 14, 'TR-4A': 10, '290-T': 11, '290-HA': 0, '291-D': 22, '291-L': 3, '290-Z': 4, '290-P': 24, 'MBS-14': 10, 'SBS-JKR-ALSG-PTH': 1, 'CLO-RKH': 5, '291-K': 7, '291-A': 11, '291-E': 16, 'G-10': 0, '290 KBS-YLKOT': 2, '290-EY': 0, '290-KA KMT-PLG': 1, 'TR-4 JJN-PLG': 2, '290-QA NRG-RKHN': 1, '291-H': 21, '290-E STJHS-YLKOT': 0, 'KBS-NGVRJ-VNS': 1, '317-K': 0, 'TR-4 KMT-NGV': 1, '290-C': 63, '290EY KMT-YHKOT': 0, '290-E SBS-NGW-KLN': 0, '290-E ITCF-YHKOT': 0, 'V-SBS-KNB': 1, 'BSK-KRP-ITI': 1, '348-F': 14, '213-D': 6, 'SBS-RJP': 2, 'SBS-HTN': 1, '375-D': 80}"
Bilal Masjid Tanary Road,13.01178374,77.61654675,0,29159143,{}
Muslim Colony,13.01059863,77.61522169,724,29159143,"{'SBS-AMC': 0, '290-EA': 0, '290-E SBS-PTH': 0, '291-N': 16, 'TR-4': 46, '290-EB YHK-KGR': 0, '290-EB KGR-YHK': 0, 'NGW-DPJN': 6, '253-A': 12, '290-M': 8, 'DPJN-JJN-NGW': 4, '290-D': 19, '290-A': 28, '290-H': 0, '291-J': 26, '290-J': 0, '290-RA': 5, '290-R': 13, '290-J MSP-SBS': 0, '290-EB': 0, '290-QA': 18, '291-G': 20, '290-G': 0, '290-Q': 14, 'D10G-NGVR-JJN': 1, 'TR-4A': 10, '290-T': 11, '290-S': 13, '290-HA': 0, 'KLNB-BKC': 1, 'SBS-SDH': 2, 'PTH-SBS1': 4, '291-D': 22, '291-L': 3, '290-Z': 4, '290-P': 24, 'MBS-14': 10, 'SBS-JKR-ALSG-PTH': 1, 'CLO-RKH': 5, '291-K': 7, '291-A': 11, '291-E': 16, 'G-10': 0, '290 KBS-YLKOT': 2, '290-EY': 0, '291-R': 15, 'KLN-JJN': 1, '290-KA KMT-PLG': 1, 'TR-4 JJN-PLG': 2, '290-QA NRG-RKHN': 1, 'MSP-ARMYK': 1, '291-H': 21, '291-B': 2, '290-E STJHS-YLKOT': 0, 'KBS-NGVRJ-VNS': 1, '63 SBS-DPJN': 1, '290-F': 0, '290-N': 40, '317-K': 0, '241-CD': 11, 'TR-4 NGV-MRBS': 2, 'TR-4 KMT-NGV': 1, '290-C': 63, 'MBS-2': 17, '290EY KMT-YHKOT': 0, 'MBS2 PTH-MRHSPG': 1, '290-E SBS-NGW-KLN': 0, '290-E ITCF-YHKOT': 0, 'V-SBS-KNB': 1, '290-E': 52, 'PTH-SBS': 3, 'BSK-KRP-ITI': 1, '348-F': 14, 'BMSIT-3': 1, '213-D': 6, 'SBS-RJP': 2, 'SBS-HTN': 1, '375-D': 80}"
P,13.01211563,77.61606932,523,29159143,"{'290-EA': 0, '290-E SBS-PTH': 0, '291-N': 16, 'TR-4': 46, '290-EB KGR-YHK': 0, '253-A': 12, '290-M': 8, 'DPJN-JJN-NGW': 4, '290-A': 28, '290-RA': 5, '290-R': 13, '290-EB': 0, '290-QA': 18, '290-Q': 14, 'TR-4A': 10, '290-T': 11, '290-HA': 0, '291-D': 22, '291-L': 3, '290-Z': 4, '290-P': 24, 'MBS-14': 10, 'SBS-JKR-ALSG-PTH': 1, 'CLO-RKH': 5, '291-K': 7, '291-A': 11, '291-E': 16, 'G-10': 0, '290 KBS-YLKOT': 2, '290-EY': 0, '290-QA NRG-RKHN': 1, '291-H': 21, '290-E STJHS-YLKOT': 0, 'KBS-NGVRJ-VNS': 1, '290-N': 40, '317-K': 0, 'TR-4 KMT-NGV': 1, '290-C': 63, '290EY KMT-YHKOT': 0, '290-E SBS-NGW-KLN': 0, '290-E ITCF-YHKOT': 0, 'V-SBS-KNB': 1, 'BSK-KRP-ITI': 1, '348-F': 14, 'BMSIT-3': 1, '213-D': 6, 'SBS-RJP': 2, 'SBS-HTN': 1, '375-D': 80}"
Periyar Nagara Circle Tannery Road,13.00864575,77.61331335,539,29159143,"{'SBS-AMC': 0, '290-EA': 0, '290-E SBS-PTH': 0, '291-N': 16, 'TR-4': 46, '290-EB KGR-YHK': 0, '253-A': 12, '290-M': 8, 'DPJN-JJN-NGW': 4, '290-A': 28, '290-H': 0, '290-RA': 5, '290-R': 13, '290-EB': 0, '290-QA': 18, '290-G': 0, '290-Q': 14, 'TR-4A': 10, '290-T': 11, '290-HA': 0, 'SBS-SDH': 2, '291-D': 22, '291-L': 3, '290-Z': 4, '290-P': 24, 'MBS-14': 10, 'SBS-JKR-ALSG-PTH': 1, 'CLO-RKH': 5, '291-K': 7, '291-A': 11, '291-E': 16, 'G-10': 0, '290 KBS-YLKOT': 2, '290-EY': 0, '290-KA KMT-PLG': 1, 'TR-4 JJN-PLG': 2, '290-QA NRG-RKHN': 1, '291-H': 21, '290-E STJHS-YLKOT': 0, 'KBS-NGVRJ-VNS': 1, '290-N': 40, '317-K': 0, '241-CD': 11, 'TR-4 KMT-NGV': 1, '290-C': 63, '290EY KMT-YHKOT': 0, '290-E SBS-NGW-KLN': 0, '290-E ITCF-YHKOT': 0, 'V-SBS-KNB': 1, 'BSK-KRP-ITI': 1, '348-F': 14, 'BMSIT-3': 1, '213-D': 6, 'SBS-RJP': 2, 'SBS-HTN': 1, '375-D': 80}"
Pillanna Garden 9th Main,13.01192877,77.61757806,3,29159143,"{'290-KA KMT-PLG': 1, 'TR-4 JJN-PLG': 2}"
Tannery Road Canara Bank,13.00680094,77.61247259,480,29159143,"{'SBS-AMC': 0, '290-EA': 0, '290-E SBS-PTH': 0, '291-N': 16, 'TR-4': 46, '290-EB KGR-YHK': 0, '253-A': 12, '290-M': 8, 'DPJN-JJN-NGW': 4, '290-A': 28, '290-R': 13, '290-EB': 0, '290-QA': 18, '290-G': 0, '290-Q': 14, 'TR-4A': 10, '290-T': 11, '290-HA': 0, '291-D': 22, '291-L': 3, '290-Z': 4, '290-P': 24, 'MBS-14': 10, 'SBS-JKR-ALSG-PTH': 1, 'CLO-RKH': 5, '291-K': 7, '291-A': 11, '291-E': 16, 'G-10': 0, '290 KBS-YLKOT': 2, '290-EY': 0, '290-KA KMT-PLG': 1, 'TR-4 JJN-PLG': 2, '290-QA NRG-RKHN': 1, '291-H': 21, '290-E STJHS-YLKOT': 0, 'KBS-NGVRJ-VNS': 1, '317-K': 0, 'TR-4 KMT-NGV': 1, '290-C': 63, '290EY KMT-YHKOT': 0, '290-E SBS-NGW-KLN': 0, '290-E ITCF-YHKOT': 0, 'V-SBS-KNB': 1, 'BSK-KRP-ITI': 1, '348-F': 14, '213-D': 6, 'SBS-RJP': 2, 'SBS-HTN': 1, '375-D': 80}"
Bilal Masjid Tanary Road,13.01178374,77.61654675,0,29159144,{}
Muslim Colony,13.01059863,77.61522169,724,29159144,"{'SBS-AMC': 0, '290-EA': 0, '290-E SBS-PTH': 0, '291-N': 16, 'TR-4': 46, '290-EB YHK-KGR': 0, '290-EB KGR-YHK': 0, 'NGW-DPJN': 6, '253-A': 12, '290-M': 8, 'DPJN-JJN-NGW': 4, '290-D': 19, '290-A': 28, '290-H': 0, '291-J': 26, '290-J': 0, '290-RA': 5, '290-R': 13, '290-J MSP-SBS': 0, '290-EB': 0, '290-QA': 18, '291-G': 20, '290-G': 0, '290-Q': 14, 'D10G-NGVR-JJN': 1, 'TR-4A': 10, '290-T': 11, '290-S': 13, '290-HA': 0, 'KLNB-BKC': 1, 'SBS-SDH': 2, 'PTH-SBS1': 4, '291-D': 22, '291-L': 3, '290-Z': 4, '290-P': 24, 'MBS-14': 10, 'SBS-JKR-ALSG-PTH': 1, 'CLO-RKH': 5, '291-K': 7, '291-A': 11, '291-E': 16, 'G-10': 0, '290 KBS-YLKOT': 2, '290-EY': 0, '291-R': 15, 'KLN-JJN': 1, '290-KA KMT-PLG': 1, 'TR-4 JJN-PLG': 2, '290-QA NRG-RKHN': 1, 'MSP-ARMYK': 1, '291-H': 21, '291-B': 2, '290-E STJHS-YLKOT': 0, 'KBS-NGVRJ-VNS': 1, '63 SBS-DPJN': 1, '290-F': 0, '290-N': 40, '317-K': 0, '241-CD': 11, 'TR-4 NGV-MRBS': 2, 'TR-4 KMT-NGV': 1, '290-C': 63, 'MBS-2': 17, '290EY KMT-YHKOT': 0, 'MBS2 PTH-MRHSPG': 1, '290-E SBS-NGW-KLN': 0, '290-E ITCF-YHKOT': 0, 'V-SBS-KNB': 1, '290-E': 52, 'PTH-SBS': 3, 'BSK-KRP-ITI': 1, '348-F': 14, 'BMSIT-3': 1, '213-D': 6, 'SBS-RJP': 2, 'SBS-HTN': 1, '375-D': 80}"
P,13.01211563,77.61606932,523,29159144,"{'290-EA': 0, '290-E SBS-PTH': 0, '291-N': 16, 'TR-4': 46, '290-EB KGR-YHK': 0, '253-A': 12, '290-M': 8, 'DPJN-JJN-NGW': 4, '290-A': 28, '290-RA': 5, '290-R': 13, '290-EB': 0, '290-QA': 18, '290-Q': 14, 'TR-4A': 10, '290-T': 11, '290-HA': 0, '291-D': 22, '291-L': 3, '290-Z': 4, '290-P': 24, 'MBS-14': 10, 'SBS-JKR-ALSG-PTH': 1, 'CLO-RKH': 5, '291-K': 7, '291-A': 11, '291-E': 16, 'G-10': 0, '290 KBS-YLKOT': 2, '290-EY': 0, '290-QA NRG-RKHN': 1, '291-H': 21, '290-E STJHS-YLKOT': 0, 'KBS-NGVRJ-VNS': 1, '290-N': 40, '317-K': 0, 'TR-4 KMT-NGV': 1, '290-C': 63, '290EY KMT-YHKOT': 0, '290-E SBS-NGW-KLN': 0, '290-E ITCF-YHKOT': 0, 'V-SBS-KNB': 1, 'BSK-KRP-ITI': 1, '348-F': 14, 'BMSIT-3': 1, '213-D': 6, 'SBS-RJP': 2, 'SBS-HTN': 1, '375-D': 80}"
Periyar Nagara Circle Tannery Road,13.00864575,77.61331335,539,29159144,"{'SBS-AMC': 0, '290-EA': 0, '290-E SBS-PTH': 0, '291-N': 16, 'TR-4': 46, '290-EB KGR-YHK': 0, '253-A': 12, '290-M': 8, 'DPJN-JJN-NGW': 4, '290-A': 28, '290-H': 0, '290-RA': 5, '290-R': 13, '290-EB': 0, '290-QA': 18, '290-G': 0, '290-Q': 14, 'TR-4A': 10, '290-T': 11, '290-HA': 0, 'SBS-SDH': 2, '291-D': 22, '291-L': 3, '290-Z': 4, '290-P': 24, 'MBS-14': 10, 'SBS-JKR-ALSG-PTH': 1, 'CLO-RKH': 5, '291-K': 7, '291-A': 11, '291-E': 16, 'G-10': 0, '290 KBS-YLKOT': 2, '290-EY': 0, '290-KA KMT-PLG': 1, 'TR-4 JJN-PLG': 2, '290-QA NRG-RKHN': 1, '291-H': 21, '290-E STJHS-YLKOT': 0, 'KBS-NGVRJ-VNS': 1, '290-N': 40, '317-K': 0, '241-CD': 11, 'TR-4 KMT-NGV': 1, '290-C': 63, '290EY KMT-YHKOT': 0, '290-E SBS-NGW-KLN': 0, '290-E ITCF-YHKOT': 0, 'V-SBS-KNB': 1, 'BSK-KRP-ITI': 1, '348-F': 14, 'BMSIT-3': 1, '213-D': 6, 'SBS-RJP': 2, 'SBS-HTN': 1, '375-D': 80}"
Tannery Road Canara Bank,13.00680094,77.61247259,480,29159144,"{'SBS-AMC': 0, '290-EA': 0, '290-E SBS-PTH': 0, '291-N': 16, 'TR-4': 46, '290-EB KGR-YHK': 0, '253-A': 12, '290-M': 8, 'DPJN-JJN-NGW': 4, '290-A': 28, '290-R': 13, '290-EB': 0, '290-QA': 18, '290-G': 0, '290-Q': 14, 'TR-4A': 10, '290-T': 11, '290-HA': 0, '291-D': 22, '291-L': 3, '290-Z': 4, '290-P': 24, 'MBS-14': 10, 'SBS-JKR-ALSG-PTH': 1, 'CLO-RKH': 5, '291-K': 7, '291-A': 11, '291-E': 16, 'G-10': 0, '290 KBS-YLKOT': 2, '290-EY': 0, '290-KA KMT-PLG': 1, 'TR-4 JJN-PLG': 2, '290-QA NRG-RKHN': 1, '291-H': 21, '290-E STJHS-YLKOT': 0, 'KBS-NGVRJ-VNS': 1, '317-K': 0, 'TR-4 KMT-NGV': 1, '290-C': 63, '290EY KMT-YHKOT': 0, '290-E SBS-NGW-KLN': 0, '290-E ITCF-YHKOT': 0, 'V-SBS-KNB': 1, 'BSK-KRP-ITI': 1, '348-F': 14, '213-D': 6, 'SBS-RJP': 2, 'SBS-HTN': 1, '375-D': 80}"
Muslim Colony,13.01059863,77.61522169,724,29159145,"{'SBS-AMC': 0, '290-EA': 0, '290-E SBS-PTH': 0, '291-N': 16, 'TR-4': 46, '290-EB YHK-KGR': 0, '290-EB KGR-YHK': 0, 'NGW-DPJN': 6, '253-A': 12, '290-M': 8, 'DPJN-JJN-NGW': 4, '290-D': 19, '290-A': 28, '290-H': 0, '291-J': 26, '290-J': 0, '290-RA': 5, '290-R': 13, '290-J MSP-SBS': 0, '290-EB': 0, '290-QA': 18, '291-G': 20, '290-G': 0, '290-Q': 14, 'D10G-NGVR-JJN': 1, 'TR-4A': 10, '290-T': 11, '290-S': 13, '290-HA': 0, 'KLNB-BKC': 1, 'SBS-SDH': 2, 'PTH-SBS1': 4, '291-D': 22, '291-L': 3, '290-Z': 4, '290-P': 24, 'MBS-14': 10, 'SBS-JKR-ALSG-PTH': 1, 'CLO-RKH': 5, '291-K': 7, '291-A': 11, '291-E': 16, 'G-10': 0, '290 KBS-YLKOT': 2, '290-EY': 0, '291-R': 15, 'KLN-JJN': 1, '290-KA KMT-PLG': 1, 'TR-4 JJN-PLG': 2, '290-QA NRG-RKHN': 1, 'MSP-ARMYK': 1, '291-H': 21, '291-B': 2, '290-E STJHS-YLKOT': 0, 'KBS-NGVRJ-VNS': 1, '63 SBS-DPJN': 1, '290-F': 0, '290-N': 40, '317-K': 0, '241-CD': 11, 'TR-4 NGV-MRBS': 2, 'TR-4 KMT-NGV': 1, '290-C': 63, 'MBS-2': 17, '290EY KMT-YHKOT': 0, 'MBS2 PTH-MRHSPG': 1, '290-E SBS-NGW-KLN': 0, '290-E ITCF-YHKOT': 0, 'V-SBS-KNB': 1, '290-E': 52, 'PTH-SBS': 3, 'BSK-KRP-ITI': 1, '348-F': 14, 'BMSIT-3': 1, '213-D': 6, 'SBS-RJP': 2, 'SBS-HTN': 1, '375-D': 80}"
Periyar Nagara Circle Tannery Road,13.00864575,77.61331335,539,29159145,"{'SBS-AMC': 0, '290-EA': 0, '290-E SBS-PTH': 0, '291-N': 16, 'TR-4': 46, '290-EB KGR-YHK': 0, '253-A': 12, '290-M': 8, 'DPJN-JJN-NGW': 4, '290-A': 28, '290-H': 0, '290-RA': 5, '290-R': 13, '290-EB': 0, '290-QA': 18, '290-G': 0, '290-Q': 14, 'TR-4A': 10, '290-T': 11, '290-HA': 0, 'SBS-SDH': 2, '291-D': 22, '291-L': 3, '290-Z': 4, '290-P': 24, 'MBS-14': 10, 'SBS-JKR-ALSG-PTH': 1, 'CLO-RKH': 5, '291-K': 7, '291-A': 11, '291-E': 16, 'G-10': 0, '290 KBS-YLKOT': 2, '290-EY': 0, '290-KA KMT-PLG': 1, 'TR-4 JJN-PLG': 2, '290-QA NRG-RKHN': 1, '291-H': 21, '290-E STJHS-YLKOT': 0, 'KBS-NGVRJ-VNS': 1, '290-N': 40, '317-K': 0, '241-CD': 11, 'TR-4 KMT-NGV': 1, '290-C': 63, '290EY KMT-YHKOT': 0, '290-E SBS-NGW-KLN': 0, '290-E ITCF-YHKOT': 0, 'V-SBS-KNB': 1, 'BSK-KRP-ITI': 1, '348-F': 14, 'BMSIT-3': 1, '213-D': 6, 'SBS-RJP': 2, 'SBS-HTN': 1, '375-D': 80}"
Tannery Road Canara Bank,13.00680094,77.61247259,480,29159145,"{'SBS-AMC': 0, '290-EA': 0, '290-E SBS-PTH': 0, '291-N': 16, 'TR-4': 46, '290-EB KGR-YHK': 0, '253-A': 12, '290-M': 8, 'DPJN-JJN-NGW': 4, '290-A': 28, '290-R': 13, '290-EB': 0, '290-QA': 18, '290-G': 0, '290-Q': 14, 'TR-4A': 10, '290-T': 11, '290-HA': 0, '291-D': 22, '291-L': 3, '290-Z': 4, '290-P': 24, 'MBS-14': 10, 'SBS-JKR-ALSG-PTH': 1, 'CLO-RKH': 5, '291-K': 7, '291-A': 11, '291-E': 16, 'G-10': 0, '290 KBS-YLKOT': 2, '290-EY': 0, '290-KA KMT-PLG': 1, 'TR-4 JJN-PLG': 2, '290-QA NRG-RKHN': 1, '291-H': 21, '290-E STJHS-YLKOT': 0, 'KBS-NGVRJ-VNS': 1, '317-K': 0, 'TR-4 KMT-NGV': 1, '290-C': 63, '290EY KMT-YHKOT': 0, '290-E SBS-NGW-KLN': 0, '290-E ITCF-YHKOT': 0, 'V-SBS-KNB': 1, 'BSK-KRP-ITI': 1, '348-F': 14, '213-D': 6, 'SBS-RJP': 2, 'SBS-HTN': 1, '375-D': 80}"
Muslim Colony,13.01059863,77.61522169,724,29159146,"{'SBS-AMC': 0, '290-EA': 0, '290-E SBS-PTH': 0, '291-N': 16, 'TR-4': 46, '290-EB YHK-KGR': 0, '290-EB KGR-YHK': 0, 'NGW-DPJN': 6, '253-A': 12, '290-M': 8, 'DPJN-JJN-NGW': 4, '290-D': 19, '290-A': 28, '290-H': 0, '291-J': 26, '290-J': 0, '290-RA': 5, '290-R': 13, '290-J MSP-SBS': 0, '290-EB': 0, '290-QA': 18, '291-G': 20, '290-G': 0, '290-Q': 14, 'D10G-NGVR-JJN': 1, 'TR-4A': 10, '290-T': 11, '290-S': 13, '290-HA': 0, 'KLNB-BKC': 1, 'SBS-SDH': 2, 'PTH-SBS1': 4, '291-D': 22, '291-L': 3, '290-Z': 4, '290-P': 24, 'MBS-14': 10, 'SBS-JKR-ALSG-PTH': 1, 'CLO-RKH': 5, '291-K': 7, '291-A': 11, '291-E': 16, 'G-10': 0, '290 KBS-YLKOT': 2, '290-EY': 0, '291-R': 15, 'KLN-JJN': 1, '290-KA KMT-PLG': 1, 'TR-4 JJN-PLG': 2, '290-QA NRG-RKHN': 1, 'MSP-ARMYK': 1, '291-H': 21, '291-B': 2, '290-E STJHS-YLKOT': 0, 'KBS-NGVRJ-VNS': 1, '63 SBS-DPJN': 1, '290-F': 0, '290-N': 40, '317-K': 0, '241-CD': 11, 'TR-4 NGV-MRBS': 2, 'TR-4 KMT-NGV': 1, '290-C': 63, 'MBS-2': 17, '290EY KMT-YHKOT': 0, 'MBS2 PTH-MRHSPG': 1, '290-E SBS-NGW-KLN': 0, '290-E ITCF-YHKOT': 0, 'V-SBS-KNB': 1, '290-E': 52, 'PTH-SBS': 3, 'BSK-KRP-ITI': 1, '348-F': 14, 'BMSIT-3': 1, '213-D': 6, 'SBS-RJP': 2, 'SBS-HTN': 1, '375-D': 80}"
Periyar Nagara Circle Tannery Road,13.00864575,77.61331335,539,29159146,"{'SBS-AMC': 0, '290-EA': 0, '290-E SBS-PTH': 0, '291-N': 16, 'TR-4': 46, '290-EB KGR-YHK': 0, '253-A': 12, '290-M': 8, 'DPJN-JJN-NGW': 4, '290-A': 28, '290-H': 0, '290-RA': 5, '290-R': 13, '290-EB': 0, '290-QA': 18, '290-G': 0, '290-Q': 14, 'TR-4A': 10, '290-T': 11, '290-HA': 0, 'SBS-SDH': 2, '291-D': 22, '291-L': 3, '290-Z': 4, '290-P': 24, 'MBS-14': 10, 'SBS-JKR-ALSG-PTH': 1, 'CLO-RKH': 5, '291-K': 7, '291-A': 11, '291-E': 16, 'G-10': 0, '290 KBS-YLKOT': 2, '290-EY': 0, '290-KA KMT-PLG': 1, 'TR-4 JJN-PLG': 2, '290-QA NRG-RKHN': 1, '291-H': 21, '290-E STJHS-YLKOT': 0, 'KBS-NGVRJ-VNS': 1, '290-N': 40, '317-K': 0, '241-CD': 11, 'TR-4 KMT-NGV': 1, '290-C': 63, '290EY KMT-YHKOT': 0, '290-E SBS-NGW-KLN': 0, '290-E ITCF-YHKOT': 0, 'V-SBS-KNB': 1, 'BSK-KRP-ITI': 1, '348-F': 14, 'BMSIT-3': 1, '213-D': 6, 'SBS-RJP': 2, 'SBS-HTN': 1, '375-D': 80}"
Tannery Road Canara Bank,13.00680094,77.61247259,480,29159146,"{'SBS-AMC': 0, '290-EA': 0, '290-E SBS-PTH': 0, '291-N': 16, 'TR-4': 46, '290-EB KGR-YHK': 0, '253-A': 12, '290-M': 8, 'DPJN-JJN-NGW': 4, '290-A': 28, '290-R': 13, '290-EB': 0, '290-QA': 18, '290-G': 0, '290-Q': 14, 'TR-4A': 10, '290-T': 11, '290-HA': 0, '291-D': 22, '291-L': 3, '290-Z': 4, '290-P': 24, 'MBS-14': 10, 'SBS-JKR-ALSG-PTH': 1, 'CLO-RKH': 5, '291-K': 7, '291-A': 11, '291-E': 16, 'G-10': 0, '290 KBS-YLKOT': 2, '290-EY': 0, '290-KA KMT-PLG': 1, 'TR-4 JJN-PLG': 2, '290-QA NRG-RKHN': 1, '291-H': 21, '290-E STJHS-YLKOT': 0, 'KBS-NGVRJ-VNS': 1, '317-K': 0, 'TR-4 KMT-NGV': 1, '290-C': 63, '290EY KMT-YHKOT': 0, '290-E SBS-NGW-KLN': 0, '290-E ITCF-YHKOT': 0, 'V-SBS-KNB': 1, 'BSK-KRP-ITI': 1, '348-F': 14, '213-D': 6, 'SBS-RJP': 2, 'SBS-HTN': 1, '375-D': 80}"
Bilal Masjid Tanary Road,13.01178374,77.61654675,0,29159147,{}
Muslim Colony,13.01059863,77.61522169,724,29159147,"{'SBS-AMC': 0, '290-EA': 0, '290-E SBS-PTH': 0, '291-N': 16, 'TR-4': 46, '290-EB YHK-KGR': 0, '290-EB KGR-YHK': 0, 'NGW-DPJN': 6, '253-A': 12, '290-M': 8, 'DPJN-JJN-NGW': 4, '290-D': 19, '290-A': 28, '290-H': 0, '291-J': 26, '290-J': 0, '290-RA': 5, '290-R': 13, '290-J MSP-SBS': 0, '290-EB': 0, '290-QA': 18, '291-G': 20, '290-G': 0, '290-Q': 14, 'D10G-NGVR-JJN': 1, 'TR-4A': 10, '290-T': 11, '290-S': 13, '290-HA': 0, 'KLNB-BKC': 1, 'SBS-SDH': 2, 'PTH-SBS1': 4, '291-D': 22, '291-L': 3, '290-Z': 4, '290-P': 24, 'MBS-14': 10, 'SBS-JKR-ALSG-PTH': 1, 'CLO-RKH': 5, '291-K': 7, '291-A': 11, '291-E': 16, 'G-10': 0, '290 KBS-YLKOT': 2, '290-EY': 0, '291-R': 15, 'KLN-JJN': 1, '290-KA KMT-PLG': 1, 'TR-4 JJN-PLG': 2, '290-QA NRG-RKHN': 1, 'MSP-ARMYK': 1, '291-H': 21, '291-B': 2, '290-E STJHS-YLKOT': 0, 'KBS-NGVRJ-VNS': 1, '63 SBS-DPJN': 1, '290-F': 0, '290-N': 40, '317-K': 0, '241-CD': 11, 'TR-4 NGV-MRBS': 2, 'TR-4 KMT-NGV': 1, '290-C': 63, 'MBS-2': 17, '290EY KMT-YHKOT': 0, 'MBS2 PTH-MRHSPG': 1, '290-E SBS-NGW-KLN': 0, '290-E ITCF-YHKOT': 0, 'V-SBS-KNB': 1, '290-E': 52, 'PTH-SBS': 3, 'BSK-KRP-ITI': 1, '348-F': 14, 'BMSIT-3': 1, '213-D': 6, 'SBS-RJP': 2, 'SBS-HTN': 1, '375-D': 80}"
P,13.01211563,77.61606932,523,29159147,"{'290-EA': 0, '290-E SBS-PTH': 0, '291-N': 16, 'TR-4': 46, '290-EB KGR-YHK': 0, '253-A': 12, '290-M': 8, 'DPJN-JJN-NGW': 4, '290-A': 28, '290-RA': 5, '290-R': 13, '290-EB': 0, '290-QA': 18, '290-Q': 14, 'TR-4A': 10, '290-T': 11, '290-HA': 0, '291-D': 22, '291-L': 3, '290-Z': 4, '290-P': 24, 'MBS-14': 10, 'SBS-JKR-ALSG-PTH': 1, 'CLO-RKH': 5, '291-K': 7, '291-A': 11, '291-E': 16, 'G-10': 0, '290 KBS-YLKOT': 2, '290-EY': 0, '290-QA NRG-RKHN': 1, '291-H': 21, '290-E STJHS-YLKOT': 0, 'KBS-NGVRJ-VNS': 1, '290-N': 40, '317-K': 0, 'TR-4 KMT-NGV': 1, '290-C': 63, '290EY KMT-YHKOT': 0, '290-E SBS-NGW-KLN': 0, '290-E ITCF-YHKOT': 0, 'V-SBS-KNB': 1, 'BSK-KRP-ITI': 1, '348-F': 14, 'BMSIT-3': 1, '213-D': 6, 'SBS-RJP': 2, 'SBS-HTN': 1, '375-D': 80}"
Periyar Nagara Circle Tannery Road,13.00864575,77.61331335,539,29159147,"{'SBS-AMC': 0, '290-EA': 0, '290-E SBS-PTH': 0, '291-N': 16, 'TR-4': 46, '290-EB KGR-YHK': 0, '253-A': 12, '290-M': 8, 'DPJN-JJN-NGW': 4, '290-A': 28, '290-H': 0, '290-RA': 5, '290-R': 13, '290-EB': 0, '290-QA': 18, '290-G': 0, '290-Q': 14, 'TR-4A': 10, '290-T': 11, '290-HA': 0, 'SBS-SDH': 2, '291-D': 22, '291-L': 3, '290-Z': 4, '290-P': 24, 'MBS-14': 10, 'SBS-JKR-ALSG-PTH': 1, 'CLO-RKH': 5, '291-K': 7, '291-A': 11, '291-E': 16, 'G-10': 0, '290 KBS-YLKOT': 2, '290-EY': 0, '290-KA KMT-PLG': 1, 'TR-4 JJN-PLG': 2, '290-QA NRG-RKHN': 1, '291-H': 21, '290-E STJHS-YLKOT': 0, 'KBS-NGVRJ-VNS': 1, '290-N': 40, '317-K': 0, '241-CD': 11, 'TR-4 KMT-NGV': 1, '290-C': 63, '290EY KMT-YHKOT': 0, '290-E SBS-NGW-KLN': 0, '290-E ITCF-YHKOT': 0, 'V-SBS-KNB': 1, 'BSK-KRP-ITI': 1, '348-F': 14, 'BMSIT-3': 1, '213-D': 6, 'SBS-RJP': 2, 'SBS-HTN': 1, '375-D': 80}"
Tannery Road Canara Bank,13.00680094,77.61247259,480,29159147,"{'SBS-AMC': 0, '290-EA': 0, '290-E SBS-PTH': 0, '291-N': 16, 'TR-4': 46, '290-EB KGR-YHK': 0, '253-A': 12, '290-M': 8, 'DPJN-JJN-NGW': 4, '290-A': 28, '290-R': 13, '290-EB': 0, '290-QA': 18, '290-G': 0, '290-Q': 14, 'TR-4A': 10, '290-T': 11, '290-HA': 0, '291-D': 22, '291-L': 3, '290-Z': 4, '290-P': 24, 'MBS-14': 10, 'SBS-JKR-ALSG-PTH': 1, 'CLO-RKH': 5, '291-K': 7, '291-A': 11, '291-E': 16, 'G-10': 0, '290 KBS-YLKOT': 2, '290-EY': 0, '290-KA KMT-PLG': 1, 'TR-4 JJN-PLG': 2, '290-QA NRG-RKHN': 1, '291-H': 21, '290-E STJHS-YLKOT': 0, 'KBS-NGVRJ-VNS': 1, '317-K': 0, 'TR-4 KMT-NGV': 1, '290-C': 63, '290EY KMT-YHKOT': 0, '290-E SBS-NGW-KLN': 0, '290-E ITCF-YHKOT': 0, 'V-SBS-KNB': 1, 'BSK-KRP-ITI': 1, '348-F': 14, '213-D': 6, 'SBS-RJP': 2, 'SBS-HTN': 1, '375-D': 80}"
Modhi Garden Kavakbyrasandra,13.01722563,77.60745842,9,29159148,{'111-C KBS-MDG': 9}
Modhi Garden Kavakbyrasandra,13.01722563,77.60745842,9,29159149,{'111-C KBS-MDG': 9}
Kaval Byrasandra,13.01970724,77.60760896,241,29159150,"{'111-C': 59, 'RTNPS-KBR': 3, 'KVB-NVG': 5, 'KBR-SJHS': 1, 'HBL-KBR': 1, '176 KBR-VTTMC': 1, '342-U': 6, '144-K D06G-KVLB': 1, '144-K': 23, 'VSD-KBR': 1, '300-V': 4, '176 CLO-KBR': 3, 'KVBR-HBL-CHSC': 3, 'KBR-KRM': 1, '241-T': 7, 'KRM-KBR': 2, '176-E': 10, 'BEMLA-7': 2, '176-A': 14, 'KVLB-VNS': 1, 'BVNR-KVBL': 1, 'SPHS-BMT14': 1, 'CRISTAL-5': 3, 'SOPHIYA-3': 2, '242-R': 9, 'YTTMC-MMLKB': 1, 'BELGS-55': 3, '176-E VTTMC-KBR': 1, '79-B': 27, '256-MB': 6, '112-A': 24, '230-A': 12}"
Modhi Garden Kavakbyrasandra,13.01722563,77.60745842,9,29159150,{'111-C KBS-MDG': 9}
Periyar Nagara Circle Tannery Road,13.00864575,77.61331335,539,29159152,"{'SBS-AMC': 0, '290-EA': 0, '290-E SBS-PTH': 0, '291-N': 16, 'TR-4': 46, '290-EB KGR-YHK': 0, '253-A': 12, '290-M': 8, 'DPJN-JJN-NGW': 4, '290-A': 28, '290-H': 0, '290-RA': 5, '290-R': 13, '290-EB': 0, '290-QA': 18, '290-G': 0, '290-Q': 14, 'TR-4A': 10, '290-T': 11, '290-HA': 0, 'SBS-SDH': 2, '291-D': 22, '291-L': 3, '290-Z': 4, '290-P': 24, 'MBS-14': 10, 'SBS-JKR-ALSG-PTH': 1, 'CLO-RKH': 5, '291-K': 7, '291-A': 11, '291-E': 16, 'G-10': 0, '290 KBS-YLKOT': 2, '290-EY': 0, '290-KA KMT-PLG': 1, 'TR-4 JJN-PLG': 2, '290-QA NRG-RKHN': 1, '291-H': 21, '290-E STJHS-YLKOT': 0, 'KBS-NGVRJ-VNS': 1, '290-N': 40, '317-K': 0, '241-CD': 11, 'TR-4 KMT-NGV': 1, '290-C': 63, '290EY KMT-YHKOT': 0, '290-E SBS-NGW-KLN': 0, '290-E ITCF-YHKOT': 0, 'V-SBS-KNB': 1, 'BSK-KRP-ITI': 1, '348-F': 14, 'BMSIT-3': 1, '213-D': 6, 'SBS-RJP': 2, 'SBS-HTN': 1, '375-D': 80}"
Periyar Nagara Circle Tannery Road,13.00864575,77.61331335,539,29159153,"{'SBS-AMC': 0, '290-EA': 0, '290-E SBS-PTH': 0, '291-N': 16, 'TR-4': 46, '290-EB KGR-YHK': 0, '253-A': 12, '290-M': 8, 'DPJN-JJN-NGW': 4, '290-A': 28, '290-H': 0, '290-RA': 5, '290-R': 13, '290-EB': 0, '290-QA': 18, '290-G': 0, '290-Q': 14, 'TR-4A': 10, '290-T': 11, '290-HA': 0, 'SBS-SDH': 2, '291-D': 22, '291-L': 3, '290-Z': 4, '290-P': 24, 'MBS-14': 10, 'SBS-JKR-ALSG-PTH': 1, 'CLO-RKH': 5, '291-K': 7, '291-A': 11, '291-E': 16, 'G-10': 0, '290 KBS-YLKOT': 2, '290-EY': 0, '290-KA KMT-PLG': 1, 'TR-4 JJN-PLG': 2, '290-QA NRG-RKHN': 1, '291-H': 21, '290-E STJHS-YLKOT': 0, 'KBS-NGVRJ-VNS': 1, '290-N': 40, '317-K': 0, '241-CD': 11, 'TR-4 KMT-NGV': 1, '290-C': 63, '290EY KMT-YHKOT': 0, '290-E SBS-NGW-KLN': 0, '290-E ITCF-YHKOT': 0, 'V-SBS-KNB': 1, 'BSK-KRP-ITI': 1, '348-F': 14, 'BMSIT-3': 1, '213-D': 6, 'SBS-RJP': 2, 'SBS-HTN': 1, '375-D': 80}"
Tannery Road Canara Bank,13.00680094,77.61247259,480,29159153,"{'SBS-AMC': 0, '290-EA': 0, '290-E SBS-PTH': 0, '291-N': 16, 'TR-4': 46, '290-EB KGR-YHK': 0, '253-A': 12, '290-M': 8, 'DPJN-JJN-NGW': 4, '290-A': 28, '290-R': 13, '290-EB': 0, '290-QA': 18, '290-G': 0, '290-Q': 14, 'TR-4A': 10, '290-T': 11, '290-HA': 0, '291-D': 22, '291-L': 3, '290-Z': 4, '290-P': 24, 'MBS-14': 10, 'SBS-JKR-ALSG-PTH': 1, 'CLO-RKH': 5, '291-K': 7, '291-A': 11, '291-E': 16, 'G-10': 0, '290 KBS-YLKOT': 2, '290-EY': 0, '290-KA KMT-PLG': 1, 'TR-4 JJN-PLG': 2, '290-QA NRG-RKHN': 1, '291-H': 21, '290-E STJHS-YLKOT': 0, 'KBS-NGVRJ-VNS': 1, '317-K': 0, 'TR-4 KMT-NGV': 1, '290-C': 63, '290EY KMT-YHKOT': 0, '290-E SBS-NGW-KLN': 0, '290-E ITCF-YHKOT': 0, 'V-SBS-KNB': 1, 'BSK-KRP-ITI': 1, '348-F': 14, '213-D': 6, 'SBS-RJP': 2, 'SBS-HTN': 1, '375-D': 80}"
Periyar Nagara Circle Tannery Road,13.00864575,77.61331335,539,29159154,"{'SBS-AMC': 0, '290-EA': 0, '290-E SBS-PTH': 0, '291-N': 16, 'TR-4': 46, '290-EB KGR-YHK': 0, '253-A': 12, '290-M': 8, 'DPJN-JJN-NGW': 4, '290-A': 28, '290-H': 0, '290-RA': 5, '290-R': 13, '290-EB': 0, '290-QA': 18, '290-G': 0, '290-Q': 14, 'TR-4A': 10, '290-T': 11, '290-HA': 0, 'SBS-SDH': 2, '291-D': 22, '291-L': 3, '290-Z': 4, '290-P': 24, 'MBS-14': 10, 'SBS-JKR-ALSG-PTH': 1, 'CLO-RKH': 5, '291-K': 7, '291-A': 11, '291-E': 16, 'G-10': 0, '290 KBS-YLKOT': 2, '290-EY': 0, '290-KA KMT-PLG': 1, 'TR-4 JJN-PLG': 2, '290-QA NRG-RKHN': 1, '291-H': 21, '290-E STJHS-YLKOT': 0, 'KBS-NGVRJ-VNS': 1, '290-N': 40, '317-K': 0, '241-CD': 11, 'TR-4 KMT-NGV': 1, '290-C': 63, '290EY KMT-YHKOT': 0, '290-E SBS-NGW-KLN': 0, '290-E ITCF-YHKOT': 0, 'V-SBS-KNB': 1, 'BSK-KRP-ITI': 1, '348-F': 14, 'BMSIT-3': 1, '213-D': 6, 'SBS-RJP': 2, 'SBS-HTN': 1, '375-D': 80}"
Tannery Road Canara Bank,13.00680094,77.61247259,480,29159154,"{'SBS-AMC': 0, '290-EA': 0, '290-E SBS-PTH': 0, '291-N': 16, 'TR-4': 46, '290-EB KGR-YHK': 0, '253-A': 12, '290-M': 8, 'DPJN-JJN-NGW': 4, '290-A': 28, '290-R': 13, '290-EB': 0, '290-QA': 18, '290-G': 0, '290-Q': 14, 'TR-4A': 10, '290-T': 11, '290-HA': 0, '291-D': 22, '291-L': 3, '290-Z': 4, '290-P': 24, 'MBS-14': 10, 'SBS-JKR-ALSG-PTH': 1, 'CLO-RKH': 5, '291-K': 7, '291-A': 11, '291-E': 16, 'G-10': 0, '290 KBS-YLKOT': 2, '290-EY': 0, '290-KA KMT-PLG': 1, 'TR-4 JJN-PLG': 2, '290-QA NRG-RKHN': 1, '291-H': 21, '290-E STJHS-YLKOT': 0, 'KBS-NGVRJ-VNS': 1, '317-K': 0, 'TR-4 KMT-NGV': 1, '290-C': 63, '290EY KMT-YHKOT': 0, '290-E SBS-NGW-KLN': 0, '290-E ITCF-YHKOT': 0, 'V-SBS-KNB': 1, 'BSK-KRP-ITI': 1, '348-F': 14, '213-D': 6, 'SBS-RJP': 2, 'SBS-HTN': 1, '375-D': 80}"
Byadarahalli Jayamahal,13.00116812,77.60973930,16,29159157,{'210-X': 16}
Clarence School,13.00226912,77.61665130,1946,29159157,"{'327-C': 14, '301-E': 39, '300-E': 55, '300-D': 37, '300-H': 48, 'SBS-D10G': 31, '295-D': 21, 'KBS-D10G': 8, '302-C': 11, '293-P': 12, '296-V': 13, 'D10G-MRG': 2, 'G-11': 35, '296-C': 18, 'KLN-LGP-SBS': 14, '292-E': 12, 'D10G-SBS': 6, '292-C': 30, '401-M NLO-CLO': 1, '302-J': 29, '300-B': 29, 'KBS-HNR-CHLS': 3, '302-GA': 19, '303-F': 21, 'MGMS-KLN': 2, '292-D': 17, '293-H': 19, '292-B': 12, '293-A': 16, '79-K': 13, 'SBS-KLN': 27, '294-F': 9, '294-B': 0, '300-DA': 15, '294-E': 18, '294-H': 26, 'KBS-KLN': 6, '295-A': 14, '296-N': 17, '293-R': 13, '293-S': 32, '300-T': 11, '293-K': 13, '296-A': 17, '296-B': 19, '296-D': 26, '296-K': 4, '293-F': 11, 'SBS-HNS': 3, '293-J': 11, 'SBS-RYL': 2, '327-D': 5, '295-C': 34, '300-A': 14, '295-E': 12, '295-B': 15, '295-G': 17, 'KBS-BSP-HMA': 1, 'SBS-BSP-HMA': 3, '294-A': 11, '293-B': 11, '294-C SBS-JTN': 32, 'SBS-CHLS': 2, '296-T': 17, 'KBS-LGP-CHLS': 1, 'SGH-SBS': 2, 'G-11 SNBS-BLR': 1, '301-F': 6, '300-P': 46, '300-E SBS-KTMLRG': 2, 'KMT-BLS-YPB': 1, '300-C': 19, 'SBS-BPS-KLK': 2, 'VSD-BSP-KLK': 1, '293-G': 30, '215-NB': 12, 'D10G-SOPHIA': 1, 'BMESU-HBL': 4, '242-GA KBS-EWC': 2, '302-D': 35, '300-K': 13, '348-H': 12, '302-N': 38, 'KMT-CHLS': 0, 'KLNB-LGP-BSK': 3, '276-AB BMT45-DBH': 1, '293-N': 15, '300-F': 17, '296-Q': 23, '302 SBS-KLN': 3, '80-F': 35, '302 VSD-KLN': 4, '293-C OASIS-KMT': 1, 'KBS-BDSN': 4, '302-F': 39, 'SJHS-LGP-HBL': 3, '296-F': 10, 'KLNB-LGP-KBS': 2, 'MF-4': 15, '303-E': 32, '302-B': 40, '293-C': 32, '302-E': 14, '303-C': 24, '293-D': 12, '293-M': 11, '296-M': 6, '293-L': 11, '314-N': 26, 'BMT10-NRG': 1, 'KBS-SDSH': 1, 'HMNL-SJHS': 1, 'BMES-SBS': 3, 'KLNB-LGP-SBSP': 1, 'KLNB-LGP-SSMT': 1, 'SBS-SVPSH': 1, 'SBS-SMHSL': 3, '293 KBS-SMHS': 2, 'SBS-SVPSL': 2, 'SOPHIYA-1': 2, '296 SBS-BMESL': 1, 'BCGHS-18': 2, 'VNS-03': 3, '302 BMT10-SBS': 2, '293-E': 10, 'OASIS-2B': 2, 'D24-TNF-WTP': 1, 'KBS-SVPSB': 1, '295-D SBS-BMT10': 1, '302-A': 20, 'GDWC-BGL': 1, '129 KBS-BNWRS': 1, '293 SBS-HMN': 7, '293 SBS-LGP-KLN': 4, '330 SBS-ABISRO': 2, '301-D': 18, '301-G': 17, '303-G': 29, '302-G': 19, '293G SBS-BMT48': 16, '293F KMT-BMT48': 6, '293S KBS-BMT48': 6, 'ARMY-3': 3, 'D10G-BMES': 1, '293 BMT10-ARMY': 2, '295-KMT-D48': 2, '300-H  KBS-ITICG': 3, '294-C BMT48-MGMS': 1, 'CRISTAL-3': 1, 'G11-BMT48-MGMS': 2, '294-D': 12, '290-E ITCF-YHKOT': 0, '500-A CSB-SJHSU': 3, '293-S KBS-HNS': 2, 'HALM-SBS-BMES': 1, 'SVM-SBS-BMES': 1, '301-A': 12, 'AMRY-2': 4}"
Doddy Tannery Road,13.00257755,77.61206767,540,29159157,"{'SBS-AMC': 0, '290-EA': 0, '290-E SBS-PTH': 0, '291-N': 16, 'TR-4': 46, '290-EB KGR-YHK': 0, '253-A': 12, '290-M': 8, 'DPJN-JJN-NGW': 4, '290-A': 28, '290-H': 0, '290-RA': 5, '290-R': 13, '290-EB': 0, '290-QA': 18, '290-G': 0, '290-Q': 14, 'TR-4A': 10, '290-T': 11, '290-HA': 0, 'SBS-SDH': 2, '291-D': 22, '291-L': 3, '290-Z': 4, '290-P': 24, 'MBS-14': 10, 'SBS-JKR-ALSG-PTH': 1, 'CLO-RKH': 5, '291-K': 7, '291-A': 11, '291-E': 16, 'G-10': 0, '290 KBS-YLKOT': 2, '290-EY': 0, '290-KA KMT-PLG': 1, 'TR-4 JJN-PLG': 2, '290-QA NRG-RKHN': 1, '291-H': 21, '94E YPRTTMC-TRDBS': 1, '290-E STJHS-YLKOT': 0, 'KBS-NGVRJ-VNS': 1, '290-N': 40, '317-K': 0, '241-CD': 11, 'TR-4 KMT-NGV': 1, '290-C': 63, '290EY KMT-YHKOT': 0, '290-E SBS-NGW-KLN': 0, '290-E ITCF-YHKOT': 0, 'V-SBS-KNB': 1, 'BSK-KRP-ITI': 1, '348-F': 14, 'BMSIT-3': 1, '213-D': 6, 'SBS-RJP': 2, 'SBS-HTN': 1, '375-D': 80}"
Frazer Town,13.00095911,77.61294625,1227,29159157,"{'327-C': 14, 'NGW-DPJN': 6, 'SBS-D10G': 31, '295-D': 21, 'KBS-D10G': 8, '293-P': 12, '296-V': 13, 'D10G-MRG': 2, '290-D': 19, 'G-11': 35, '296-C': 18, 'KLN-LGP-SBS': 14, '292-E': 12, 'D10G-SBS': 6, '292-C': 30, '401-M NLO-CLO': 1, '291-J': 26, 'MGMS-KLN': 2, '292-D': 17, '293-H': 19, '290-J': 0, '292-B': 12, '293-A': 16, 'SBS-KLN': 27, '290-J MSP-SBS': 0, '294-F': 9, '294-B': 0, '294-E': 18, '294-H': 26, '295-A': 14, '296-N': 17, '293-R': 13, '293-S': 32, '293-K': 13, '296-A': 17, '296-B': 19, '296-D': 26, '296-K': 4, '293-F': 11, 'SBS-HNS': 3, '293-J': 11, 'SBS-RYL': 2, '327-D': 5, '295-C': 34, '295-E': 12, '295-B': 15, '295-G': 17, '294-A': 11, '293-B': 11, '294-C SBS-JTN': 32, 'SBS-CHLS': 2, '296-T': 17, 'KBS-LGP-CHLS': 1, 'SGH-SBS': 2, 'G-11 SNBS-BLR': 1, 'D10G-NGVR-JJN': 1, 'KMT-BLS-YPB': 1, '293-G': 30, '215-NB': 12, 'D10G-SOPHIA': 1, 'BMESU-HBL': 4, '302-D': 35, 'KLNB-BKC': 1, '348-H': 12, 'PTH-SBS1': 4, 'KMT-CHLS': 0, 'KLNB-LGP-BSK': 3, '293-N': 15, '296-Q': 23, '302 SBS-KLN': 3, '80-F': 35, '302 VSD-KLN': 4, '293-C OASIS-KMT': 1, '296-F': 10, 'KLNB-LGP-KBS': 2, '293-C': 32, '293-D': 12, '293-M': 11, '293-L': 11, 'JGF-2': 3, 'KLN-JJN': 1, '314-N': 26, 'K-6': 41, 'MSP-ARMYK': 1, 'HMNL-SJHS': 1, 'BMES-SBS': 3, 'KLNB-LGP-SBSP': 1, 'KLNB-LGP-SSMT': 1, 'ITPL-2A': 2, 'SBS-SMHSL': 3, '293 KBS-SMHS': 2, 'SHS-10': 2, '296 SBS-BMESL': 1, 'BCGHS-9': 2, 'VNS-03': 3, 'SJHS-9': 1, '302 BMT10-SBS': 2, 'BELGS-46': 2, 'BTP-27A': 2, '293-E': 10, 'OASIS-2B': 2, 'WTP-JVH-KRP': 1, '295-D SBS-BMT10': 1, '290-F': 0, 'TR-4 NGV-MRBS': 2, 'GDWC-BGL': 1, '129 KBS-BNWRS': 1, 'MBS-2': 17, '293 SBS-HMN': 7, '293 SBS-LGP-KLN': 4, 'VCS-ORRCA-112 ULSL-ORRCA': 2, '293G SBS-BMT48': 16, '293F KMT-BMT48': 6, '293S KBS-BMT48': 6, 'D10G-BMES': 1, 'MBS2 PTH-MRHSPG': 1, '293 BMT10-ARMY': 2, '295-KMT-D48': 2, '294-C BMT48-MGMS': 1, 'CRISTAL-3': 1, 'G11-BMT48-MGMS': 2, '294-D': 12, '293-S KBS-HNS': 2, 'HALM-SBS-BMES': 1, 'SVM-SBS-BMES': 1}"
Periyar Nagara Circle Tannery Road,13.00864575,77.61331335,539,29159157,"{'SBS-AMC': 0, '290-EA': 0, '290-E SBS-PTH': 0, '291-N': 16, 'TR-4': 46, '290-EB KGR-YHK': 0, '253-A': 12, '290-M': 8, 'DPJN-JJN-NGW': 4, '290-A': 28, '290-H': 0, '290-RA': 5, '290-R': 13, '290-EB': 0, '290-QA': 18, '290-G': 0, '290-Q': 14, 'TR-4A': 10, '290-T': 11, '290-HA': 0, 'SBS-SDH': 2, '291-D': 22, '291-L': 3, '290-Z': 4, '290-P': 24, 'MBS-14': 10, 'SBS-JKR-ALSG-PTH': 1, 'CLO-RKH': 5, '291-K': 7, '291-A': 11, '291-E': 16, 'G-10': 0, '290 KBS-YLKOT': 2, '290-EY': 0, '290-KA KMT-PLG': 1, 'TR-4 JJN-PLG': 2, '290-QA NRG-RKHN': 1, '291-H': 21, '290-E STJHS-YLKOT': 0, 'KBS-NGVRJ-VNS': 1, '290-N': 40, '317-K': 0, '241-CD': 11, 'TR-4 KMT-NGV': 1, '290-C': 63, '290EY KMT-YHKOT': 0, '290-E SBS-NGW-KLN': 0, '290-E ITCF-YHKOT': 0, 'V-SBS-KNB': 1, 'BSK-KRP-ITI': 1, '348-F': 14, 'BMSIT-3': 1, '213-D': 6, 'SBS-RJP': 2, 'SBS-HTN': 1, '375-D': 80}"
Pottery Town,13.00243146,77.60914089,0,29159157,{}
Tannery Road Canara Bank,13.00680094,77.61247259,480,29159157,"{'SBS-AMC': 0, '290-EA': 0, '290-E SBS-PTH': 0, '291-N': 16, 'TR-4': 46, '290-EB KGR-YHK': 0, '253-A': 12, '290-M': 8, 'DPJN-JJN-NGW': 4, '290-A': 28, '290-R': 13, '290-EB': 0, '290-QA': 18, '290-G': 0, '290-Q': 14, 'TR-4A': 10, '290-T': 11, '290-HA': 0, '291-D': 22, '291-L': 3, '290-Z': 4, '290-P': 24, 'MBS-14': 10, 'SBS-JKR-ALSG-PTH': 1, 'CLO-RKH': 5, '291-K': 7, '291-A': 11, '291-E': 16, 'G-10': 0, '290 KBS-YLKOT': 2, '290-EY': 0, '290-KA KMT-PLG': 1, 'TR-4 JJN-PLG': 2, '290-QA NRG-RKHN': 1, '291-H': 21, '290-E STJHS-YLKOT': 0, 'KBS-NGVRJ-VNS': 1, '317-K': 0, 'TR-4 KMT-NGV': 1, '290-C': 63, '290EY KMT-YHKOT': 0, '290-E SBS-NGW-KLN': 0, '290-E ITCF-YHKOT': 0, 'V-SBS-KNB': 1, 'BSK-KRP-ITI': 1, '348-F': 14, '213-D': 6, 'SBS-RJP': 2, 'SBS-HTN': 1, '375-D': 80}"
Bilal Masjid Tanary Road,13.01178374,77.61654675,0,29159158,{}
Muslim Colony,13.01059863,77.61522169,724,29159158,"{'SBS-AMC': 0, '290-EA': 0, '290-E SBS-PTH': 0, '291-N': 16, 'TR-4': 46, '290-EB YHK-KGR': 0, '290-EB KGR-YHK': 0, 'NGW-DPJN': 6, '253-A': 12, '290-M': 8, 'DPJN-JJN-NGW': 4, '290-D': 19, '290-A': 28, '290-H': 0, '291-J': 26, '290-J': 0, '290-RA': 5, '290-R': 13, '290-J MSP-SBS': 0, '290-EB': 0, '290-QA': 18, '291-G': 20, '290-G': 0, '290-Q': 14, 'D10G-NGVR-JJN': 1, 'TR-4A': 10, '290-T': 11, '290-S': 13, '290-HA': 0, 'KLNB-BKC': 1, 'SBS-SDH': 2, 'PTH-SBS1': 4, '291-D': 22, '291-L': 3, '290-Z': 4, '290-P': 24, 'MBS-14': 10, 'SBS-JKR-ALSG-PTH': 1, 'CLO-RKH': 5, '291-K': 7, '291-A': 11, '291-E': 16, 'G-10': 0, '290 KBS-YLKOT': 2, '290-EY': 0, '291-R': 15, 'KLN-JJN': 1, '290-KA KMT-PLG': 1, 'TR-4 JJN-PLG': 2, '290-QA NRG-RKHN': 1, 'MSP-ARMYK': 1, '291-H': 21, '291-B': 2, '290-E STJHS-YLKOT': 0, 'KBS-NGVRJ-VNS': 1, '63 SBS-DPJN': 1, '290-F': 0, '290-N': 40, '317-K': 0, '241-CD': 11, 'TR-4 NGV-MRBS': 2, 'TR-4 KMT-NGV': 1, '290-C': 63, 'MBS-2': 17, '290EY KMT-YHKOT': 0, 'MBS2 PTH-MRHSPG': 1, '290-E SBS-NGW-KLN': 0, '290-E ITCF-YHKOT': 0, 'V-SBS-KNB': 1, '290-E': 52, 'PTH-SBS': 3, 'BSK-KRP-ITI': 1, '348-F': 14, 'BMSIT-3': 1, '213-D': 6, 'SBS-RJP': 2, 'SBS-HTN': 1, '375-D': 80}"
P,13.01211563,77.61606932,523,29159158,"{'290-EA': 0, '290-E SBS-PTH': 0, '291-N': 16, 'TR-4': 46, '290-EB KGR-YHK': 0, '253-A': 12, '290-M': 8, 'DPJN-JJN-NGW': 4, '290-A': 28, '290-RA': 5, '290-R': 13, '290-EB': 0, '290-QA': 18, '290-Q': 14, 'TR-4A': 10, '290-T': 11, '290-HA': 0, '291-D': 22, '291-L': 3, '290-Z': 4, '290-P': 24, 'MBS-14': 10, 'SBS-JKR-ALSG-PTH': 1, 'CLO-RKH': 5, '291-K': 7, '291-A': 11, '291-E': 16, 'G-10': 0, '290 KBS-YLKOT': 2, '290-EY': 0, '290-QA NRG-RKHN': 1, '291-H': 21, '290-E STJHS-YLKOT': 0, 'KBS-NGVRJ-VNS': 1, '290-N': 40, '317-K': 0, 'TR-4 KMT-NGV': 1, '290-C': 63, '290EY KMT-YHKOT': 0, '290-E SBS-NGW-KLN': 0, '290-E ITCF-YHKOT': 0, 'V-SBS-KNB': 1, 'BSK-KRP-ITI': 1, '348-F': 14, 'BMSIT-3': 1, '213-D': 6, 'SBS-RJP': 2, 'SBS-HTN': 1, '375-D': 80}"
Periyar Nagara Circle Tannery Road,13.00864575,77.61331335,539,29159158,"{'SBS-AMC': 0, '290-EA': 0, '290-E SBS-PTH': 0, '291-N': 16, 'TR-4': 46, '290-EB KGR-YHK': 0, '253-A': 12, '290-M': 8, 'DPJN-JJN-NGW': 4, '290-A': 28, '290-H': 0, '290-RA': 5, '290-R': 13, '290-EB': 0, '290-QA': 18, '290-G': 0, '290-Q': 14, 'TR-4A': 10, '290-T': 11, '290-HA': 0, 'SBS-SDH': 2, '291-D': 22, '291-L': 3, '290-Z': 4, '290-P': 24, 'MBS-14': 10, 'SBS-JKR-ALSG-PTH': 1, 'CLO-RKH': 5, '291-K': 7, '291-A': 11, '291-E': 16, 'G-10': 0, '290 KBS-YLKOT': 2, '290-EY': 0, '290-KA KMT-PLG': 1, 'TR-4 JJN-PLG': 2, '290-QA NRG-RKHN': 1, '291-H': 21, '290-E STJHS-YLKOT': 0, 'KBS-NGVRJ-VNS': 1, '290-N': 40, '317-K': 0, '241-CD': 11, 'TR-4 KMT-NGV': 1, '290-C': 63, '290EY KMT-YHKOT': 0, '290-E SBS-NGW-KLN': 0, '290-E ITCF-YHKOT': 0, 'V-SBS-KNB': 1, 'BSK-KRP-ITI': 1, '348-F': 14, 'BMSIT-3': 1, '213-D': 6, 'SBS-RJP': 2, 'SBS-HTN': 1, '375-D': 80}"
Pillanna Garden 9th Main,13.01192877,77.61757806,3,29159158,"{'290-KA KMT-PLG': 1, 'TR-4 JJN-PLG': 2}"
Tannery Road Canara Bank,13.00680094,77.61247259,480,29159158,"{'SBS-AMC': 0, '290-EA': 0, '290-E SBS-PTH': 0, '291-N': 16, 'TR-4': 46, '290-EB KGR-YHK': 0, '253-A': 12, '290-M': 8, 'DPJN-JJN-NGW': 4, '290-A': 28, '290-R': 13, '290-EB': 0, '290-QA': 18, '290-G': 0, '290-Q': 14, 'TR-4A': 10, '290-T': 11, '290-HA': 0, '291-D': 22, '291-L': 3, '290-Z': 4, '290-P': 24, 'MBS-14': 10, 'SBS-JKR-ALSG-PTH': 1, 'CLO-RKH': 5, '291-K': 7, '291-A': 11, '291-E': 16, 'G-10': 0, '290 KBS-YLKOT': 2, '290-EY': 0, '290-KA KMT-PLG': 1, 'TR-4 JJN-PLG': 2, '290-QA NRG-RKHN': 1, '291-H': 21, '290-E STJHS-YLKOT': 0, 'KBS-NGVRJ-VNS': 1, '317-K': 0, 'TR-4 KMT-NGV': 1, '290-C': 63, '290EY KMT-YHKOT': 0, '290-E SBS-NGW-KLN': 0, '290-E ITCF-YHKOT': 0, 'V-SBS-KNB': 1, 'BSK-KRP-ITI': 1, '348-F': 14, '213-D': 6, 'SBS-RJP': 2, 'SBS-HTN': 1, '375-D': 80}"
Bilal Masjid Tanary Road,13.01178374,77.61654675,0,29159160,{}
Doddy Tannery Road,13.00257755,77.61206767,540,29159160,"{'SBS-AMC': 0, '290-EA': 0, '290-E SBS-PTH': 0, '291-N': 16, 'TR-4': 46, '290-EB KGR-YHK': 0, '253-A': 12, '290-M': 8, 'DPJN-JJN-NGW': 4, '290-A': 28, '290-H': 0, '290-RA': 5, '290-R': 13, '290-EB': 0, '290-QA': 18, '290-G': 0, '290-Q': 14, 'TR-4A': 10, '290-T': 11, '290-HA': 0, 'SBS-SDH': 2, '291-D': 22, '291-L': 3, '290-Z': 4, '290-P': 24, 'MBS-14': 10, 'SBS-JKR-ALSG-PTH': 1, 'CLO-RKH': 5, '291-K': 7, '291-A': 11, '291-E': 16, 'G-10': 0, '290 KBS-YLKOT': 2, '290-EY': 0, '290-KA KMT-PLG': 1, 'TR-4 JJN-PLG': 2, '290-QA NRG-RKHN': 1, '291-H': 21, '94E YPRTTMC-TRDBS': 1, '290-E STJHS-YLKOT': 0, 'KBS-NGVRJ-VNS': 1, '290-N': 40, '317-K': 0, '241-CD': 11, 'TR-4 KMT-NGV': 1, '290-C': 63, '290EY KMT-YHKOT': 0, '290-E SBS-NGW-KLN': 0, '290-E ITCF-YHKOT': 0, 'V-SBS-KNB': 1, 'BSK-KRP-ITI': 1, '348-F': 14, 'BMSIT-3': 1, '213-D': 6, 'SBS-RJP': 2, 'SBS-HTN': 1, '375-D': 80}"
Muslim Colony,13.01059863,77.61522169,724,29159160,"{'SBS-AMC': 0, '290-EA': 0, '290-E SBS-PTH': 0, '291-N': 16, 'TR-4': 46, '290-EB YHK-KGR': 0, '290-EB KGR-YHK': 0, 'NGW-DPJN': 6, '253-A': 12, '290-M': 8, 'DPJN-JJN-NGW': 4, '290-D': 19, '290-A': 28, '290-H': 0, '291-J': 26, '290-J': 0, '290-RA': 5, '290-R': 13, '290-J MSP-SBS': 0, '290-EB': 0, '290-QA': 18, '291-G': 20, '290-G': 0, '290-Q': 14, 'D10G-NGVR-JJN': 1, 'TR-4A': 10, '290-T': 11, '290-S': 13, '290-HA': 0, 'KLNB-BKC': 1, 'SBS-SDH': 2, 'PTH-SBS1': 4, '291-D': 22, '291-L': 3, '290-Z': 4, '290-P': 24, 'MBS-14': 10, 'SBS-JKR-ALSG-PTH': 1, 'CLO-RKH': 5, '291-K': 7, '291-A': 11, '291-E': 16, 'G-10': 0, '290 KBS-YLKOT': 2, '290-EY': 0, '291-R': 15, 'KLN-JJN': 1, '290-KA KMT-PLG': 1, 'TR-4 JJN-PLG': 2, '290-QA NRG-RKHN': 1, 'MSP-ARMYK': 1, '291-H': 21, '291-B': 2, '290-E STJHS-YLKOT': 0, 'KBS-NGVRJ-VNS': 1, '63 SBS-DPJN': 1, '290-F': 0, '290-N': 40, '317-K': 0, '241-CD': 11, 'TR-4 NGV-MRBS': 2, 'TR-4 KMT-NGV': 1, '290-C': 63, 'MBS-2': 17, '290EY KMT-YHKOT': 0, 'MBS2 PTH-MRHSPG': 1, '290-E SBS-NGW-KLN': 0, '290-E ITCF-YHKOT': 0, 'V-SBS-KNB': 1, '290-E': 52, 'PTH-SBS': 3, 'BSK-KRP-ITI': 1, '348-F': 14, 'BMSIT-3': 1, '213-D': 6, 'SBS-RJP': 2, 'SBS-HTN': 1, '375-D': 80}"
P,13.01211563,77.61606932,523,29159160,"{'290-EA': 0, '290-E SBS-PTH': 0, '291-N': 16, 'TR-4': 46, '290-EB KGR-YHK': 0, '253-A': 12, '290-M': 8, 'DPJN-JJN-NGW': 4, '290-A': 28, '290-RA': 5, '290-R': 13, '290-EB': 0, '290-QA': 18, '290-Q': 14, 'TR-4A': 10, '290-T': 11, '290-HA': 0, '291-D': 22, '291-L': 3, '290-Z': 4, '290-P': 24, 'MBS-14': 10, 'SBS-JKR-ALSG-PTH': 1, 'CLO-RKH': 5, '291-K': 7, '291-A': 11, '291-E': 16, 'G-10': 0, '290 KBS-YLKOT': 2, '290-EY': 0, '290-QA NRG-RKHN': 1, '291-H': 21, '290-E STJHS-YLKOT': 0, 'KBS-NGVRJ-VNS': 1, '290-N': 40, '317-K': 0, 'TR-4 KMT-NGV': 1, '290-C': 63, '290EY KMT-YHKOT': 0, '290-E SBS-NGW-KLN': 0, '290-E ITCF-YHKOT': 0, 'V-SBS-KNB': 1, 'BSK-KRP-ITI': 1, '348-F': 14, 'BMSIT-3': 1, '213-D': 6, 'SBS-RJP': 2, 'SBS-HTN': 1, '375-D': 80}"
Periyar Nagara Circle Tannery Road,13.00864575,77.61331335,539,29159160,"{'SBS-AMC': 0, '290-EA': 0, '290-E SBS-PTH': 0, '291-N': 16, 'TR-4': 46, '290-EB KGR-YHK': 0, '253-A': 12, '290-M': 8, 'DPJN-JJN-NGW': 4, '290-A': 28, '290-H': 0, '290-RA': 5, '290-R': 13, '290-EB': 0, '290-QA': 18, '290-G': 0, '290-Q': 14, 'TR-4A': 10, '290-T': 11, '290-HA': 0, 'SBS-SDH': 2, '291-D': 22, '291-L': 3, '290-Z': 4, '290-P': 24, 'MBS-14': 10, 'SBS-JKR-ALSG-PTH': 1, 'CLO-RKH': 5, '291-K': 7, '291-A': 11, '291-E': 16, 'G-10': 0, '290 KBS-YLKOT': 2, '290-EY': 0, '290-KA KMT-PLG': 1, 'TR-4 JJN-PLG': 2, '290-QA NRG-RKHN': 1, '291-H': 21, '290-E STJHS-YLKOT': 0, 'KBS-NGVRJ-VNS': 1, '290-N': 40, '317-K': 0, '241-CD': 11, 'TR-4 KMT-NGV': 1, '290-C': 63, '290EY KMT-YHKOT': 0, '290-E SBS-NGW-KLN': 0, '290-E ITCF-YHKOT': 0, 'V-SBS-KNB': 1, 'BSK-KRP-ITI': 1, '348-F': 14, 'BMSIT-3': 1, '213-D': 6, 'SBS-RJP': 2, 'SBS-HTN': 1, '375-D': 80}"
Tannery Road Canara Bank,13.00680094,77.61247259,480,29159160,"{'SBS-AMC': 0, '290-EA': 0, '290-E SBS-PTH': 0, '291-N': 16, 'TR-4': 46, '290-EB KGR-YHK': 0, '253-A': 12, '290-M': 8, 'DPJN-JJN-NGW': 4, '290-A': 28, '290-R': 13, '290-EB': 0, '290-QA': 18, '290-G': 0, '290-Q': 14, 'TR-4A': 10, '290-T': 11, '290-HA': 0, '291-D': 22, '291-L': 3, '290-Z': 4, '290-P': 24, 'MBS-14': 10, 'SBS-JKR-ALSG-PTH': 1, 'CLO-RKH': 5, '291-K': 7, '291-A': 11, '291-E': 16, 'G-10': 0, '290 KBS-YLKOT': 2, '290-EY': 0, '290-KA KMT-PLG': 1, 'TR-4 JJN-PLG': 2, '290-QA NRG-RKHN': 1, '291-H': 21, '290-E STJHS-YLKOT': 0, 'KBS-NGVRJ-VNS': 1, '317-K': 0, 'TR-4 KMT-NGV': 1, '290-C': 63, '290EY KMT-YHKOT': 0, '290-E SBS-NGW-KLN': 0, '290-E ITCF-YHKOT': 0, 'V-SBS-KNB': 1, 'BSK-KRP-ITI': 1, '348-F': 14, '213-D': 6, 'SBS-RJP': 2, 'SBS-HTN': 1, '375-D': 80}"
Clarence School,13.00226912,77.61665130,1946,29159167,"{'327-C': 14, '301-E': 39, '300-E': 55, '300-D': 37, '300-H': 48, 'SBS-D10G': 31, '295-D': 21, 'KBS-D10G': 8, '302-C': 11, '293-P': 12, '296-V': 13, 'D10G-MRG': 2, 'G-11': 35, '296-C': 18, 'KLN-LGP-SBS': 14, '292-E': 12, 'D10G-SBS': 6, '292-C': 30, '401-M NLO-CLO': 1, '302-J': 29, '300-B': 29, 'KBS-HNR-CHLS': 3, '302-GA': 19, '303-F': 21, 'MGMS-KLN': 2, '292-D': 17, '293-H': 19, '292-B': 12, '293-A': 16, '79-K': 13, 'SBS-KLN': 27, '294-F': 9, '294-B': 0, '300-DA': 15, '294-E': 18, '294-H': 26, 'KBS-KLN': 6, '295-A': 14, '296-N': 17, '293-R': 13, '293-S': 32, '300-T': 11, '293-K': 13, '296-A': 17, '296-B': 19, '296-D': 26, '296-K': 4, '293-F': 11, 'SBS-HNS': 3, '293-J': 11, 'SBS-RYL': 2, '327-D': 5, '295-C': 34, '300-A': 14, '295-E': 12, '295-B': 15, '295-G': 17, 'KBS-BSP-HMA': 1, 'SBS-BSP-HMA': 3, '294-A': 11, '293-B': 11, '294-C SBS-JTN': 32, 'SBS-CHLS': 2, '296-T': 17, 'KBS-LGP-CHLS': 1, 'SGH-SBS': 2, 'G-11 SNBS-BLR': 1, '301-F': 6, '300-P': 46, '300-E SBS-KTMLRG': 2, 'KMT-BLS-YPB': 1, '300-C': 19, 'SBS-BPS-KLK': 2, 'VSD-BSP-KLK': 1, '293-G': 30, '215-NB': 12, 'D10G-SOPHIA': 1, 'BMESU-HBL': 4, '242-GA KBS-EWC': 2, '302-D': 35, '300-K': 13, '348-H': 12, '302-N': 38, 'KMT-CHLS': 0, 'KLNB-LGP-BSK': 3, '276-AB BMT45-DBH': 1, '293-N': 15, '300-F': 17, '296-Q': 23, '302 SBS-KLN': 3, '80-F': 35, '302 VSD-KLN': 4, '293-C OASIS-KMT': 1, 'KBS-BDSN': 4, '302-F': 39, 'SJHS-LGP-HBL': 3, '296-F': 10, 'KLNB-LGP-KBS': 2, 'MF-4': 15, '303-E': 32, '302-B': 40, '293-C': 32, '302-E': 14, '303-C': 24, '293-D': 12, '293-M': 11, '296-M': 6, '293-L': 11, '314-N': 26, 'BMT10-NRG': 1, 'KBS-SDSH': 1, 'HMNL-SJHS': 1, 'BMES-SBS': 3, 'KLNB-LGP-SBSP': 1, 'KLNB-LGP-SSMT': 1, 'SBS-SVPSH': 1, 'SBS-SMHSL': 3, '293 KBS-SMHS': 2, 'SBS-SVPSL': 2, 'SOPHIYA-1': 2, '296 SBS-BMESL': 1, 'BCGHS-18': 2, 'VNS-03': 3, '302 BMT10-SBS': 2, '293-E': 10, 'OASIS-2B': 2, 'D24-TNF-WTP': 1, 'KBS-SVPSB': 1, '295-D SBS-BMT10': 1, '302-A': 20, 'GDWC-BGL': 1, '129 KBS-BNWRS': 1, '293 SBS-HMN': 7, '293 SBS-LGP-KLN': 4, '330 SBS-ABISRO': 2, '301-D': 18, '301-G': 17, '303-G': 29, '302-G': 19, '293G SBS-BMT48': 16, '293F KMT-BMT48': 6, '293S KBS-BMT48': 6, 'ARMY-3': 3, 'D10G-BMES': 1, '293 BMT10-ARMY': 2, '295-KMT-D48': 2, '300-H  KBS-ITICG': 3, '294-C BMT48-MGMS': 1, 'CRISTAL-3': 1, 'G11-BMT48-MGMS': 2, '294-D': 12, '290-E ITCF-YHKOT': 0, '500-A CSB-SJHSU': 3, '293-S KBS-HNS': 2, 'HALM-SBS-BMES': 1, 'SVM-SBS-BMES': 1, '301-A': 12, 'AMRY-2': 4}"
Doddy Tannery Road,13.00257755,77.61206767,540,29159167,"{'SBS-AMC': 0, '290-EA': 0, '290-E SBS-PTH': 0, '291-N': 16, 'TR-4': 46, '290-EB KGR-YHK': 0, '253-A': 12, '290-M': 8, 'DPJN-JJN-NGW': 4, '290-A': 28, '290-H': 0, '290-RA': 5, '290-R': 13, '290-EB': 0, '290-QA': 18, '290-G': 0, '290-Q': 14, 'TR-4A': 10, '290-T': 11, '290-HA': 0, 'SBS-SDH': 2, '291-D': 22, '291-L': 3, '290-Z': 4, '290-P': 24, 'MBS-14': 10, 'SBS-JKR-ALSG-PTH': 1, 'CLO-RKH': 5, '291-K': 7, '291-A': 11, '291-E': 16, 'G-10': 0, '290 KBS-YLKOT': 2, '290-EY': 0, '290-KA KMT-PLG': 1, 'TR-4 JJN-PLG': 2, '290-QA NRG-RKHN': 1, '291-H': 21, '94E YPRTTMC-TRDBS': 1, '290-E STJHS-YLKOT': 0, 'KBS-NGVRJ-VNS': 1, '290-N': 40, '317-K': 0, '241-CD': 11, 'TR-4 KMT-NGV': 1, '290-C': 63, '290EY KMT-YHKOT': 0, '290-E SBS-NGW-KLN': 0, '290-E ITCF-YHKOT': 0, 'V-SBS-KNB': 1, 'BSK-KRP-ITI': 1, '348-F': 14, 'BMSIT-3': 1, '213-D': 6, 'SBS-RJP': 2, 'SBS-HTN': 1, '375-D': 80}"
Muslim Colony,13.01059863,77.61522169,724,29159167,"{'SBS-AMC': 0, '290-EA': 0, '290-E SBS-PTH': 0, '291-N': 16, 'TR-4': 46, '290-EB YHK-KGR': 0, '290-EB KGR-YHK': 0, 'NGW-DPJN': 6, '253-A': 12, '290-M': 8, 'DPJN-JJN-NGW': 4, '290-D': 19, '290-A': 28, '290-H': 0, '291-J': 26, '290-J': 0, '290-RA': 5, '290-R': 13, '290-J MSP-SBS': 0, '290-EB': 0, '290-QA': 18, '291-G': 20, '290-G': 0, '290-Q': 14, 'D10G-NGVR-JJN': 1, 'TR-4A': 10, '290-T': 11, '290-S': 13, '290-HA': 0, 'KLNB-BKC': 1, 'SBS-SDH': 2, 'PTH-SBS1': 4, '291-D': 22, '291-L': 3, '290-Z': 4, '290-P': 24, 'MBS-14': 10, 'SBS-JKR-ALSG-PTH': 1, 'CLO-RKH': 5, '291-K': 7, '291-A': 11, '291-E': 16, 'G-10': 0, '290 KBS-YLKOT': 2, '290-EY': 0, '291-R': 15, 'KLN-JJN': 1, '290-KA KMT-PLG': 1, 'TR-4 JJN-PLG': 2, '290-QA NRG-RKHN': 1, 'MSP-ARMYK': 1, '291-H': 21, '291-B': 2, '290-E STJHS-YLKOT': 0, 'KBS-NGVRJ-VNS': 1, '63 SBS-DPJN': 1, '290-F': 0, '290-N': 40, '317-K': 0, '241-CD': 11, 'TR-4 NGV-MRBS': 2, 'TR-4 KMT-NGV': 1, '290-C': 63, 'MBS-2': 17, '290EY KMT-YHKOT': 0, 'MBS2 PTH-MRHSPG': 1, '290-E SBS-NGW-KLN': 0, '290-E ITCF-YHKOT': 0, 'V-SBS-KNB': 1, '290-E': 52, 'PTH-SBS': 3, 'BSK-KRP-ITI': 1, '348-F': 14, 'BMSIT-3': 1, '213-D': 6, 'SBS-RJP': 2, 'SBS-HTN': 1, '375-D': 80}"
Periyar Nagara Circle Tannery Road,13.00864575,77.61331335,539,29159167,"{'SBS-AMC': 0, '290-EA': 0, '290-E SBS-PTH': 0, '291-N': 16, 'TR-4': 46, '290-EB KGR-YHK': 0, '253-A': 12, '290-M': 8, 'DPJN-JJN-NGW': 4, '290-A': 28, '290-H': 0, '290-RA': 5, '290-R': 13, '290-EB': 0, '290-QA': 18, '290-G': 0, '290-Q': 14, 'TR-4A': 10, '290-T': 11, '290-HA': 0, 'SBS-SDH': 2, '291-D': 22, '291-L': 3, '290-Z': 4, '290-P': 24, 'MBS-14': 10, 'SBS-JKR-ALSG-PTH': 1, 'CLO-RKH': 5, '291-K': 7, '291-A': 11, '291-E': 16, 'G-10': 0, '290 KBS-YLKOT': 2, '290-EY': 0, '290-KA KMT-PLG': 1, 'TR-4 JJN-PLG': 2, '290-QA NRG-RKHN': 1, '291-H': 21, '290-E STJHS-YLKOT': 0, 'KBS-NGVRJ-VNS': 1, '290-N': 40, '317-K': 0, '241-CD': 11, 'TR-4 KMT-NGV': 1, '290-C': 63, '290EY KMT-YHKOT': 0, '290-E SBS-NGW-KLN': 0, '290-E ITCF-YHKOT': 0, 'V-SBS-KNB': 1, 'BSK-KRP-ITI': 1, '348-F': 14, 'BMSIT-3': 1, '213-D': 6, 'SBS-RJP': 2, 'SBS-HTN': 1, '375-D': 80}"
Tannery Road Canara Bank,13.00680094,77.61247259,480,29159167,"{'SBS-AMC': 0, '290-EA': 0, '290-E SBS-PTH': 0, '291-N': 16, 'TR-4': 46, '290-EB KGR-YHK': 0, '253-A': 12, '290-M': 8, 'DPJN-JJN-NGW': 4, '290-A': 28, '290-R': 13, '290-EB': 0, '290-QA': 18, '290-G': 0, '290-Q': 14, 'TR-4A': 10, '290-T': 11, '290-HA': 0, '291-D': 22, '291-L': 3, '290-Z': 4, '290-P': 24, 'MBS-14': 10, 'SBS-JKR-ALSG-PTH': 1, 'CLO-RKH': 5, '291-K': 7, '291-A': 11, '291-E': 16, 'G-10': 0, '290 KBS-YLKOT': 2, '290-EY': 0, '290-KA KMT-PLG': 1, 'TR-4 JJN-PLG': 2, '290-QA NRG-RKHN': 1, '291-H': 21, '290-E STJHS-YLKOT': 0, 'KBS-NGVRJ-VNS': 1, '317-K': 0, 'TR-4 KMT-NGV': 1, '290-C': 63, '290EY KMT-YHKOT': 0, '290-E SBS-NGW-KLN': 0, '290-E ITCF-YHKOT': 0, 'V-SBS-KNB': 1, 'BSK-KRP-ITI': 1, '348-F': 14, '213-D': 6, 'SBS-RJP': 2, 'SBS-HTN': 1, '375-D': 80}"
Bilal Masjid Tanary Road,13.01178374,77.61654675,0,29159170,{}
Muslim Colony,13.01059863,77.61522169,724,29159170,"{'SBS-AMC': 0, '290-EA': 0, '290-E SBS-PTH': 0, '291-N': 16, 'TR-4': 46, '290-EB YHK-KGR': 0, '290-EB KGR-YHK': 0, 'NGW-DPJN': 6, '253-A': 12, '290-M': 8, 'DPJN-JJN-NGW': 4, '290-D': 19, '290-A': 28, '290-H': 0, '291-J': 26, '290-J': 0, '290-RA': 5, '290-R': 13, '290-J MSP-SBS': 0, '290-EB': 0, '290-QA': 18, '291-G': 20, '290-G': 0, '290-Q': 14, 'D10G-NGVR-JJN': 1, 'TR-4A': 10, '290-T': 11, '290-S': 13, '290-HA': 0, 'KLNB-BKC': 1, 'SBS-SDH': 2, 'PTH-SBS1': 4, '291-D': 22, '291-L': 3, '290-Z': 4, '290-P': 24, 'MBS-14': 10, 'SBS-JKR-ALSG-PTH': 1, 'CLO-RKH': 5, '291-K': 7, '291-A': 11, '291-E': 16, 'G-10': 0, '290 KBS-YLKOT': 2, '290-EY': 0, '291-R': 15, 'KLN-JJN': 1, '290-KA KMT-PLG': 1, 'TR-4 JJN-PLG': 2, '290-QA NRG-RKHN': 1, 'MSP-ARMYK': 1, '291-H': 21, '291-B': 2, '290-E STJHS-YLKOT': 0, 'KBS-NGVRJ-VNS': 1, '63 SBS-DPJN': 1, '290-F': 0, '290-N': 40, '317-K': 0, '241-CD': 11, 'TR-4 NGV-MRBS': 2, 'TR-4 KMT-NGV': 1, '290-C': 63, 'MBS-2': 17, '290EY KMT-YHKOT': 0, 'MBS2 PTH-MRHSPG': 1, '290-E SBS-NGW-KLN': 0, '290-E ITCF-YHKOT': 0, 'V-SBS-KNB': 1, '290-E': 52, 'PTH-SBS': 3, 'BSK-KRP-ITI': 1, '348-F': 14, 'BMSIT-3': 1, '213-D': 6, 'SBS-RJP': 2, 'SBS-HTN': 1, '375-D': 80}"
P,13.01211563,77.61606932,523,29159170,"{'290-EA': 0, '290-E SBS-PTH': 0, '291-N': 16, 'TR-4': 46, '290-EB KGR-YHK': 0, '253-A': 12, '290-M': 8, 'DPJN-JJN-NGW': 4, '290-A': 28, '290-RA': 5, '290-R': 13, '290-EB': 0, '290-QA': 18, '290-Q': 14, 'TR-4A': 10, '290-T': 11, '290-HA': 0, '291-D': 22, '291-L': 3, '290-Z': 4, '290-P': 24, 'MBS-14': 10, 'SBS-JKR-ALSG-PTH': 1, 'CLO-RKH': 5, '291-K': 7, '291-A': 11, '291-E': 16, 'G-10': 0, '290 KBS-YLKOT': 2, '290-EY': 0, '290-QA NRG-RKHN': 1, '291-H': 21, '290-E STJHS-YLKOT': 0, 'KBS-NGVRJ-VNS': 1, '290-N': 40, '317-K': 0, 'TR-4 KMT-NGV': 1, '290-C': 63, '290EY KMT-YHKOT': 0, '290-E SBS-NGW-KLN': 0, '290-E ITCF-YHKOT': 0, 'V-SBS-KNB': 1, 'BSK-KRP-ITI': 1, '348-F': 14, 'BMSIT-3': 1, '213-D': 6, 'SBS-RJP': 2, 'SBS-HTN': 1, '375-D': 80}"
Periyar Nagara Circle Tannery Road,13.00864575,77.61331335,539,29159170,"{'SBS-AMC': 0, '290-EA': 0, '290-E SBS-PTH': 0, '291-N': 16, 'TR-4': 46, '290-EB KGR-YHK': 0, '253-A': 12, '290-M': 8, 'DPJN-JJN-NGW': 4, '290-A': 28, '290-H': 0, '290-RA': 5, '290-R': 13, '290-EB': 0, '290-QA': 18, '290-G': 0, '290-Q': 14, 'TR-4A': 10, '290-T': 11, '290-HA': 0, 'SBS-SDH': 2, '291-D': 22, '291-L': 3, '290-Z': 4, '290-P': 24, 'MBS-14': 10, 'SBS-JKR-ALSG-PTH': 1, 'CLO-RKH': 5, '291-K': 7, '291-A': 11, '291-E': 16, 'G-10': 0, '290 KBS-YLKOT': 2, '290-EY': 0, '290-KA KMT-PLG': 1, 'TR-4 JJN-PLG': 2, '290-QA NRG-RKHN': 1, '291-H': 21, '290-E STJHS-YLKOT': 0, 'KBS-NGVRJ-VNS': 1, '290-N': 40, '317-K': 0, '241-CD': 11, 'TR-4 KMT-NGV': 1, '290-C': 63, '290EY KMT-YHKOT': 0, '290-E SBS-NGW-KLN': 0, '290-E ITCF-YHKOT': 0, 'V-SBS-KNB': 1, 'BSK-KRP-ITI': 1, '348-F': 14, 'BMSIT-3': 1, '213-D': 6, 'SBS-RJP': 2, 'SBS-HTN': 1, '375-D': 80}"
Tannery Road Canara Bank,13.00680094,77.61247259,480,29159170,"{'SBS-AMC': 0, '290-EA': 0, '290-E SBS-PTH': 0, '291-N': 16, 'TR-4': 46, '290-EB KGR-YHK': 0, '253-A': 12, '290-M': 8, 'DPJN-JJN-NGW': 4, '290-A': 28, '290-R': 13, '290-EB': 0, '290-QA': 18, '290-G': 0, '290-Q': 14, 'TR-4A': 10, '290-T': 11, '290-HA': 0, '291-D': 22, '291-L': 3, '290-Z': 4, '290-P': 24, 'MBS-14': 10, 'SBS-JKR-ALSG-PTH': 1, 'CLO-RKH': 5, '291-K': 7, '291-A': 11, '291-E': 16, 'G-10': 0, '290 KBS-YLKOT': 2, '290-EY': 0, '290-KA KMT-PLG': 1, 'TR-4 JJN-PLG': 2, '290-QA NRG-RKHN': 1, '291-H': 21, '290-E STJHS-YLKOT': 0, 'KBS-NGVRJ-VNS': 1, '317-K': 0, 'TR-4 KMT-NGV': 1, '290-C': 63, '290EY KMT-YHKOT': 0, '290-E SBS-NGW-KLN': 0, '290-E ITCF-YHKOT': 0, 'V-SBS-KNB': 1, 'BSK-KRP-ITI': 1, '348-F': 14, '213-D': 6, 'SBS-RJP': 2, 'SBS-HTN': 1, '375-D': 80}"
Bilal Masjid Tanary Road,13.01178374,77.61654675,0,29159174,{}
Muslim Colony,13.01059863,77.61522169,724,29159174,"{'SBS-AMC': 0, '290-EA': 0, '290-E SBS-PTH': 0, '291-N': 16, 'TR-4': 46, '290-EB YHK-KGR': 0, '290-EB KGR-YHK': 0, 'NGW-DPJN': 6, '253-A': 12, '290-M': 8, 'DPJN-JJN-NGW': 4, '290-D': 19, '290-A': 28, '290-H': 0, '291-J': 26, '290-J': 0, '290-RA': 5, '290-R': 13, '290-J MSP-SBS': 0, '290-EB': 0, '290-QA': 18, '291-G': 20, '290-G': 0, '290-Q': 14, 'D10G-NGVR-JJN': 1, 'TR-4A': 10, '290-T': 11, '290-S': 13, '290-HA': 0, 'KLNB-BKC': 1, 'SBS-SDH': 2, 'PTH-SBS1': 4, '291-D': 22, '291-L': 3, '290-Z': 4, '290-P': 24, 'MBS-14': 10, 'SBS-JKR-ALSG-PTH': 1, 'CLO-RKH': 5, '291-K': 7, '291-A': 11, '291-E': 16, 'G-10': 0, '290 KBS-YLKOT': 2, '290-EY': 0, '291-R': 15, 'KLN-JJN': 1, '290-KA KMT-PLG': 1, 'TR-4 JJN-PLG': 2, '290-QA NRG-RKHN': 1, 'MSP-ARMYK': 1, '291-H': 21, '291-B': 2, '290-E STJHS-YLKOT': 0, 'KBS-NGVRJ-VNS': 1, '63 SBS-DPJN': 1, '290-F': 0, '290-N': 40, '317-K': 0, '241-CD': 11, 'TR-4 NGV-MRBS': 2, 'TR-4 KMT-NGV': 1, '290-C': 63, 'MBS-2': 17, '290EY KMT-YHKOT': 0, 'MBS2 PTH-MRHSPG': 1, '290-E SBS-NGW-KLN': 0, '290-E ITCF-YHKOT': 0, 'V-SBS-KNB': 1, '290-E': 52, 'PTH-SBS': 3, 'BSK-KRP-ITI': 1, '348-F': 14, 'BMSIT-3': 1, '213-D': 6, 'SBS-RJP': 2, 'SBS-HTN': 1, '375-D': 80}"
P,13.01211563,77.61606932,523,29159174,"{'290-EA': 0, '290-E SBS-PTH': 0, '291-N': 16, 'TR-4': 46, '290-EB KGR-YHK': 0, '253-A': 12, '290-M': 8, 'DPJN-JJN-NGW': 4, '290-A': 28, '290-RA': 5, '290-R': 13, '290-EB': 0, '290-QA': 18, '290-Q': 14, 'TR-4A': 10, '290-T': 11, '290-HA': 0, '291-D': 22, '291-L': 3, '290-Z': 4, '290-P': 24, 'MBS-14': 10, 'SBS-JKR-ALSG-PTH': 1, 'CLO-RKH': 5, '291-K': 7, '291-A': 11, '291-E': 16, 'G-10': 0, '290 KBS-YLKOT': 2, '290-EY': 0, '290-QA NRG-RKHN': 1, '291-H': 21, '290-E STJHS-YLKOT': 0, 'KBS-NGVRJ-VNS': 1, '290-N': 40, '317-K': 0, 'TR-4 KMT-NGV': 1, '290-C': 63, '290EY KMT-YHKOT': 0, '290-E SBS-NGW-KLN': 0, '290-E ITCF-YHKOT': 0, 'V-SBS-KNB': 1, 'BSK-KRP-ITI': 1, '348-F': 14, 'BMSIT-3': 1, '213-D': 6, 'SBS-RJP': 2, 'SBS-HTN': 1, '375-D': 80}"
Periyar Nagara Circle Tannery Road,13.00864575,77.61331335,539,29159174,"{'SBS-AMC': 0, '290-EA': 0, '290-E SBS-PTH': 0, '291-N': 16, 'TR-4': 46, '290-EB KGR-YHK': 0, '253-A': 12, '290-M': 8, 'DPJN-JJN-NGW': 4, '290-A': 28, '290-H': 0, '290-RA': 5, '290-R': 13, '290-EB': 0, '290-QA': 18, '290-G': 0, '290-Q': 14, 'TR-4A': 10, '290-T': 11, '290-HA': 0, 'SBS-SDH': 2, '291-D': 22, '291-L': 3, '290-Z': 4, '290-P': 24, 'MBS-14': 10, 'SBS-JKR-ALSG-PTH': 1, 'CLO-RKH': 5, '291-K': 7, '291-A': 11, '291-E': 16, 'G-10': 0, '290 KBS-YLKOT': 2, '290-EY': 0, '290-KA KMT-PLG': 1, 'TR-4 JJN-PLG': 2, '290-QA NRG-RKHN': 1, '291-H': 21, '290-E STJHS-YLKOT': 0, 'KBS-NGVRJ-VNS': 1, '290-N': 40, '317-K': 0, '241-CD': 11, 'TR-4 KMT-NGV': 1, '290-C': 63, '290EY KMT-YHKOT': 0, '290-E SBS-NGW-KLN': 0, '290-E ITCF-YHKOT': 0, 'V-SBS-KNB': 1, 'BSK-KRP-ITI': 1, '348-F': 14, 'BMSIT-3': 1, '213-D': 6, 'SBS-RJP': 2, 'SBS-HTN': 1, '375-D': 80}"
Pillanna Garden 9th Main,13.01192877,77.61757806,3,29159174,"{'290-KA KMT-PLG': 1, 'TR-4 JJN-PLG': 2}"
Tannery Road Canara Bank,13.00680094,77.61247259,480,29159174,"{'SBS-AMC': 0, '290-EA': 0, '290-E SBS-PTH': 0, '291-N': 16, 'TR-4': 46, '290-EB KGR-YHK': 0, '253-A': 12, '290-M': 8, 'DPJN-JJN-NGW': 4, '290-A': 28, '290-R': 13, '290-EB': 0, '290-QA': 18, '290-G': 0, '290-Q': 14, 'TR-4A': 10, '290-T': 11, '290-HA': 0, '291-D': 22, '291-L': 3, '290-Z': 4, '290-P': 24, 'MBS-14': 10, 'SBS-JKR-ALSG-PTH': 1, 'CLO-RKH': 5, '291-K': 7, '291-A': 11, '291-E': 16, 'G-10': 0, '290 KBS-YLKOT': 2, '290-EY': 0, '290-KA KMT-PLG': 1, 'TR-4 JJN-PLG': 2, '290-QA NRG-RKHN': 1, '291-H': 21, '290-E STJHS-YLKOT': 0, 'KBS-NGVRJ-VNS': 1, '317-K': 0, 'TR-4 KMT-NGV': 1, '290-C': 63, '290EY KMT-YHKOT': 0, '290-E SBS-NGW-KLN': 0, '290-E ITCF-YHKOT': 0, 'V-SBS-KNB': 1, 'BSK-KRP-ITI': 1, '348-F': 14, '213-D': 6, 'SBS-RJP': 2, 'SBS-HTN': 1, '375-D': 80}"
Byadarahalli Jayamahal,13.00116812,77.60973930,16,29159175,{'210-X': 16}
Clarence School,13.00226912,77.61665130,1946,29159175,"{'327-C': 14, '301-E': 39, '300-E': 55, '300-D': 37, '300-H': 48, 'SBS-D10G': 31, '295-D': 21, 'KBS-D10G': 8, '302-C': 11, '293-P': 12, '296-V': 13, 'D10G-MRG': 2, 'G-11': 35, '296-C': 18, 'KLN-LGP-SBS': 14, '292-E': 12, 'D10G-SBS': 6, '292-C': 30, '401-M NLO-CLO': 1, '302-J': 29, '300-B': 29, 'KBS-HNR-CHLS': 3, '302-GA': 19, '303-F': 21, 'MGMS-KLN': 2, '292-D': 17, '293-H': 19, '292-B': 12, '293-A': 16, '79-K': 13, 'SBS-KLN': 27, '294-F': 9, '294-B': 0, '300-DA': 15, '294-E': 18, '294-H': 26, 'KBS-KLN': 6, '295-A': 14, '296-N': 17, '293-R': 13, '293-S': 32, '300-T': 11, '293-K': 13, '296-A': 17, '296-B': 19, '296-D': 26, '296-K': 4, '293-F': 11, 'SBS-HNS': 3, '293-J': 11, 'SBS-RYL': 2, '327-D': 5, '295-C': 34, '300-A': 14, '295-E': 12, '295-B': 15, '295-G': 17, 'KBS-BSP-HMA': 1, 'SBS-BSP-HMA': 3, '294-A': 11, '293-B': 11, '294-C SBS-JTN': 32, 'SBS-CHLS': 2, '296-T': 17, 'KBS-LGP-CHLS': 1, 'SGH-SBS': 2, 'G-11 SNBS-BLR': 1, '301-F': 6, '300-P': 46, '300-E SBS-KTMLRG': 2, 'KMT-BLS-YPB': 1, '300-C': 19, 'SBS-BPS-KLK': 2, 'VSD-BSP-KLK': 1, '293-G': 30, '215-NB': 12, 'D10G-SOPHIA': 1, 'BMESU-HBL': 4, '242-GA KBS-EWC': 2, '302-D': 35, '300-K': 13, '348-H': 12, '302-N': 38, 'KMT-CHLS': 0, 'KLNB-LGP-BSK': 3, '276-AB BMT45-DBH': 1, '293-N': 15, '300-F': 17, '296-Q': 23, '302 SBS-KLN': 3, '80-F': 35, '302 VSD-KLN': 4, '293-C OASIS-KMT': 1, 'KBS-BDSN': 4, '302-F': 39, 'SJHS-LGP-HBL': 3, '296-F': 10, 'KLNB-LGP-KBS': 2, 'MF-4': 15, '303-E': 32, '302-B': 40, '293-C': 32, '302-E': 14, '303-C': 24, '293-D': 12, '293-M': 11, '296-M': 6, '293-L': 11, '314-N': 26, 'BMT10-NRG': 1, 'KBS-SDSH': 1, 'HMNL-SJHS': 1, 'BMES-SBS': 3, 'KLNB-LGP-SBSP': 1, 'KLNB-LGP-SSMT': 1, 'SBS-SVPSH': 1, 'SBS-SMHSL': 3, '293 KBS-SMHS': 2, 'SBS-SVPSL': 2, 'SOPHIYA-1': 2, '296 SBS-BMESL': 1, 'BCGHS-18': 2, 'VNS-03': 3, '302 BMT10-SBS': 2, '293-E': 10, 'OASIS-2B': 2, 'D24-TNF-WTP': 1, 'KBS-SVPSB': 1, '295-D SBS-BMT10': 1, '302-A': 20, 'GDWC-BGL': 1, '129 KBS-BNWRS': 1, '293 SBS-HMN': 7, '293 SBS-LGP-KLN': 4, '330 SBS-ABISRO': 2, '301-D': 18, '301-G': 17, '303-G': 29, '302-G': 19, '293G SBS-BMT48': 16, '293F KMT-BMT48': 6, '293S KBS-BMT48': 6, 'ARMY-3': 3, 'D10G-BMES': 1, '293 BMT10-ARMY': 2, '295-KMT-D48': 2, '300-H  KBS-ITICG': 3, '294-C BMT48-MGMS': 1, 'CRISTAL-3': 1, 'G11-BMT48-MGMS': 2, '294-D': 12, '290-E ITCF-YHKOT': 0, '500-A CSB-SJHSU': 3, '293-S KBS-HNS': 2, 'HALM-SBS-BMES': 1, 'SVM-SBS-BMES': 1, '301-A': 12, 'AMRY-2': 4}"
Doddy Tannery Road,13.00257755,77.61206767,540,29159175,"{'SBS-AMC': 0, '290-EA': 0, '290-E SBS-PTH': 0, '291-N': 16, 'TR-4': 46, '290-EB KGR-YHK': 0, '253-A': 12, '290-M': 8, 'DPJN-JJN-NGW': 4, '290-A': 28, '290-H': 0, '290-RA': 5, '290-R': 13, '290-EB': 0, '290-QA': 18, '290-G': 0, '290-Q': 14, 'TR-4A': 10, '290-T': 11, '290-HA': 0, 'SBS-SDH': 2, '291-D': 22, '291-L': 3, '290-Z': 4, '290-P': 24, 'MBS-14': 10, 'SBS-JKR-ALSG-PTH': 1, 'CLO-RKH': 5, '291-K': 7, '291-A': 11, '291-E': 16, 'G-10': 0, '290 KBS-YLKOT': 2, '290-EY': 0, '290-KA KMT-PLG': 1, 'TR-4 JJN-PLG': 2, '290-QA NRG-RKHN': 1, '291-H': 21, '94E YPRTTMC-TRDBS': 1, '290-E STJHS-YLKOT': 0, 'KBS-NGVRJ-VNS': 1, '290-N': 40, '317-K': 0, '241-CD': 11, 'TR-4 KMT-NGV': 1, '290-C': 63, '290EY KMT-YHKOT': 0, '290-E SBS-NGW-KLN': 0, '290-E ITCF-YHKOT': 0, 'V-SBS-KNB': 1, 'BSK-KRP-ITI': 1, '348-F': 14, 'BMSIT-3': 1, '213-D': 6, 'SBS-RJP': 2, 'SBS-HTN': 1, '375-D': 80}"
Frazer Town,13.00095911,77.61294625,1227,29159175,"{'327-C': 14, 'NGW-DPJN': 6, 'SBS-D10G': 31, '295-D': 21, 'KBS-D10G': 8, '293-P': 12, '296-V': 13, 'D10G-MRG': 2, '290-D': 19, 'G-11': 35, '296-C': 18, 'KLN-LGP-SBS': 14, '292-E': 12, 'D10G-SBS': 6, '292-C': 30, '401-M NLO-CLO': 1, '291-J': 26, 'MGMS-KLN': 2, '292-D': 17, '293-H': 19, '290-J': 0, '292-B': 12, '293-A': 16, 'SBS-KLN': 27, '290-J MSP-SBS': 0, '294-F': 9, '294-B': 0, '294-E': 18, '294-H': 26, '295-A': 14, '296-N': 17, '293-R': 13, '293-S': 32, '293-K': 13, '296-A': 17, '296-B': 19, '296-D': 26, '296-K': 4, '293-F': 11, 'SBS-HNS': 3, '293-J': 11, 'SBS-RYL': 2, '327-D': 5, '295-C': 34, '295-E': 12, '295-B': 15, '295-G': 17, '294-A': 11, '293-B': 11, '294-C SBS-JTN': 32, 'SBS-CHLS': 2, '296-T': 17, 'KBS-LGP-CHLS': 1, 'SGH-SBS': 2, 'G-11 SNBS-BLR': 1, 'D10G-NGVR-JJN': 1, 'KMT-BLS-YPB': 1, '293-G': 30, '215-NB': 12, 'D10G-SOPHIA': 1, 'BMESU-HBL': 4, '302-D': 35, 'KLNB-BKC': 1, '348-H': 12, 'PTH-SBS1': 4, 'KMT-CHLS': 0, 'KLNB-LGP-BSK': 3, '293-N': 15, '296-Q': 23, '302 SBS-KLN': 3, '80-F': 35, '302 VSD-KLN': 4, '293-C OASIS-KMT': 1, '296-F': 10, 'KLNB-LGP-KBS': 2, '293-C': 32, '293-D': 12, '293-M': 11, '293-L': 11, 'JGF-2': 3, 'KLN-JJN': 1, '314-N': 26, 'K-6': 41, 'MSP-ARMYK': 1, 'HMNL-SJHS': 1, 'BMES-SBS': 3, 'KLNB-LGP-SBSP': 1, 'KLNB-LGP-SSMT': 1, 'ITPL-2A': 2, 'SBS-SMHSL': 3, '293 KBS-SMHS': 2, 'SHS-10': 2, '296 SBS-BMESL': 1, 'BCGHS-9': 2, 'VNS-03': 3, 'SJHS-9': 1, '302 BMT10-SBS': 2, 'BELGS-46': 2, 'BTP-27A': 2, '293-E': 10, 'OASIS-2B': 2, 'WTP-JVH-KRP': 1, '295-D SBS-BMT10': 1, '290-F': 0, 'TR-4 NGV-MRBS': 2, 'GDWC-BGL': 1, '129 KBS-BNWRS': 1, 'MBS-2': 17, '293 SBS-HMN': 7, '293 SBS-LGP-KLN': 4, 'VCS-ORRCA-112 ULSL-ORRCA': 2, '293G SBS-BMT48': 16, '293F KMT-BMT48': 6, '293S KBS-BMT48': 6, 'D10G-BMES': 1, 'MBS2 PTH-MRHSPG': 1, '293 BMT10-ARMY': 2, '295-KMT-D48': 2, '294-C BMT48-MGMS': 1, 'CRISTAL-3': 1, 'G11-BMT48-MGMS': 2, '294-D': 12, '293-S KBS-HNS': 2, 'HALM-SBS-BMES': 1, 'SVM-SBS-BMES': 1}"
Mosque Road,13.00031693,77.61607925,530,29159175,"{'300-E': 55, '302-C': 11, '302-J': 29, '300-B': 29, '302-GA': 19, '303-F': 21, '300-T': 11, 'KBS-BSP-HMA': 1, 'SBS-BSP-HMA': 3, 'D10G-KMH-SBS': 2, '300-D': 37, '300-E SBS-KTMLRG': 2, '302-N': 38, '276-AB BMT45-DBH': 1, '300-F': 17, '302-F': 39, 'SJHS-LGP-HBL': 3, '303-E': 32, '302-B': 40, '302-E': 14, 'OASIS-4A': 3, 'OASIS-2A': 2, 'KBS-SDSH': 1, 'SOPHIYA-15': 2, 'SBS-SVPSH': 1, 'SBS-SVPSL': 2, 'SHS-10': 2, 'BMES-5': 3, 'BCGHS-18': 2, 'STJOHN-5': 2, 'CALLBUS-05': 1, 'BELGS-46': 2, 'KBS-SVPSB': 1, '302-A': 20, 'VCS-MEBP-12 BSK-MEBP': 1, '330 SBS-ABISRO': 2, '301-G': 17, '303-G': 29, '302-G': 19, 'D10G-BMES': 1, '300-H  ITICG-KBS': 1, '301-A': 12}"
Periyar Nagara Circle Tannery Road,13.00864575,77.61331335,539,29159175,"{'SBS-AMC': 0, '290-EA': 0, '290-E SBS-PTH': 0, '291-N': 16, 'TR-4': 46, '290-EB KGR-YHK': 0, '253-A': 12, '290-M': 8, 'DPJN-JJN-NGW': 4, '290-A': 28, '290-H': 0, '290-RA': 5, '290-R': 13, '290-EB': 0, '290-QA': 18, '290-G': 0, '290-Q': 14, 'TR-4A': 10, '290-T': 11, '290-HA': 0, 'SBS-SDH': 2, '291-D': 22, '291-L': 3, '290-Z': 4, '290-P': 24, 'MBS-14': 10, 'SBS-JKR-ALSG-PTH': 1, 'CLO-RKH': 5, '291-K': 7, '291-A': 11, '291-E': 16, 'G-10': 0, '290 KBS-YLKOT': 2, '290-EY': 0, '290-KA KMT-PLG': 1, 'TR-4 JJN-PLG': 2, '290-QA NRG-RKHN': 1, '291-H': 21, '290-E STJHS-YLKOT': 0, 'KBS-NGVRJ-VNS': 1, '290-N': 40, '317-K': 0, '241-CD': 11, 'TR-4 KMT-NGV': 1, '290-C': 63, '290EY KMT-YHKOT': 0, '290-E SBS-NGW-KLN': 0, '290-E ITCF-YHKOT': 0, 'V-SBS-KNB': 1, 'BSK-KRP-ITI': 1, '348-F': 14, 'BMSIT-3': 1, '213-D': 6, 'SBS-RJP': 2, 'SBS-HTN': 1, '375-D': 80}"
Pottery Town,13.00243146,77.60914089,0,29159175,{}
Tannery Road Canara Bank,13.00680094,77.61247259,480,29159175,"{'SBS-AMC': 0, '290-EA': 0, '290-E SBS-PTH': 0, '291-N': 16, 'TR-4': 46, '290-EB KGR-YHK': 0, '253-A': 12, '290-M': 8, 'DPJN-JJN-NGW': 4, '290-A': 28, '290-R': 13, '290-EB': 0, '290-QA': 18, '290-G': 0, '290-Q': 14, 'TR-4A': 10, '290-T': 11, '290-HA': 0, '291-D': 22, '291-L': 3, '290-Z': 4, '290-P': 24, 'MBS-14': 10, 'SBS-JKR-ALSG-PTH': 1, 'CLO-RKH': 5, '291-K': 7, '291-A': 11, '291-E': 16, 'G-10': 0, '290 KBS-YLKOT': 2, '290-EY': 0, '290-KA KMT-PLG': 1, 'TR-4 JJN-PLG': 2, '290-QA NRG-RKHN': 1, '291-H': 21, '290-E STJHS-YLKOT': 0, 'KBS-NGVRJ-VNS': 1, '317-K': 0, 'TR-4 KMT-NGV': 1, '290-C': 63, '290EY KMT-YHKOT': 0, '290-E SBS-NGW-KLN': 0, '290-E ITCF-YHKOT': 0, 'V-SBS-KNB': 1, 'BSK-KRP-ITI': 1, '348-F': 14, '213-D': 6, 'SBS-RJP': 2, 'SBS-HTN': 1, '375-D': 80}"
Byadarahalli Jayamahal,13.00116812,77.60973930,16,29159178,{'210-X': 16}
Chinnappa Garden,13.00302002,77.60353880,38,29159178,"{'266-N': 12, 'BELGS-35': 0, '119-B': 15, 'OASIS-3A': 1, 'OASIS-3B': 2, 'BEMLA-28': 2, 'SHS-10': 2, 'BEMLB-22': 4}"
Doddy Tannery Road,13.00257755,77.61206767,540,29159178,"{'SBS-AMC': 0, '290-EA': 0, '290-E SBS-PTH': 0, '291-N': 16, 'TR-4': 46, '290-EB KGR-YHK': 0, '253-A': 12, '290-M': 8, 'DPJN-JJN-NGW': 4, '290-A': 28, '290-H': 0, '290-RA': 5, '290-R': 13, '290-EB': 0, '290-QA': 18, '290-G': 0, '290-Q': 14, 'TR-4A': 10, '290-T': 11, '290-HA': 0, 'SBS-SDH': 2, '291-D': 22, '291-L': 3, '290-Z': 4, '290-P': 24, 'MBS-14': 10, 'SBS-JKR-ALSG-PTH': 1, 'CLO-RKH': 5, '291-K': 7, '291-A': 11, '291-E': 16, 'G-10': 0, '290 KBS-YLKOT': 2, '290-EY': 0, '290-KA KMT-PLG': 1, 'TR-4 JJN-PLG': 2, '290-QA NRG-RKHN': 1, '291-H': 21, '94E YPRTTMC-TRDBS': 1, '290-E STJHS-YLKOT': 0, 'KBS-NGVRJ-VNS': 1, '290-N': 40, '317-K': 0, '241-CD': 11, 'TR-4 KMT-NGV': 1, '290-C': 63, '290EY KMT-YHKOT': 0, '290-E SBS-NGW-KLN': 0, '290-E ITCF-YHKOT': 0, 'V-SBS-KNB': 1, 'BSK-KRP-ITI': 1, '348-F': 14, 'BMSIT-3': 1, '213-D': 6, 'SBS-RJP': 2, 'SBS-HTN': 1, '375-D': 80}"
Pottery Town,13.00243146,77.60914089,0,29159178,{}
Tannery Road Canara Bank,13.00680094,77.61247259,480,29159178,"{'SBS-AMC': 0, '290-EA': 0, '290-E SBS-PTH': 0, '291-N': 16, 'TR-4': 46, '290-EB KGR-YHK': 0, '253-A': 12, '290-M': 8, 'DPJN-JJN-NGW': 4, '290-A': 28, '290-R': 13, '290-EB': 0, '290-QA': 18, '290-G': 0, '290-Q': 14, 'TR-4A': 10, '290-T': 11, '290-HA': 0, '291-D': 22, '291-L': 3, '290-Z': 4, '290-P': 24, 'MBS-14': 10, 'SBS-JKR-ALSG-PTH': 1, 'CLO-RKH': 5, '291-K': 7, '291-A': 11, '291-E': 16, 'G-10': 0, '290 KBS-YLKOT': 2, '290-EY': 0, '290-KA KMT-PLG': 1, 'TR-4 JJN-PLG': 2, '290-QA NRG-RKHN': 1, '291-H': 21, '290-E STJHS-YLKOT': 0, 'KBS-NGVRJ-VNS': 1, '317-K': 0, 'TR-4 KMT-NGV': 1, '290-C': 63, '290EY KMT-YHKOT': 0, '290-E SBS-NGW-KLN': 0, '290-E ITCF-YHKOT': 0, 'V-SBS-KNB': 1, 'BSK-KRP-ITI': 1, '348-F': 14, '213-D': 6, 'SBS-RJP': 2, 'SBS-HTN': 1, '375-D': 80}"
Williams Town Park,12.99998422,77.60748558,2,29159178,"{'BELGS-35': 0, 'D24-TNF-WTP': 1, 'WTP-JVH-KRP': 1}"
Bilal Masjid Tanary Road,13.01178374,77.61654675,0,29159181,{}
Muslim Colony,13.01059863,77.61522169,724,29159181,"{'SBS-AMC': 0, '290-EA': 0, '290-E SBS-PTH': 0, '291-N': 16, 'TR-4': 46, '290-EB YHK-KGR': 0, '290-EB KGR-YHK': 0, 'NGW-DPJN': 6, '253-A': 12, '290-M': 8, 'DPJN-JJN-NGW': 4, '290-D': 19, '290-A': 28, '290-H': 0, '291-J': 26, '290-J': 0, '290-RA': 5, '290-R': 13, '290-J MSP-SBS': 0, '290-EB': 0, '290-QA': 18, '291-G': 20, '290-G': 0, '290-Q': 14, 'D10G-NGVR-JJN': 1, 'TR-4A': 10, '290-T': 11, '290-S': 13, '290-HA': 0, 'KLNB-BKC': 1, 'SBS-SDH': 2, 'PTH-SBS1': 4, '291-D': 22, '291-L': 3, '290-Z': 4, '290-P': 24, 'MBS-14': 10, 'SBS-JKR-ALSG-PTH': 1, 'CLO-RKH': 5, '291-K': 7, '291-A': 11, '291-E': 16, 'G-10': 0, '290 KBS-YLKOT': 2, '290-EY': 0, '291-R': 15, 'KLN-JJN': 1, '290-KA KMT-PLG': 1, 'TR-4 JJN-PLG': 2, '290-QA NRG-RKHN': 1, 'MSP-ARMYK': 1, '291-H': 21, '291-B': 2, '290-E STJHS-YLKOT': 0, 'KBS-NGVRJ-VNS': 1, '63 SBS-DPJN': 1, '290-F': 0, '290-N': 40, '317-K': 0, '241-CD': 11, 'TR-4 NGV-MRBS': 2, 'TR-4 KMT-NGV': 1, '290-C': 63, 'MBS-2': 17, '290EY KMT-YHKOT': 0, 'MBS2 PTH-MRHSPG': 1, '290-E SBS-NGW-KLN': 0, '290-E ITCF-YHKOT': 0, 'V-SBS-KNB': 1, '290-E': 52, 'PTH-SBS': 3, 'BSK-KRP-ITI': 1, '348-F': 14, 'BMSIT-3': 1, '213-D': 6, 'SBS-RJP': 2, 'SBS-HTN': 1, '375-D': 80}"
P,13.01211563,77.61606932,523,29159181,"{'290-EA': 0, '290-E SBS-PTH': 0, '291-N': 16, 'TR-4': 46, '290-EB KGR-YHK': 0, '253-A': 12, '290-M': 8, 'DPJN-JJN-NGW': 4, '290-A': 28, '290-RA': 5, '290-R': 13, '290-EB': 0, '290-QA': 18, '290-Q': 14, 'TR-4A': 10, '290-T': 11, '290-HA': 0, '291-D': 22, '291-L': 3, '290-Z': 4, '290-P': 24, 'MBS-14': 10, 'SBS-JKR-ALSG-PTH': 1, 'CLO-RKH': 5, '291-K': 7, '291-A': 11, '291-E': 16, 'G-10': 0, '290 KBS-YLKOT': 2, '290-EY': 0, '290-QA NRG-RKHN': 1, '291-H': 21, '290-E STJHS-YLKOT': 0, 'KBS-NGVRJ-VNS': 1, '290-N': 40, '317-K': 0, 'TR-4 KMT-NGV': 1, '290-C': 63, '290EY KMT-YHKOT': 0, '290-E SBS-NGW-KLN': 0, '290-E ITCF-YHKOT': 0, 'V-SBS-KNB': 1, 'BSK-KRP-ITI': 1, '348-F': 14, 'BMSIT-3': 1, '213-D': 6, 'SBS-RJP': 2, 'SBS-HTN': 1, '375-D': 80}"
Periyar Nagara Circle Tannery Road,13.00864575,77.61331335,539,29159181,"{'SBS-AMC': 0, '290-EA': 0, '290-E SBS-PTH': 0, '291-N': 16, 'TR-4': 46, '290-EB KGR-YHK': 0, '253-A': 12, '290-M': 8, 'DPJN-JJN-NGW': 4, '290-A': 28, '290-H': 0, '290-RA': 5, '290-R': 13, '290-EB': 0, '290-QA': 18, '290-G': 0, '290-Q': 14, 'TR-4A': 10, '290-T': 11, '290-HA': 0, 'SBS-SDH': 2, '291-D': 22, '291-L': 3, '290-Z': 4, '290-P': 24, 'MBS-14': 10, 'SBS-JKR-ALSG-PTH': 1, 'CLO-RKH': 5, '291-K': 7, '291-A': 11, '291-E': 16, 'G-10': 0, '290 KBS-YLKOT': 2, '290-EY': 0, '290-KA KMT-PLG': 1, 'TR-4 JJN-PLG': 2, '290-QA NRG-RKHN': 1, '291-H': 21, '290-E STJHS-YLKOT': 0, 'KBS-NGVRJ-VNS': 1, '290-N': 40, '317-K': 0, '241-CD': 11, 'TR-4 KMT-NGV': 1, '290-C': 63, '290EY KMT-YHKOT': 0, '290-E SBS-NGW-KLN': 0, '290-E ITCF-YHKOT': 0, 'V-SBS-KNB': 1, 'BSK-KRP-ITI': 1, '348-F': 14, 'BMSIT-3': 1, '213-D': 6, 'SBS-RJP': 2, 'SBS-HTN': 1, '375-D': 80}"
Pillanna Garden 9th Main,13.01192877,77.61757806,3,29159181,"{'290-KA KMT-PLG': 1, 'TR-4 JJN-PLG': 2}"
Tannery Road Canara Bank,13.00680094,77.61247259,480,29159181,"{'SBS-AMC': 0, '290-EA': 0, '290-E SBS-PTH': 0, '291-N': 16, 'TR-4': 46, '290-EB KGR-YHK': 0, '253-A': 12, '290-M': 8, 'DPJN-JJN-NGW': 4, '290-A': 28, '290-R': 13, '290-EB': 0, '290-QA': 18, '290-G': 0, '290-Q': 14, 'TR-4A': 10, '290-T': 11, '290-HA': 0, '291-D': 22, '291-L': 3, '290-Z': 4, '290-P': 24, 'MBS-14': 10, 'SBS-JKR-ALSG-PTH': 1, 'CLO-RKH': 5, '291-K': 7, '291-A': 11, '291-E': 16, 'G-10': 0, '290 KBS-YLKOT': 2, '290-EY': 0, '290-KA KMT-PLG': 1, 'TR-4 JJN-PLG': 2, '290-QA NRG-RKHN': 1, '291-H': 21, '290-E STJHS-YLKOT': 0, 'KBS-NGVRJ-VNS': 1, '317-K': 0, 'TR-4 KMT-NGV': 1, '290-C': 63, '290EY KMT-YHKOT': 0, '290-E SBS-NGW-KLN': 0, '290-E ITCF-YHKOT': 0, 'V-SBS-KNB': 1, 'BSK-KRP-ITI': 1, '348-F': 14, '213-D': 6, 'SBS-RJP': 2, 'SBS-HTN': 1, '375-D': 80}"
Doddy Tannery Road,13.00257755,77.61206767,540,29159182,"{'SBS-AMC': 0, '290-EA': 0, '290-E SBS-PTH': 0, '291-N': 16, 'TR-4': 46, '290-EB KGR-YHK': 0, '253-A': 12, '290-M': 8, 'DPJN-JJN-NGW': 4, '290-A': 28, '290-H': 0, '290-RA': 5, '290-R': 13, '290-EB': 0, '290-QA': 18, '290-G': 0, '290-Q': 14, 'TR-4A': 10, '290-T': 11, '290-HA': 0, 'SBS-SDH': 2, '291-D': 22, '291-L': 3, '290-Z': 4, '290-P': 24, 'MBS-14': 10, 'SBS-JKR-ALSG-PTH': 1, 'CLO-RKH': 5, '291-K': 7, '291-A': 11, '291-E': 16, 'G-10': 0, '290 KBS-YLKOT': 2, '290-EY': 0, '290-KA KMT-PLG': 1, 'TR-4 JJN-PLG': 2, '290-QA NRG-RKHN': 1, '291-H': 21, '94E YPRTTMC-TRDBS': 1, '290-E STJHS-YLKOT': 0, 'KBS-NGVRJ-VNS': 1, '290-N': 40, '317-K': 0, '241-CD': 11, 'TR-4 KMT-NGV': 1, '290-C': 63, '290EY KMT-YHKOT': 0, '290-E SBS-NGW-KLN': 0, '290-E ITCF-YHKOT': 0, 'V-SBS-KNB': 1, 'BSK-KRP-ITI': 1, '348-F': 14, 'BMSIT-3': 1, '213-D': 6, 'SBS-RJP': 2, 'SBS-HTN': 1, '375-D': 80}"
Muslim Colony,13.01059863,77.61522169,724,29159182,"{'SBS-AMC': 0, '290-EA': 0, '290-E SBS-PTH': 0, '291-N': 16, 'TR-4': 46, '290-EB YHK-KGR': 0, '290-EB KGR-YHK': 0, 'NGW-DPJN': 6, '253-A': 12, '290-M': 8, 'DPJN-JJN-NGW': 4, '290-D': 19, '290-A': 28, '290-H': 0, '291-J': 26, '290-J': 0, '290-RA': 5, '290-R': 13, '290-J MSP-SBS': 0, '290-EB': 0, '290-QA': 18, '291-G': 20, '290-G': 0, '290-Q': 14, 'D10G-NGVR-JJN': 1, 'TR-4A': 10, '290-T': 11, '290-S': 13, '290-HA': 0, 'KLNB-BKC': 1, 'SBS-SDH': 2, 'PTH-SBS1': 4, '291-D': 22, '291-L': 3, '290-Z': 4, '290-P': 24, 'MBS-14': 10, 'SBS-JKR-ALSG-PTH': 1, 'CLO-RKH': 5, '291-K': 7, '291-A': 11, '291-E': 16, 'G-10': 0, '290 KBS-YLKOT': 2, '290-EY': 0, '291-R': 15, 'KLN-JJN': 1, '290-KA KMT-PLG': 1, 'TR-4 JJN-PLG': 2, '290-QA NRG-RKHN': 1, 'MSP-ARMYK': 1, '291-H': 21, '291-B': 2, '290-E STJHS-YLKOT': 0, 'KBS-NGVRJ-VNS': 1, '63 SBS-DPJN': 1, '290-F': 0, '290-N': 40, '317-K': 0, '241-CD': 11, 'TR-4 NGV-MRBS': 2, 'TR-4 KMT-NGV': 1, '290-C': 63, 'MBS-2': 17, '290EY KMT-YHKOT': 0, 'MBS2 PTH-MRHSPG': 1, '290-E SBS-NGW-KLN': 0, '290-E ITCF-YHKOT': 0, 'V-SBS-KNB': 1, '290-E': 52, 'PTH-SBS': 3, 'BSK-KRP-ITI': 1, '348-F': 14, 'BMSIT-3': 1, '213-D': 6, 'SBS-RJP': 2, 'SBS-HTN': 1, '375-D': 80}"
Periyar Nagara Circle Tannery Road,13.00864575,77.61331335,539,29159182,"{'SBS-AMC': 0, '290-EA': 0, '290-E SBS-PTH': 0, '291-N': 16, 'TR-4': 46, '290-EB KGR-YHK': 0, '253-A': 12, '290-M': 8, 'DPJN-JJN-NGW': 4, '290-A': 28, '290-H': 0, '290-RA': 5, '290-R': 13, '290-EB': 0, '290-QA': 18, '290-G': 0, '290-Q': 14, 'TR-4A': 10, '290-T': 11, '290-HA': 0, 'SBS-SDH': 2, '291-D': 22, '291-L': 3, '290-Z': 4, '290-P': 24, 'MBS-14': 10, 'SBS-JKR-ALSG-PTH': 1, 'CLO-RKH': 5, '291-K': 7, '291-A': 11, '291-E': 16, 'G-10': 0, '290 KBS-YLKOT': 2, '290-EY': 0, '290-KA KMT-PLG': 1, 'TR-4 JJN-PLG': 2, '290-QA NRG-RKHN': 1, '291-H': 21, '290-E STJHS-YLKOT': 0, 'KBS-NGVRJ-VNS': 1, '290-N': 40, '317-K': 0, '241-CD': 11, 'TR-4 KMT-NGV': 1, '290-C': 63, '290EY KMT-YHKOT': 0, '290-E SBS-NGW-KLN': 0, '290-E ITCF-YHKOT': 0, 'V-SBS-KNB': 1, 'BSK-KRP-ITI': 1, '348-F': 14, 'BMSIT-3': 1, '213-D': 6, 'SBS-RJP': 2, 'SBS-HTN': 1, '375-D': 80}"
Tannery Road Canara Bank,13.00680094,77.61247259,480,29159182,"{'SBS-AMC': 0, '290-EA': 0, '290-E SBS-PTH': 0, '291-N': 16, 'TR-4': 46, '290-EB KGR-YHK': 0, '253-A': 12, '290-M': 8, 'DPJN-JJN-NGW': 4, '290-A': 28, '290-R': 13, '290-EB': 0, '290-QA': 18, '290-G': 0, '290-Q': 14, 'TR-4A': 10, '290-T': 11, '290-HA': 0, '291-D': 22, '291-L': 3, '290-Z': 4, '290-P': 24, 'MBS-14': 10, 'SBS-JKR-ALSG-PTH': 1, 'CLO-RKH': 5, '291-K': 7, '291-A': 11, '291-E': 16, 'G-10': 0, '290 KBS-YLKOT': 2, '290-EY': 0, '290-KA KMT-PLG': 1, 'TR-4 JJN-PLG': 2, '290-QA NRG-RKHN': 1, '291-H': 21, '290-E STJHS-YLKOT': 0, 'KBS-NGVRJ-VNS': 1, '317-K': 0, 'TR-4 KMT-NGV': 1, '290-C': 63, '290EY KMT-YHKOT': 0, '290-E SBS-NGW-KLN': 0, '290-E ITCF-YHKOT': 0, 'V-SBS-KNB': 1, 'BSK-KRP-ITI': 1, '348-F': 14, '213-D': 6, 'SBS-RJP': 2, 'SBS-HTN': 1, '375-D': 80}"
Clarence School,13.00226912,77.61665130,1946,29159183,"{'327-C': 14, '301-E': 39, '300-E': 55, '300-D': 37, '300-H': 48, 'SBS-D10G': 31, '295-D': 21, 'KBS-D10G': 8, '302-C': 11, '293-P': 12, '296-V': 13, 'D10G-MRG': 2, 'G-11': 35, '296-C': 18, 'KLN-LGP-SBS': 14, '292-E': 12, 'D10G-SBS': 6, '292-C': 30, '401-M NLO-CLO': 1, '302-J': 29, '300-B': 29, 'KBS-HNR-CHLS': 3, '302-GA': 19, '303-F': 21, 'MGMS-KLN': 2, '292-D': 17, '293-H': 19, '292-B': 12, '293-A': 16, '79-K': 13, 'SBS-KLN': 27, '294-F': 9, '294-B': 0, '300-DA': 15, '294-E': 18, '294-H': 26, 'KBS-KLN': 6, '295-A': 14, '296-N': 17, '293-R': 13, '293-S': 32, '300-T': 11, '293-K': 13, '296-A': 17, '296-B': 19, '296-D': 26, '296-K': 4, '293-F': 11, 'SBS-HNS': 3, '293-J': 11, 'SBS-RYL': 2, '327-D': 5, '295-C': 34, '300-A': 14, '295-E': 12, '295-B': 15, '295-G': 17, 'KBS-BSP-HMA': 1, 'SBS-BSP-HMA': 3, '294-A': 11, '293-B': 11, '294-C SBS-JTN': 32, 'SBS-CHLS': 2, '296-T': 17, 'KBS-LGP-CHLS': 1, 'SGH-SBS': 2, 'G-11 SNBS-BLR': 1, '301-F': 6, '300-P': 46, '300-E SBS-KTMLRG': 2, 'KMT-BLS-YPB': 1, '300-C': 19, 'SBS-BPS-KLK': 2, 'VSD-BSP-KLK': 1, '293-G': 30, '215-NB': 12, 'D10G-SOPHIA': 1, 'BMESU-HBL': 4, '242-GA KBS-EWC': 2, '302-D': 35, '300-K': 13, '348-H': 12, '302-N': 38, 'KMT-CHLS': 0, 'KLNB-LGP-BSK': 3, '276-AB BMT45-DBH': 1, '293-N': 15, '300-F': 17, '296-Q': 23, '302 SBS-KLN': 3, '80-F': 35, '302 VSD-KLN': 4, '293-C OASIS-KMT': 1, 'KBS-BDSN': 4, '302-F': 39, 'SJHS-LGP-HBL': 3, '296-F': 10, 'KLNB-LGP-KBS': 2, 'MF-4': 15, '303-E': 32, '302-B': 40, '293-C': 32, '302-E': 14, '303-C': 24, '293-D': 12, '293-M': 11, '296-M': 6, '293-L': 11, '314-N': 26, 'BMT10-NRG': 1, 'KBS-SDSH': 1, 'HMNL-SJHS': 1, 'BMES-SBS': 3, 'KLNB-LGP-SBSP': 1, 'KLNB-LGP-SSMT': 1, 'SBS-SVPSH': 1, 'SBS-SMHSL': 3, '293 KBS-SMHS': 2, 'SBS-SVPSL': 2, 'SOPHIYA-1': 2, '296 SBS-BMESL': 1, 'BCGHS-18': 2, 'VNS-03': 3, '302 BMT10-SBS': 2, '293-E': 10, 'OASIS-2B': 2, 'D24-TNF-WTP': 1, 'KBS-SVPSB': 1, '295-D SBS-BMT10': 1, '302-A': 20, 'GDWC-BGL': 1, '129 KBS-BNWRS': 1, '293 SBS-HMN': 7, '293 SBS-LGP-KLN': 4, '330 SBS-ABISRO': 2, '301-D': 18, '301-G': 17, '303-G': 29, '302-G': 19, '293G SBS-BMT48': 16, '293F KMT-BMT48': 6, '293S KBS-BMT48': 6, 'ARMY-3': 3, 'D10G-BMES': 1, '293 BMT10-ARMY': 2, '295-KMT-D48': 2, '300-H  KBS-ITICG': 3, '294-C BMT48-MGMS': 1, 'CRISTAL-3': 1, 'G11-BMT48-MGMS': 2, '294-D': 12, '290-E ITCF-YHKOT': 0, '500-A CSB-SJHSU': 3, '293-S KBS-HNS': 2, 'HALM-SBS-BMES': 1, 'SVM-SBS-BMES': 1, '301-A': 12, 'AMRY-2': 4}"
Devis Road,13.00327455,77.61898018,932,29159183,"{'SBS-D10G': 31, '295-D': 21, '293-P': 12, '296-V': 13, 'G-11': 35, '296-C': 18, 'KLN-LGP-SBS': 14, '292-E': 12, 'D10G-SBS': 6, '292-C': 30, '401-M NLO-CLO': 1, 'KBS-HNR-CHLS': 3, 'MGMS-KLN': 2, '292-D': 17, '293-H': 19, '292-B': 12, '293-A': 16, '294-F': 9, '294-B': 0, '294-E': 18, '294-H': 26, 'KBS-KLN': 6, '295-A': 14, '296-N': 17, '293-R': 13, '293-S': 32, '293-K': 13, '296-A': 17, '296-B': 19, '296-D': 26, '296-K': 4, '293-F': 11, 'SBS-HNS': 3, '293-J': 11, 'SBS-RYL': 2, '327-D': 5, '295-C': 34, '295-E': 12, '295-B': 15, '295-G': 17, '294-A': 11, '293-B': 11, '294-C SBS-JTN': 32, 'SBS-CHLS': 2, '296-T': 17, 'KBS-LGP-CHLS': 1, 'SGH-SBS': 2, 'KMT-BLS-YPB': 1, 'BMESU-HBL': 4, '348-H': 12, 'KMT-CHLS': 0, 'KLNB-LGP-BSK': 3, '293-N': 15, '296-Q': 23, '293-C OASIS-KMT': 1, 'KBS-BDSN': 4, 'SJHS-LGP-HBL': 3, '296-F': 10, 'KLNB-LGP-KBS': 2, 'MF-4': 15, '293-C': 32, '293-D': 12, '293-M': 11, '296-M': 6, '293-L': 11, 'OASIS-4A': 3, 'OASIS-4B': 2, 'OASIS-2A': 2, 'BMT10-NRG': 1, 'SMHS-1': 6, 'HMNL-SJHS': 1, 'BMES-SBS': 3, 'KLNB-LGP-SBSP': 1, 'KLNB-LGP-SSMT': 1, 'ADT-9': 4, 'SBS-SMHSL': 3, '293 KBS-SMHS': 2, 'BMES-5': 3, 'BCGHS-9': 2, 'BCGHS-18': 2, 'VNS-03': 3, '293-E': 10, 'OASIS-2B': 2, '295-D SBS-BMT10': 1, 'CHLS-09': 3, 'GDWC-BGL': 1, '293 SBS-HMN': 7, '293 SBS-LGP-KLN': 4, '293F KMT-BMT48': 6, '293S KBS-BMT48': 6, '293 BMT10-ARMY': 2, '294-C BMT48-MGMS': 1, 'G11-BMT48-MGMS': 2, '294-D': 12, '500-A CSB-SJHSU': 3, '293-S KBS-HNS': 2, 'ARMY-4': 2, 'HALM-SBS-BMES': 1, 'SVM-SBS-BMES': 1}"
Doddy Tannery Road,13.00257755,77.61206767,540,29159183,"{'SBS-AMC': 0, '290-EA': 0, '290-E SBS-PTH': 0, '291-N': 16, 'TR-4': 46, '290-EB KGR-YHK': 0, '253-A': 12, '290-M': 8, 'DPJN-JJN-NGW': 4, '290-A': 28, '290-H': 0, '290-RA': 5, '290-R': 13, '290-EB': 0, '290-QA': 18, '290-G': 0, '290-Q': 14, 'TR-4A': 10, '290-T': 11, '290-HA': 0, 'SBS-SDH': 2, '291-D': 22, '291-L': 3, '290-Z': 4, '290-P': 24, 'MBS-14': 10, 'SBS-JKR-ALSG-PTH': 1, 'CLO-RKH': 5, '291-K': 7, '291-A': 11, '291-E': 16, 'G-10': 0, '290 KBS-YLKOT': 2, '290-EY': 0, '290-KA KMT-PLG': 1, 'TR-4 JJN-PLG': 2, '290-QA NRG-RKHN': 1, '291-H': 21, '94E YPRTTMC-TRDBS': 1, '290-E STJHS-YLKOT': 0, 'KBS-NGVRJ-VNS': 1, '290-N': 40, '317-K': 0, '241-CD': 11, 'TR-4 KMT-NGV': 1, '290-C': 63, '290EY KMT-YHKOT': 0, '290-E SBS-NGW-KLN': 0, '290-E ITCF-YHKOT': 0, 'V-SBS-KNB': 1, 'BSK-KRP-ITI': 1, '348-F': 14, 'BMSIT-3': 1, '213-D': 6, 'SBS-RJP': 2, 'SBS-HTN': 1, '375-D': 80}"
Muslim Colony,13.01059863,77.61522169,724,29159183,"{'SBS-AMC': 0, '290-EA': 0, '290-E SBS-PTH': 0, '291-N': 16, 'TR-4': 46, '290-EB YHK-KGR': 0, '290-EB KGR-YHK': 0, 'NGW-DPJN': 6, '253-A': 12, '290-M': 8, 'DPJN-JJN-NGW': 4, '290-D': 19, '290-A': 28, '290-H': 0, '291-J': 26, '290-J': 0, '290-RA': 5, '290-R': 13, '290-J MSP-SBS': 0, '290-EB': 0, '290-QA': 18, '291-G': 20, '290-G': 0, '290-Q': 14, 'D10G-NGVR-JJN': 1, 'TR-4A': 10, '290-T': 11, '290-S': 13, '290-HA': 0, 'KLNB-BKC': 1, 'SBS-SDH': 2, 'PTH-SBS1': 4, '291-D': 22, '291-L': 3, '290-Z': 4, '290-P': 24, 'MBS-14': 10, 'SBS-JKR-ALSG-PTH': 1, 'CLO-RKH': 5, '291-K': 7, '291-A': 11, '291-E': 16, 'G-10': 0, '290 KBS-YLKOT': 2, '290-EY': 0, '291-R': 15, 'KLN-JJN': 1, '290-KA KMT-PLG': 1, 'TR-4 JJN-PLG': 2, '290-QA NRG-RKHN': 1, 'MSP-ARMYK': 1, '291-H': 21, '291-B': 2, '290-E STJHS-YLKOT': 0, 'KBS-NGVRJ-VNS': 1, '63 SBS-DPJN': 1, '290-F': 0, '290-N': 40, '317-K': 0, '241-CD': 11, 'TR-4 NGV-MRBS': 2, 'TR-4 KMT-NGV': 1, '290-C': 63, 'MBS-2': 17, '290EY KMT-YHKOT': 0, 'MBS2 PTH-MRHSPG': 1, '290-E SBS-NGW-KLN': 0, '290-E ITCF-YHKOT': 0, 'V-SBS-KNB': 1, '290-E': 52, 'PTH-SBS': 3, 'BSK-KRP-ITI': 1, '348-F': 14, 'BMSIT-3': 1, '213-D': 6, 'SBS-RJP': 2, 'SBS-HTN': 1, '375-D': 80}"
Periyar Nagara Circle Tannery Road,13.00864575,77.61331335,539,29159183,"{'SBS-AMC': 0, '290-EA': 0, '290-E SBS-PTH': 0, '291-N': 16, 'TR-4': 46, '290-EB KGR-YHK': 0, '253-A': 12, '290-M': 8, 'DPJN-JJN-NGW': 4, '290-A': 28, '290-H': 0, '290-RA': 5, '290-R': 13, '290-EB': 0, '290-QA': 18, '290-G': 0, '290-Q': 14, 'TR-4A': 10, '290-T': 11, '290-HA': 0, 'SBS-SDH': 2, '291-D': 22, '291-L': 3, '290-Z': 4, '290-P': 24, 'MBS-14': 10, 'SBS-JKR-ALSG-PTH': 1, 'CLO-RKH': 5, '291-K': 7, '291-A': 11, '291-E': 16, 'G-10': 0, '290 KBS-YLKOT': 2, '290-EY': 0, '290-KA KMT-PLG': 1, 'TR-4 JJN-PLG': 2, '290-QA NRG-RKHN': 1, '291-H': 21, '290-E STJHS-YLKOT': 0, 'KBS-NGVRJ-VNS': 1, '290-N': 40, '317-K': 0, '241-CD': 11, 'TR-4 KMT-NGV': 1, '290-C': 63, '290EY KMT-YHKOT': 0, '290-E SBS-NGW-KLN': 0, '290-E ITCF-YHKOT': 0, 'V-SBS-KNB': 1, 'BSK-KRP-ITI': 1, '348-F': 14, 'BMSIT-3': 1, '213-D': 6, 'SBS-RJP': 2, 'SBS-HTN': 1, '375-D': 80}"
Tannery Road Canara Bank,13.00680094,77.61247259,480,29159183,"{'SBS-AMC': 0, '290-EA': 0, '290-E SBS-PTH': 0, '291-N': 16, 'TR-4': 46, '290-EB KGR-YHK': 0, '253-A': 12, '290-M': 8, 'DPJN-JJN-NGW': 4, '290-A': 28, '290-R': 13, '290-EB': 0, '290-QA': 18, '290-G': 0, '290-Q': 14, 'TR-4A': 10, '290-T': 11, '290-HA': 0, '291-D': 22, '291-L': 3, '290-Z': 4, '290-P': 24, 'MBS-14': 10, 'SBS-JKR-ALSG-PTH': 1, 'CLO-RKH': 5, '291-K': 7, '291-A': 11, '291-E': 16, 'G-10': 0, '290 KBS-YLKOT': 2, '290-EY': 0, '290-KA KMT-PLG': 1, 'TR-4 JJN-PLG': 2, '290-QA NRG-RKHN': 1, '291-H': 21, '290-E STJHS-YLKOT': 0, 'KBS-NGVRJ-VNS': 1, '317-K': 0, 'TR-4 KMT-NGV': 1, '290-C': 63, '290EY KMT-YHKOT': 0, '290-E SBS-NGW-KLN': 0, '290-E ITCF-YHKOT': 0, 'V-SBS-KNB': 1, 'BSK-KRP-ITI': 1, '348-F': 14, '213-D': 6, 'SBS-RJP': 2, 'SBS-HTN': 1, '375-D': 80}"
Clarence School,13.00226912,77.61665130,1946,29159184,"{'327-C': 14, '301-E': 39, '300-E': 55, '300-D': 37, '300-H': 48, 'SBS-D10G': 31, '295-D': 21, 'KBS-D10G': 8, '302-C': 11, '293-P': 12, '296-V': 13, 'D10G-MRG': 2, 'G-11': 35, '296-C': 18, 'KLN-LGP-SBS': 14, '292-E': 12, 'D10G-SBS': 6, '292-C': 30, '401-M NLO-CLO': 1, '302-J': 29, '300-B': 29, 'KBS-HNR-CHLS': 3, '302-GA': 19, '303-F': 21, 'MGMS-KLN': 2, '292-D': 17, '293-H': 19, '292-B': 12, '293-A': 16, '79-K': 13, 'SBS-KLN': 27, '294-F': 9, '294-B': 0, '300-DA': 15, '294-E': 18, '294-H': 26, 'KBS-KLN': 6, '295-A': 14, '296-N': 17, '293-R': 13, '293-S': 32, '300-T': 11, '293-K': 13, '296-A': 17, '296-B': 19, '296-D': 26, '296-K': 4, '293-F': 11, 'SBS-HNS': 3, '293-J': 11, 'SBS-RYL': 2, '327-D': 5, '295-C': 34, '300-A': 14, '295-E': 12, '295-B': 15, '295-G': 17, 'KBS-BSP-HMA': 1, 'SBS-BSP-HMA': 3, '294-A': 11, '293-B': 11, '294-C SBS-JTN': 32, 'SBS-CHLS': 2, '296-T': 17, 'KBS-LGP-CHLS': 1, 'SGH-SBS': 2, 'G-11 SNBS-BLR': 1, '301-F': 6, '300-P': 46, '300-E SBS-KTMLRG': 2, 'KMT-BLS-YPB': 1, '300-C': 19, 'SBS-BPS-KLK': 2, 'VSD-BSP-KLK': 1, '293-G': 30, '215-NB': 12, 'D10G-SOPHIA': 1, 'BMESU-HBL': 4, '242-GA KBS-EWC': 2, '302-D': 35, '300-K': 13, '348-H': 12, '302-N': 38, 'KMT-CHLS': 0, 'KLNB-LGP-BSK': 3, '276-AB BMT45-DBH': 1, '293-N': 15, '300-F': 17, '296-Q': 23, '302 SBS-KLN': 3, '80-F': 35, '302 VSD-KLN': 4, '293-C OASIS-KMT': 1, 'KBS-BDSN': 4, '302-F': 39, 'SJHS-LGP-HBL': 3, '296-F': 10, 'KLNB-LGP-KBS': 2, 'MF-4': 15, '303-E': 32, '302-B': 40, '293-C': 32, '302-E': 14, '303-C': 24, '293-D': 12, '293-M': 11, '296-M': 6, '293-L': 11, '314-N': 26, 'BMT10-NRG': 1, 'KBS-SDSH': 1, 'HMNL-SJHS': 1, 'BMES-SBS': 3, 'KLNB-LGP-SBSP': 1, 'KLNB-LGP-SSMT': 1, 'SBS-SVPSH': 1, 'SBS-SMHSL': 3, '293 KBS-SMHS': 2, 'SBS-SVPSL': 2, 'SOPHIYA-1': 2, '296 SBS-BMESL': 1, 'BCGHS-18': 2, 'VNS-03': 3, '302 BMT10-SBS': 2, '293-E': 10, 'OASIS-2B': 2, 'D24-TNF-WTP': 1, 'KBS-SVPSB': 1, '295-D SBS-BMT10': 1, '302-A': 20, 'GDWC-BGL': 1, '129 KBS-BNWRS': 1, '293 SBS-HMN': 7, '293 SBS-LGP-KLN': 4, '330 SBS-ABISRO': 2, '301-D': 18, '301-G': 17, '303-G': 29, '302-G': 19, '293G SBS-BMT48': 16, '293F KMT-BMT48': 6, '293S KBS-BMT48': 6, 'ARMY-3': 3, 'D10G-BMES': 1, '293 BMT10-ARMY': 2, '295-KMT-D48': 2, '300-H  KBS-ITICG': 3, '294-C BMT48-MGMS': 1, 'CRISTAL-3': 1, 'G11-BMT48-MGMS': 2, '294-D': 12, '290-E ITCF-YHKOT': 0, '500-A CSB-SJHSU': 3, '293-S KBS-HNS': 2, 'HALM-SBS-BMES': 1, 'SVM-SBS-BMES': 1, '301-A': 12, 'AMRY-2': 4}"
Devis Road,13.00327455,77.61898018,932,29159184,"{'SBS-D10G': 31, '295-D': 21, '293-P': 12, '296-V': 13, 'G-11': 35, '296-C': 18, 'KLN-LGP-SBS': 14, '292-E': 12, 'D10G-SBS': 6, '292-C': 30, '401-M NLO-CLO': 1, 'KBS-HNR-CHLS': 3, 'MGMS-KLN': 2, '292-D': 17, '293-H': 19, '292-B': 12, '293-A': 16, '294-F': 9, '294-B': 0, '294-E': 18, '294-H': 26, 'KBS-KLN': 6, '295-A': 14, '296-N': 17, '293-R': 13, '293-S': 32, '293-K': 13, '296-A': 17, '296-B': 19, '296-D': 26, '296-K': 4, '293-F': 11, 'SBS-HNS': 3, '293-J': 11, 'SBS-RYL': 2, '327-D': 5, '295-C': 34, '295-E': 12, '295-B': 15, '295-G': 17, '294-A': 11, '293-B': 11, '294-C SBS-JTN': 32, 'SBS-CHLS': 2, '296-T': 17, 'KBS-LGP-CHLS': 1, 'SGH-SBS': 2, 'KMT-BLS-YPB': 1, 'BMESU-HBL': 4, '348-H': 12, 'KMT-CHLS': 0, 'KLNB-LGP-BSK': 3, '293-N': 15, '296-Q': 23, '293-C OASIS-KMT': 1, 'KBS-BDSN': 4, 'SJHS-LGP-HBL': 3, '296-F': 10, 'KLNB-LGP-KBS': 2, 'MF-4': 15, '293-C': 32, '293-D': 12, '293-M': 11, '296-M': 6, '293-L': 11, 'OASIS-4A': 3, 'OASIS-4B': 2, 'OASIS-2A': 2, 'BMT10-NRG': 1, 'SMHS-1': 6, 'HMNL-SJHS': 1, 'BMES-SBS': 3, 'KLNB-LGP-SBSP': 1, 'KLNB-LGP-SSMT': 1, 'ADT-9': 4, 'SBS-SMHSL': 3, '293 KBS-SMHS': 2, 'BMES-5': 3, 'BCGHS-9': 2, 'BCGHS-18': 2, 'VNS-03': 3, '293-E': 10, 'OASIS-2B': 2, '295-D SBS-BMT10': 1, 'CHLS-09': 3, 'GDWC-BGL': 1, '293 SBS-HMN': 7, '293 SBS-LGP-KLN': 4, '293F KMT-BMT48': 6, '293S KBS-BMT48': 6, '293 BMT10-ARMY': 2, '294-C BMT48-MGMS': 1, 'G11-BMT48-MGMS': 2, '294-D': 12, '500-A CSB-SJHSU': 3, '293-S KBS-HNS': 2, 'ARMY-4': 2, 'HALM-SBS-BMES': 1, 'SVM-SBS-BMES': 1}"
Doddy Tannery Road,13.00257755,77.61206767,540,29159184,"{'SBS-AMC': 0, '290-EA': 0, '290-E SBS-PTH': 0, '291-N': 16, 'TR-4': 46, '290-EB KGR-YHK': 0, '253-A': 12, '290-M': 8, 'DPJN-JJN-NGW': 4, '290-A': 28, '290-H': 0, '290-RA': 5, '290-R': 13, '290-EB': 0, '290-QA': 18, '290-G': 0, '290-Q': 14, 'TR-4A': 10, '290-T': 11, '290-HA': 0, 'SBS-SDH': 2, '291-D': 22, '291-L': 3, '290-Z': 4, '290-P': 24, 'MBS-14': 10, 'SBS-JKR-ALSG-PTH': 1, 'CLO-RKH': 5, '291-K': 7, '291-A': 11, '291-E': 16, 'G-10': 0, '290 KBS-YLKOT': 2, '290-EY': 0, '290-KA KMT-PLG': 1, 'TR-4 JJN-PLG': 2, '290-QA NRG-RKHN': 1, '291-H': 21, '94E YPRTTMC-TRDBS': 1, '290-E STJHS-YLKOT': 0, 'KBS-NGVRJ-VNS': 1, '290-N': 40, '317-K': 0, '241-CD': 11, 'TR-4 KMT-NGV': 1, '290-C': 63, '290EY KMT-YHKOT': 0, '290-E SBS-NGW-KLN': 0, '290-E ITCF-YHKOT': 0, 'V-SBS-KNB': 1, 'BSK-KRP-ITI': 1, '348-F': 14, 'BMSIT-3': 1, '213-D': 6, 'SBS-RJP': 2, 'SBS-HTN': 1, '375-D': 80}"
Frazer Town,13.00095911,77.61294625,1227,29159184,"{'327-C': 14, 'NGW-DPJN': 6, 'SBS-D10G': 31, '295-D': 21, 'KBS-D10G': 8, '293-P': 12, '296-V': 13, 'D10G-MRG': 2, '290-D': 19, 'G-11': 35, '296-C': 18, 'KLN-LGP-SBS': 14, '292-E': 12, 'D10G-SBS': 6, '292-C': 30, '401-M NLO-CLO': 1, '291-J': 26, 'MGMS-KLN': 2, '292-D': 17, '293-H': 19, '290-J': 0, '292-B': 12, '293-A': 16, 'SBS-KLN': 27, '290-J MSP-SBS': 0, '294-F': 9, '294-B': 0, '294-E': 18, '294-H': 26, '295-A': 14, '296-N': 17, '293-R': 13, '293-S': 32, '293-K': 13, '296-A': 17, '296-B': 19, '296-D': 26, '296-K': 4, '293-F': 11, 'SBS-HNS': 3, '293-J': 11, 'SBS-RYL': 2, '327-D': 5, '295-C': 34, '295-E': 12, '295-B': 15, '295-G': 17, '294-A': 11, '293-B': 11, '294-C SBS-JTN': 32, 'SBS-CHLS': 2, '296-T': 17, 'KBS-LGP-CHLS': 1, 'SGH-SBS': 2, 'G-11 SNBS-BLR': 1, 'D10G-NGVR-JJN': 1, 'KMT-BLS-YPB': 1, '293-G': 30, '215-NB': 12, 'D10G-SOPHIA': 1, 'BMESU-HBL': 4, '302-D': 35, 'KLNB-BKC': 1, '348-H': 12, 'PTH-SBS1': 4, 'KMT-CHLS': 0, 'KLNB-LGP-BSK': 3, '293-N': 15, '296-Q': 23, '302 SBS-KLN': 3, '80-F': 35, '302 VSD-KLN': 4, '293-C OASIS-KMT': 1, '296-F': 10, 'KLNB-LGP-KBS': 2, '293-C': 32, '293-D': 12, '293-M': 11, '293-L': 11, 'JGF-2': 3, 'KLN-JJN': 1, '314-N': 26, 'K-6': 41, 'MSP-ARMYK': 1, 'HMNL-SJHS': 1, 'BMES-SBS': 3, 'KLNB-LGP-SBSP': 1, 'KLNB-LGP-SSMT': 1, 'ITPL-2A': 2, 'SBS-SMHSL': 3, '293 KBS-SMHS': 2, 'SHS-10': 2, '296 SBS-BMESL': 1, 'BCGHS-9': 2, 'VNS-03': 3, 'SJHS-9': 1, '302 BMT10-SBS': 2, 'BELGS-46': 2, 'BTP-27A': 2, '293-E': 10, 'OASIS-2B': 2, 'WTP-JVH-KRP': 1, '295-D SBS-BMT10': 1, '290-F': 0, 'TR-4 NGV-MRBS': 2, 'GDWC-BGL': 1, '129 KBS-BNWRS': 1, 'MBS-2': 17, '293 SBS-HMN': 7, '293 SBS-LGP-KLN': 4, 'VCS-ORRCA-112 ULSL-ORRCA': 2, '293G SBS-BMT48': 16, '293F KMT-BMT48': 6, '293S KBS-BMT48': 6, 'D10G-BMES': 1, 'MBS2 PTH-MRHSPG': 1, '293 BMT10-ARMY': 2, '295-KMT-D48': 2, '294-C BMT48-MGMS': 1, 'CRISTAL-3': 1, 'G11-BMT48-MGMS': 2, '294-D': 12, '293-S KBS-HNS': 2, 'HALM-SBS-BMES': 1, 'SVM-SBS-BMES': 1}"
Mosque Road,13.00031693,77.61607925,530,29159184,"{'300-E': 55, '302-C': 11, '302-J': 29, '300-B': 29, '302-GA': 19, '303-F': 21, '300-T': 11, 'KBS-BSP-HMA': 1, 'SBS-BSP-HMA': 3, 'D10G-KMH-SBS': 2, '300-D': 37, '300-E SBS-KTMLRG': 2, '302-N': 38, '276-AB BMT45-DBH': 1, '300-F': 17, '302-F': 39, 'SJHS-LGP-HBL': 3, '303-E': 32, '302-B': 40, '302-E': 14, 'OASIS-4A': 3, 'OASIS-2A': 2, 'KBS-SDSH': 1, 'SOPHIYA-15': 2, 'SBS-SVPSH': 1, 'SBS-SVPSL': 2, 'SHS-10': 2, 'BMES-5': 3, 'BCGHS-18': 2, 'STJOHN-5': 2, 'CALLBUS-05': 1, 'BELGS-46': 2, 'KBS-SVPSB': 1, '302-A': 20, 'VCS-MEBP-12 BSK-MEBP': 1, '330 SBS-ABISRO': 2, '301-G': 17, '303-G': 29, '302-G': 19, 'D10G-BMES': 1, '300-H  ITICG-KBS': 1, '301-A': 12}"
Periyar Nagara Circle Tannery Road,13.00864575,77.61331335,539,29159184,"{'SBS-AMC': 0, '290-EA': 0, '290-E SBS-PTH': 0, '291-N': 16, 'TR-4': 46, '290-EB KGR-YHK': 0, '253-A': 12, '290-M': 8, 'DPJN-JJN-NGW': 4, '290-A': 28, '290-H': 0, '290-RA': 5, '290-R': 13, '290-EB': 0, '290-QA': 18, '290-G': 0, '290-Q': 14, 'TR-4A': 10, '290-T': 11, '290-HA': 0, 'SBS-SDH': 2, '291-D': 22, '291-L': 3, '290-Z': 4, '290-P': 24, 'MBS-14': 10, 'SBS-JKR-ALSG-PTH': 1, 'CLO-RKH': 5, '291-K': 7, '291-A': 11, '291-E': 16, 'G-10': 0, '290 KBS-YLKOT': 2, '290-EY': 0, '290-KA KMT-PLG': 1, 'TR-4 JJN-PLG': 2, '290-QA NRG-RKHN': 1, '291-H': 21, '290-E STJHS-YLKOT': 0, 'KBS-NGVRJ-VNS': 1, '290-N': 40, '317-K': 0, '241-CD': 11, 'TR-4 KMT-NGV': 1, '290-C': 63, '290EY KMT-YHKOT': 0, '290-E SBS-NGW-KLN': 0, '290-E ITCF-YHKOT': 0, 'V-SBS-KNB': 1, 'BSK-KRP-ITI': 1, '348-F': 14, 'BMSIT-3': 1, '213-D': 6, 'SBS-RJP': 2, 'SBS-HTN': 1, '375-D': 80}"
Tannery Road Canara Bank,13.00680094,77.61247259,480,29159184,"{'SBS-AMC': 0, '290-EA': 0, '290-E SBS-PTH': 0, '291-N': 16, 'TR-4': 46, '290-EB KGR-YHK': 0, '253-A': 12, '290-M': 8, 'DPJN-JJN-NGW': 4, '290-A': 28, '290-R': 13, '290-EB': 0, '290-QA': 18, '290-G': 0, '290-Q': 14, 'TR-4A': 10, '290-T': 11, '290-HA': 0, '291-D': 22, '291-L': 3, '290-Z': 4, '290-P': 24, 'MBS-14': 10, 'SBS-JKR-ALSG-PTH': 1, 'CLO-RKH': 5, '291-K': 7, '291-A': 11, '291-E': 16, 'G-10': 0, '290 KBS-YLKOT': 2, '290-EY': 0, '290-KA KMT-PLG': 1, 'TR-4 JJN-PLG': 2, '290-QA NRG-RKHN': 1, '291-H': 21, '290-E STJHS-YLKOT': 0, 'KBS-NGVRJ-VNS': 1, '317-K': 0, 'TR-4 KMT-NGV': 1, '290-C': 63, '290EY KMT-YHKOT': 0, '290-E SBS-NGW-KLN': 0, '290-E ITCF-YHKOT': 0, 'V-SBS-KNB': 1, 'BSK-KRP-ITI': 1, '348-F': 14, '213-D': 6, 'SBS-RJP': 2, 'SBS-HTN': 1, '375-D': 80}"
Byadarahalli Jayamahal,13.00116812,77.60973930,16,29159190,{'210-X': 16}
Charls School Toll Gate,13.00608723,77.62093865,985,29159190,"{'SBS-D10G': 31, '295-D': 21, 'KBS-D10G': 8, '293-P': 12, '296-V': 13, 'D10G-MRG': 2, 'D10G-JVH': 2, 'G-11': 35, '296-C': 18, 'KLN-LGP-SBS': 14, '292-E': 12, 'D10G-SBS': 6, '292-C': 30, '401-M NLO-CLO': 1, 'KBS-HNR-CHLS': 3, 'MGMS-KLN': 2, '292-D': 17, '293-H': 19, '292-B': 12, '293-A': 16, '294-F': 9, '294-B': 0, '294-E': 18, '294-H': 26, 'KBS-KLN': 6, '295-A': 14, '296-N': 17, '293-R': 13, '293-S': 32, '293-K': 13, '296-A': 17, '296-B': 19, '296-D': 26, '296-K': 4, '293-F': 11, 'SBS-HNS': 3, '293-J': 11, 'SBS-RYL': 2, '327-D': 5, '295-C': 34, '295-E': 12, '295-B': 15, '295-G': 17, '294-A': 11, '293-B': 11, '294-C SBS-JTN': 32, 'SBS-CHLS': 2, '296-T': 17, 'KBS-LGP-CHLS': 1, 'SGH-SBS': 2, 'KMT-BLS-YPB': 1, '293-G': 30, 'D10G-SOPHIA': 1, 'BMESU-HBL': 4, '348-H': 12, 'KMT-CHLS': 0, 'KLNB-LGP-BSK': 3, '293-N': 15, '296-Q': 23, '293-C OASIS-KMT': 1, 'SJHS-LGP-HBL': 3, '296-F': 10, 'KLNB-LGP-KBS': 2, 'MF-4': 15, '293-C': 32, '293-D': 12, '293-M': 11, '296-M': 6, '293-L': 11, '314-N': 26, 'BMT10-NRG': 1, 'HMNL-SJHS': 1, 'BMES-SBS': 3, 'KLNB-LGP-SBSP': 1, 'KLNB-LGP-SSMT': 1, 'SBS-SMHSL': 3, '293 KBS-SMHS': 2, '296 SBS-BMESL': 1, '293-E': 10, '295-D SBS-BMT10': 1, 'GDWC-BGL': 1, '293 SBS-HMN': 7, '293 SBS-LGP-KLN': 4, '293G SBS-BMT48': 16, '293F KMT-BMT48': 6, '293S KBS-BMT48': 6, 'D10G-BMES': 1, '293 BMT10-ARMY': 2, '295-KMT-D48': 2, '294-C BMT48-MGMS': 1, 'G11-BMT48-MGMS': 2, '294-D': 12, 'HNR-Ernst Young B': 1, '500-A CSB-SJHSU': 3, '293-S KBS-HNS': 2, 'BMT10-DRDO2': 1, 'HALM-SBS-BMES': 1, 'SVM-SBS-BMES': 1}"
Clarence School,13.00226912,77.61665130,1946,29159190,"{'327-C': 14, '301-E': 39, '300-E': 55, '300-D': 37, '300-H': 48, 'SBS-D10G': 31, '295-D': 21, 'KBS-D10G': 8, '302-C': 11, '293-P': 12, '296-V': 13, 'D10G-MRG': 2, 'G-11': 35, '296-C': 18, 'KLN-LGP-SBS': 14, '292-E': 12, 'D10G-SBS': 6, '292-C': 30, '401-M NLO-CLO': 1, '302-J': 29, '300-B': 29, 'KBS-HNR-CHLS': 3, '302-GA': 19, '303-F': 21, 'MGMS-KLN': 2, '292-D': 17, '293-H': 19, '292-B': 12, '293-A': 16, '79-K': 13, 'SBS-KLN': 27, '294-F': 9, '294-B': 0, '300-DA': 15, '294-E': 18, '294-H': 26, 'KBS-KLN': 6, '295-A': 14, '296-N': 17, '293-R': 13, '293-S': 32, '300-T': 11, '293-K': 13, '296-A': 17, '296-B': 19, '296-D': 26, '296-K': 4, '293-F': 11, 'SBS-HNS': 3, '293-J': 11, 'SBS-RYL': 2, '327-D': 5, '295-C': 34, '300-A': 14, '295-E': 12, '295-B': 15, '295-G': 17, 'KBS-BSP-HMA': 1, 'SBS-BSP-HMA': 3, '294-A': 11, '293-B': 11, '294-C SBS-JTN': 32, 'SBS-CHLS': 2, '296-T': 17, 'KBS-LGP-CHLS': 1, 'SGH-SBS': 2, 'G-11 SNBS-BLR': 1, '301-F': 6, '300-P': 46, '300-E SBS-KTMLRG': 2, 'KMT-BLS-YPB': 1, '300-C': 19, 'SBS-BPS-KLK': 2, 'VSD-BSP-KLK': 1, '293-G': 30, '215-NB': 12, 'D10G-SOPHIA': 1, 'BMESU-HBL': 4, '242-GA KBS-EWC': 2, '302-D': 35, '300-K': 13, '348-H': 12, '302-N': 38, 'KMT-CHLS': 0, 'KLNB-LGP-BSK': 3, '276-AB BMT45-DBH': 1, '293-N': 15, '300-F': 17, '296-Q': 23, '302 SBS-KLN': 3, '80-F': 35, '302 VSD-KLN': 4, '293-C OASIS-KMT': 1, 'KBS-BDSN': 4, '302-F': 39, 'SJHS-LGP-HBL': 3, '296-F': 10, 'KLNB-LGP-KBS': 2, 'MF-4': 15, '303-E': 32, '302-B': 40, '293-C': 32, '302-E': 14, '303-C': 24, '293-D': 12, '293-M': 11, '296-M': 6, '293-L': 11, '314-N': 26, 'BMT10-NRG': 1, 'KBS-SDSH': 1, 'HMNL-SJHS': 1, 'BMES-SBS': 3, 'KLNB-LGP-SBSP': 1, 'KLNB-LGP-SSMT': 1, 'SBS-SVPSH': 1, 'SBS-SMHSL': 3, '293 KBS-SMHS': 2, 'SBS-SVPSL': 2, 'SOPHIYA-1': 2, '296 SBS-BMESL': 1, 'BCGHS-18': 2, 'VNS-03': 3, '302 BMT10-SBS': 2, '293-E': 10, 'OASIS-2B': 2, 'D24-TNF-WTP': 1, 'KBS-SVPSB': 1, '295-D SBS-BMT10': 1, '302-A': 20, 'GDWC-BGL': 1, '129 KBS-BNWRS': 1, '293 SBS-HMN': 7, '293 SBS-LGP-KLN': 4, '330 SBS-ABISRO': 2, '301-D': 18, '301-G': 17, '303-G': 29, '302-G': 19, '293G SBS-BMT48': 16, '293F KMT-BMT48': 6, '293S KBS-BMT48': 6, 'ARMY-3': 3, 'D10G-BMES': 1, '293 BMT10-ARMY': 2, '295-KMT-D48': 2, '300-H  KBS-ITICG': 3, '294-C BMT48-MGMS': 1, 'CRISTAL-3': 1, 'G11-BMT48-MGMS': 2, '294-D': 12, '290-E ITCF-YHKOT': 0, '500-A CSB-SJHSU': 3, '293-S KBS-HNS': 2, 'HALM-SBS-BMES': 1, 'SVM-SBS-BMES': 1, '301-A': 12, 'AMRY-2': 4}"
Devis Road,13.00327455,77.61898018,932,29159190,"{'SBS-D10G': 31, '295-D': 21, '293-P': 12, '296-V': 13, 'G-11': 35, '296-C': 18, 'KLN-LGP-SBS': 14, '292-E': 12, 'D10G-SBS': 6, '292-C': 30, '401-M NLO-CLO': 1, 'KBS-HNR-CHLS': 3, 'MGMS-KLN': 2, '292-D': 17, '293-H': 19, '292-B': 12, '293-A': 16, '294-F': 9, '294-B': 0, '294-E': 18, '294-H': 26, 'KBS-KLN': 6, '295-A': 14, '296-N': 17, '293-R': 13, '293-S': 32, '293-K': 13, '296-A': 17, '296-B': 19, '296-D': 26, '296-K': 4, '293-F': 11, 'SBS-HNS': 3, '293-J': 11, 'SBS-RYL': 2, '327-D': 5, '295-C': 34, '295-E': 12, '295-B': 15, '295-G': 17, '294-A': 11, '293-B': 11, '294-C SBS-JTN': 32, 'SBS-CHLS': 2, '296-T': 17, 'KBS-LGP-CHLS': 1, 'SGH-SBS': 2, 'KMT-BLS-YPB': 1, 'BMESU-HBL': 4, '348-H': 12, 'KMT-CHLS': 0, 'KLNB-LGP-BSK': 3, '293-N': 15, '296-Q': 23, '293-C OASIS-KMT': 1, 'KBS-BDSN': 4, 'SJHS-LGP-HBL': 3, '296-F': 10, 'KLNB-LGP-KBS': 2, 'MF-4': 15, '293-C': 32, '293-D': 12, '293-M': 11, '296-M': 6, '293-L': 11, 'OASIS-4A': 3, 'OASIS-4B': 2, 'OASIS-2A': 2, 'BMT10-NRG': 1, 'SMHS-1': 6, 'HMNL-SJHS': 1, 'BMES-SBS': 3, 'KLNB-LGP-SBSP': 1, 'KLNB-LGP-SSMT': 1, 'ADT-9': 4, 'SBS-SMHSL': 3, '293 KBS-SMHS': 2, 'BMES-5': 3, 'BCGHS-9': 2, 'BCGHS-18': 2, 'VNS-03': 3, '293-E': 10, 'OASIS-2B': 2, '295-D SBS-BMT10': 1, 'CHLS-09': 3, 'GDWC-BGL': 1, '293 SBS-HMN': 7, '293 SBS-LGP-KLN': 4, '293F KMT-BMT48': 6, '293S KBS-BMT48': 6, '293 BMT10-ARMY': 2, '294-C BMT48-MGMS': 1, 'G11-BMT48-MGMS': 2, '294-D': 12, '500-A CSB-SJHSU': 3, '293-S KBS-HNS': 2, 'ARMY-4': 2, 'HALM-SBS-BMES': 1, 'SVM-SBS-BMES': 1}"
Doddy Tannery Road,13.00257755,77.61206767,540,29159190,"{'SBS-AMC': 0, '290-EA': 0, '290-E SBS-PTH': 0, '291-N': 16, 'TR-4': 46, '290-EB KGR-YHK': 0, '253-A': 12, '290-M': 8, 'DPJN-JJN-NGW': 4, '290-A': 28, '290-H': 0, '290-RA': 5, '290-R': 13, '290-EB': 0, '290-QA': 18, '290-G': 0, '290-Q': 14, 'TR-4A': 10, '290-T': 11, '290-HA': 0, 'SBS-SDH': 2, '291-D': 22, '291-L': 3, '290-Z': 4, '290-P': 24, 'MBS-14': 10, 'SBS-JKR-ALSG-PTH': 1, 'CLO-RKH': 5, '291-K': 7, '291-A': 11, '291-E': 16, 'G-10': 0, '290 KBS-YLKOT': 2, '290-EY': 0, '290-KA KMT-PLG': 1, 'TR-4 JJN-PLG': 2, '290-QA NRG-RKHN': 1, '291-H': 21, '94E YPRTTMC-TRDBS': 1, '290-E STJHS-YLKOT': 0, 'KBS-NGVRJ-VNS': 1, '290-N': 40, '317-K': 0, '241-CD': 11, 'TR-4 KMT-NGV': 1, '290-C': 63, '290EY KMT-YHKOT': 0, '290-E SBS-NGW-KLN': 0, '290-E ITCF-YHKOT': 0, 'V-SBS-KNB': 1, 'BSK-KRP-ITI': 1, '348-F': 14, 'BMSIT-3': 1, '213-D': 6, 'SBS-RJP': 2, 'SBS-HTN': 1, '375-D': 80}"
East Railway Station,13.00024247,77.61721795,0,29159190,{}
Frazer Town,13.00095911,77.61294625,1227,29159190,"{'327-C': 14, 'NGW-DPJN': 6, 'SBS-D10G': 31, '295-D': 21, 'KBS-D10G': 8, '293-P': 12, '296-V': 13, 'D10G-MRG': 2, '290-D': 19, 'G-11': 35, '296-C': 18, 'KLN-LGP-SBS': 14, '292-E': 12, 'D10G-SBS': 6, '292-C': 30, '401-M NLO-CLO': 1, '291-J': 26, 'MGMS-KLN': 2, '292-D': 17, '293-H': 19, '290-J': 0, '292-B': 12, '293-A': 16, 'SBS-KLN': 27, '290-J MSP-SBS': 0, '294-F': 9, '294-B': 0, '294-E': 18, '294-H': 26, '295-A': 14, '296-N': 17, '293-R': 13, '293-S': 32, '293-K': 13, '296-A': 17, '296-B': 19, '296-D': 26, '296-K': 4, '293-F': 11, 'SBS-HNS': 3, '293-J': 11, 'SBS-RYL': 2, '327-D': 5, '295-C': 34, '295-E': 12, '295-B': 15, '295-G': 17, '294-A': 11, '293-B': 11, '294-C SBS-JTN': 32, 'SBS-CHLS': 2, '296-T': 17, 'KBS-LGP-CHLS': 1, 'SGH-SBS': 2, 'G-11 SNBS-BLR': 1, 'D10G-NGVR-JJN': 1, 'KMT-BLS-YPB': 1, '293-G': 30, '215-NB': 12, 'D10G-SOPHIA': 1, 'BMESU-HBL': 4, '302-D': 35, 'KLNB-BKC': 1, '348-H': 12, 'PTH-SBS1': 4, 'KMT-CHLS': 0, 'KLNB-LGP-BSK': 3, '293-N': 15, '296-Q': 23, '302 SBS-KLN': 3, '80-F': 35, '302 VSD-KLN': 4, '293-C OASIS-KMT': 1, '296-F': 10, 'KLNB-LGP-KBS': 2, '293-C': 32, '293-D': 12, '293-M': 11, '293-L': 11, 'JGF-2': 3, 'KLN-JJN': 1, '314-N': 26, 'K-6': 41, 'MSP-ARMYK': 1, 'HMNL-SJHS': 1, 'BMES-SBS': 3, 'KLNB-LGP-SBSP': 1, 'KLNB-LGP-SSMT': 1, 'ITPL-2A': 2, 'SBS-SMHSL': 3, '293 KBS-SMHS': 2, 'SHS-10': 2, '296 SBS-BMESL': 1, 'BCGHS-9': 2, 'VNS-03': 3, 'SJHS-9': 1, '302 BMT10-SBS': 2, 'BELGS-46': 2, 'BTP-27A': 2, '293-E': 10, 'OASIS-2B': 2, 'WTP-JVH-KRP': 1, '295-D SBS-BMT10': 1, '290-F': 0, 'TR-4 NGV-MRBS': 2, 'GDWC-BGL': 1, '129 KBS-BNWRS': 1, 'MBS-2': 17, '293 SBS-HMN': 7, '293 SBS-LGP-KLN': 4, 'VCS-ORRCA-112 ULSL-ORRCA': 2, '293G SBS-BMT48': 16, '293F KMT-BMT48': 6, '293S KBS-BMT48': 6, 'D10G-BMES': 1, 'MBS2 PTH-MRHSPG': 1, '293 BMT10-ARMY': 2, '295-KMT-D48': 2, '294-C BMT48-MGMS': 1, 'CRISTAL-3': 1, 'G11-BMT48-MGMS': 2, '294-D': 12, '293-S KBS-HNS': 2, 'HALM-SBS-BMES': 1, 'SVM-SBS-BMES': 1}"
Mosque Road,13.00031693,77.61607925,530,29159190,"{'300-E': 55, '302-C': 11, '302-J': 29, '300-B': 29, '302-GA': 19, '303-F': 21, '300-T': 11, 'KBS-BSP-HMA': 1, 'SBS-BSP-HMA': 3, 'D10G-KMH-SBS': 2, '300-D': 37, '300-E SBS-KTMLRG': 2, '302-N': 38, '276-AB BMT45-DBH': 1, '300-F': 17, '302-F': 39, 'SJHS-LGP-HBL': 3, '303-E': 32, '302-B': 40, '302-E': 14, 'OASIS-4A': 3, 'OASIS-2A': 2, 'KBS-SDSH': 1, 'SOPHIYA-15': 2, 'SBS-SVPSH': 1, 'SBS-SVPSL': 2, 'SHS-10': 2, 'BMES-5': 3, 'BCGHS-18': 2, 'STJOHN-5': 2, 'CALLBUS-05': 1, 'BELGS-46': 2, 'KBS-SVPSB': 1, '302-A': 20, 'VCS-MEBP-12 BSK-MEBP': 1, '330 SBS-ABISRO': 2, '301-G': 17, '303-G': 29, '302-G': 19, 'D10G-BMES': 1, '300-H  ITICG-KBS': 1, '301-A': 12}"
Periyar Nagara Circle Tannery Road,13.00864575,77.61331335,539,29159190,"{'SBS-AMC': 0, '290-EA': 0, '290-E SBS-PTH': 0, '291-N': 16, 'TR-4': 46, '290-EB KGR-YHK': 0, '253-A': 12, '290-M': 8, 'DPJN-JJN-NGW': 4, '290-A': 28, '290-H': 0, '290-RA': 5, '290-R': 13, '290-EB': 0, '290-QA': 18, '290-G': 0, '290-Q': 14, 'TR-4A': 10, '290-T': 11, '290-HA': 0, 'SBS-SDH': 2, '291-D': 22, '291-L': 3, '290-Z': 4, '290-P': 24, 'MBS-14': 10, 'SBS-JKR-ALSG-PTH': 1, 'CLO-RKH': 5, '291-K': 7, '291-A': 11, '291-E': 16, 'G-10': 0, '290 KBS-YLKOT': 2, '290-EY': 0, '290-KA KMT-PLG': 1, 'TR-4 JJN-PLG': 2, '290-QA NRG-RKHN': 1, '291-H': 21, '290-E STJHS-YLKOT': 0, 'KBS-NGVRJ-VNS': 1, '290-N': 40, '317-K': 0, '241-CD': 11, 'TR-4 KMT-NGV': 1, '290-C': 63, '290EY KMT-YHKOT': 0, '290-E SBS-NGW-KLN': 0, '290-E ITCF-YHKOT': 0, 'V-SBS-KNB': 1, 'BSK-KRP-ITI': 1, '348-F': 14, 'BMSIT-3': 1, '213-D': 6, 'SBS-RJP': 2, 'SBS-HTN': 1, '375-D': 80}"
Pottery Town,13.00243146,77.60914089,0,29159190,{}
Tannery Road Canara Bank,13.00680094,77.61247259,480,29159190,"{'SBS-AMC': 0, '290-EA': 0, '290-E SBS-PTH': 0, '291-N': 16, 'TR-4': 46, '290-EB KGR-YHK': 0, '253-A': 12, '290-M': 8, 'DPJN-JJN-NGW': 4, '290-A': 28, '290-R': 13, '290-EB': 0, '290-QA': 18, '290-G': 0, '290-Q': 14, 'TR-4A': 10, '290-T': 11, '290-HA': 0, '291-D': 22, '291-L': 3, '290-Z': 4, '290-P': 24, 'MBS-14': 10, 'SBS-JKR-ALSG-PTH': 1, 'CLO-RKH': 5, '291-K': 7, '291-A': 11, '291-E': 16, 'G-10': 0, '290 KBS-YLKOT': 2, '290-EY': 0, '290-KA KMT-PLG': 1, 'TR-4 JJN-PLG': 2, '290-QA NRG-RKHN': 1, '291-H': 21, '290-E STJHS-YLKOT': 0, 'KBS-NGVRJ-VNS': 1, '317-K': 0, 'TR-4 KMT-NGV': 1, '290-C': 63, '290EY KMT-YHKOT': 0, '290-E SBS-NGW-KLN': 0, '290-E ITCF-YHKOT': 0, 'V-SBS-KNB': 1, 'BSK-KRP-ITI': 1, '348-F': 14, '213-D': 6, 'SBS-RJP': 2, 'SBS-HTN': 1, '375-D': 80}"
Byadarahalli Jayamahal,13.00116812,77.60973930,16,29159194,{'210-X': 16}
Chinnappa Garden,13.00302002,77.60353880,38,29159194,"{'266-N': 12, 'BELGS-35': 0, '119-B': 15, 'OASIS-3A': 1, 'OASIS-3B': 2, 'BEMLA-28': 2, 'SHS-10': 2, 'BEMLB-22': 4}"
Doddy Tannery Road,13.00257755,77.61206767,540,29159194,"{'SBS-AMC': 0, '290-EA': 0, '290-E SBS-PTH': 0, '291-N': 16, 'TR-4': 46, '290-EB KGR-YHK': 0, '253-A': 12, '290-M': 8, 'DPJN-JJN-NGW': 4, '290-A': 28, '290-H': 0, '290-RA': 5, '290-R': 13, '290-EB': 0, '290-QA': 18, '290-G': 0, '290-Q': 14, 'TR-4A': 10, '290-T': 11, '290-HA': 0, 'SBS-SDH': 2, '291-D': 22, '291-L': 3, '290-Z': 4, '290-P': 24, 'MBS-14': 10, 'SBS-JKR-ALSG-PTH': 1, 'CLO-RKH': 5, '291-K': 7, '291-A': 11, '291-E': 16, 'G-10': 0, '290 KBS-YLKOT': 2, '290-EY': 0, '290-KA KMT-PLG': 1, 'TR-4 JJN-PLG': 2, '290-QA NRG-RKHN': 1, '291-H': 21, '94E YPRTTMC-TRDBS': 1, '290-E STJHS-YLKOT': 0, 'KBS-NGVRJ-VNS': 1, '290-N': 40, '317-K': 0, '241-CD': 11, 'TR-4 KMT-NGV': 1, '290-C': 63, '290EY KMT-YHKOT': 0, '290-E SBS-NGW-KLN': 0, '290-E ITCF-YHKOT': 0, 'V-SBS-KNB': 1, 'BSK-KRP-ITI': 1, '348-F': 14, 'BMSIT-3': 1, '213-D': 6, 'SBS-RJP': 2, 'SBS-HTN': 1, '375-D': 80}"
Pottery Town,13.00243146,77.60914089,0,29159194,{}
Williams Town Park,12.99998422,77.60748558,2,29159194,"{'BELGS-35': 0, 'D24-TNF-WTP': 1, 'WTP-JVH-KRP': 1}"
Byadarahalli Jayamahal,13.00116812,77.60973930,16,29159195,{'210-X': 16}
Chinnappa Garden,13.00302002,77.60353880,38,29159195,"{'266-N': 12, 'BELGS-35': 0, '119-B': 15, 'OASIS-3A': 1, 'OASIS-3B': 2, 'BEMLA-28': 2, 'SHS-10': 2, 'BEMLB-22': 4}"
Doddy Tannery Road,13.00257755,77.61206767,540,29159195,"{'SBS-AMC': 0, '290-EA': 0, '290-E SBS-PTH': 0, '291-N': 16, 'TR-4': 46, '290-EB KGR-YHK': 0, '253-A': 12, '290-M': 8, 'DPJN-JJN-NGW': 4, '290-A': 28, '290-H': 0, '290-RA': 5, '290-R': 13, '290-EB': 0, '290-QA': 18, '290-G': 0, '290-Q': 14, 'TR-4A': 10, '290-T': 11, '290-HA': 0, 'SBS-SDH': 2, '291-D': 22, '291-L': 3, '290-Z': 4, '290-P': 24, 'MBS-14': 10, 'SBS-JKR-ALSG-PTH': 1, 'CLO-RKH': 5, '291-K': 7, '291-A': 11, '291-E': 16, 'G-10': 0, '290 KBS-YLKOT': 2, '290-EY': 0, '290-KA KMT-PLG': 1, 'TR-4 JJN-PLG': 2, '290-QA NRG-RKHN': 1, '291-H': 21, '94E YPRTTMC-TRDBS': 1, '290-E STJHS-YLKOT': 0, 'KBS-NGVRJ-VNS': 1, '290-N': 40, '317-K': 0, '241-CD': 11, 'TR-4 KMT-NGV': 1, '290-C': 63, '290EY KMT-YHKOT': 0, '290-E SBS-NGW-KLN': 0, '290-E ITCF-YHKOT': 0, 'V-SBS-KNB': 1, 'BSK-KRP-ITI': 1, '348-F': 14, 'BMSIT-3': 1, '213-D': 6, 'SBS-RJP': 2, 'SBS-HTN': 1, '375-D': 80}"
Pottery Town,13.00243146,77.60914089,0,29159195,{}
Tannery Road Canara Bank,13.00680094,77.61247259,480,29159195,"{'SBS-AMC': 0, '290-EA': 0, '290-E SBS-PTH': 0, '291-N': 16, 'TR-4': 46, '290-EB KGR-YHK': 0, '253-A': 12, '290-M': 8, 'DPJN-JJN-NGW': 4, '290-A': 28, '290-R': 13, '290-EB': 0, '290-QA': 18, '290-G': 0, '290-Q': 14, 'TR-4A': 10, '290-T': 11, '290-HA': 0, '291-D': 22, '291-L': 3, '290-Z': 4, '290-P': 24, 'MBS-14': 10, 'SBS-JKR-ALSG-PTH': 1, 'CLO-RKH': 5, '291-K': 7, '291-A': 11, '291-E': 16, 'G-10': 0, '290 KBS-YLKOT': 2, '290-EY': 0, '290-KA KMT-PLG': 1, 'TR-4 JJN-PLG': 2, '290-QA NRG-RKHN': 1, '291-H': 21, '290-E STJHS-YLKOT': 0, 'KBS-NGVRJ-VNS': 1, '317-K': 0, 'TR-4 KMT-NGV': 1, '290-C': 63, '290EY KMT-YHKOT': 0, '290-E SBS-NGW-KLN': 0, '290-E ITCF-YHKOT': 0, 'V-SBS-KNB': 1, 'BSK-KRP-ITI': 1, '348-F': 14, '213-D': 6, 'SBS-RJP': 2, 'SBS-HTN': 1, '375-D': 80}"
HBR Layout 2nd Stage,13.03175015,77.61207685,1,29159001,"{'290-H': 0, 'D10G-HBR2': 1}"
Kanakanagara,13.03951364,77.60727435,0,29159001,{}
MM Medicals RT Nagara,13.03140195,77.60834388,0,29159001,{}
HBR Layout 2nd Stage,13.03175015,77.61207685,1,29159002,"{'290-H': 0, 'D10G-HBR2': 1}"
Kanakanagara,13.03951364,77.60727435,0,29159002,{}
MM Medicals RT Nagara,13.03140195,77.60834388,0,29159002,{}
Chinnappa Layout,13.02806170,77.61177242,30,29159003,"{'290-H': 0, 'D10G-HBR2': 1, '415-D': 29}"
HBR Layout 2nd Stage,13.03175015,77.61207685,1,29159003,"{'290-H': 0, 'D10G-HBR2': 1}"
HBR Layout 2nd Stage Railway Gate,13.02873720,77.61561402,29,29159003,{'415-D': 29}
KHB Colony Sultanpalya,13.02821326,77.60698333,4,29159003,"{'KBS-SPHC': 1, 'SPHC-KMT': 1, 'HBLB-SPHCN': 1, 'KBS-LRB': 1}"
LR Bande,13.02895343,77.61059493,35,29159003,"{'415-D': 29, 'MTR-16': 2, 'SPHS-BMT14': 1, 'SOPHIYA-3': 2, 'KBS-LRB': 1}"
MM Medicals RT Nagara,13.03140195,77.60834388,0,29159003,{}
Bhuvaneshwarinagara RT Nagara,13.03245243,77.60471821,46,29159004,{'415-F': 46}
Chinnappa Layout,13.02806170,77.61177242,30,29159004,"{'290-H': 0, 'D10G-HBR2': 1, '415-D': 29}"
HBR Layout 2nd Stage,13.03175015,77.61207685,1,29159004,"{'290-H': 0, 'D10G-HBR2': 1}"
KHB Colony Sultanpalya,13.02821326,77.60698333,4,29159004,"{'KBS-SPHC': 1, 'SPHC-KMT': 1, 'HBLB-SPHCN': 1, 'KBS-LRB': 1}"
LR Bande,13.02895343,77.61059493,35,29159004,"{'415-D': 29, 'MTR-16': 2, 'SPHS-BMT14': 1, 'SOPHIYA-3': 2, 'KBS-LRB': 1}"
MM Medicals RT Nagara,13.03140195,77.60834388,0,29159004,{}
Bhuvaneshwarinagara RT Nagara,13.03245243,77.60471821,46,29159005,{'415-F': 46}
Chinnappa Layout,13.02806170,77.61177242,30,29159005,"{'290-H': 0, 'D10G-HBR2': 1, '415-D': 29}"
HBR Layout 2nd Stage,13.03175015,77.61207685,1,29159005,"{'290-H': 0, 'D10G-HBR2': 1}"
KHB Colony Sultanpalya,13.02821326,77.60698333,4,29159005,"{'KBS-SPHC': 1, 'SPHC-KMT': 1, 'HBLB-SPHCN': 1, 'KBS-LRB': 1}"
LR Bande,13.02895343,77.61059493,35,29159005,"{'415-D': 29, 'MTR-16': 2, 'SPHS-BMT14': 1, 'SOPHIYA-3': 2, 'KBS-LRB': 1}"
MM Medicals RT Nagara,13.03140195,77.60834388,0,29159005,{}
Chinnappa Layout,13.02806170,77.61177242,30,29159006,"{'290-H': 0, 'D10G-HBR2': 1, '415-D': 29}"
HBR Layout 2nd Stage,13.03175015,77.61207685,1,29159006,"{'290-H': 0, 'D10G-HBR2': 1}"
HBR Layout 2nd Stage Railway Gate,13.02873720,77.61561402,29,29159006,{'415-D': 29}
KHB Colony Sultanpalya,13.02821326,77.60698333,4,29159006,"{'KBS-SPHC': 1, 'SPHC-KMT': 1, 'HBLB-SPHCN': 1, 'KBS-LRB': 1}"
LR Bande,13.02895343,77.61059493,35,29159006,"{'415-D': 29, 'MTR-16': 2, 'SPHS-BMT14': 1, 'SOPHIYA-3': 2, 'KBS-LRB': 1}"
MM Medicals RT Nagara,13.03140195,77.60834388,0,29159006,{}
Shampura Kavalbyrasandra,13.02641147,77.61421725,26,29159006,"{'RTNPS-SMP': 1, '415-G': 18, '415-A': 2, '290-H': 0, 'D10G-HBR2': 1, '300-V': 4}"
Ambedkar Medical College Shampura,13.02332136,77.61248589,80,29159007,"{'SBS-AMC': 0, 'RTNPS-ABC': 1, 'RTNPS-SMP': 1, '415-G': 18, '290-D': 19, '415-A': 2, '290-H': 0, 'D10G-HBR2': 1, '290-HA': 0, '300-V': 4, '291-E': 16, 'ITPL-2B': 2, 'D10G-DAME': 1, '348-M': 15}"
Chinnappa Layout,13.02806170,77.61177242,30,29159007,"{'290-H': 0, 'D10G-HBR2': 1, '415-D': 29}"
HBR Layout 2nd Stage,13.03175015,77.61207685,1,29159007,"{'290-H': 0, 'D10G-HBR2': 1}"
HBR Layout 2nd Stage Railway Gate,13.02873720,77.61561402,29,29159007,{'415-D': 29}
Kadugondanahalli,13.02593572,77.61989335,521,29159007,"{'290-EA': 0, '290-E SBS-PTH': 0, '291-N': 16, 'TR-4': 46, '290-EB KGR-YHK': 0, '253-A': 12, '290-M': 8, 'DPJN-JJN-NGW': 4, 'RTNPS-CHCL': 1, '290-A': 28, '290-RA': 5, '290-R': 13, '290-EB': 0, '290-QA': 18, '290-G': 0, '290-Q': 14, 'TR-4A': 10, '290-T': 11, 'SBS-SDH': 2, '291-D': 22, '291-L': 3, '290-Z': 4, '290-P': 24, 'MBS-14': 10, 'SBS-JKR-ALSG-PTH': 1, 'CLO-RKH': 5, '291-K': 7, '291-A': 11, 'G-10': 0, '290 KBS-YLKOT': 2, '290-EY': 0, '290-QA NRG-RKHN': 1, '291-H': 21, '290-E STJHS-YLKOT': 0, 'KBS-NGVRJ-VNS': 1, '290-N': 40, '317-K': 0, '241-CD': 11, 'TR-4 KMT-NGV': 1, '290-C': 63, '290EY KMT-YHKOT': 0, '290-E SBS-NGW-KLN': 0, '290-E ITCF-YHKOT': 0, 'V-SBS-KNB': 1, 'BSK-KRP-ITI': 1, '348-F': 14, 'BMSIT-3': 1, '213-D': 6, 'SBS-RJP': 2, 'SBS-HTN': 1, '375-D': 80}"
LR Bande,13.02895343,77.61059493,35,29159007,"{'415-D': 29, 'MTR-16': 2, 'SPHS-BMT14': 1, 'SOPHIYA-3': 2, 'KBS-LRB': 1}"
Shampura Kavalbyrasandra,13.02641147,77.61421725,26,29159007,"{'RTNPS-SMP': 1, '415-G': 18, '415-A': 2, '290-H': 0, 'D10G-HBR2': 1, '300-V': 4}"
Ambedkar Medical College Shampura,13.02332136,77.61248589,80,29159008,"{'SBS-AMC': 0, 'RTNPS-ABC': 1, 'RTNPS-SMP': 1, '415-G': 18, '290-D': 19, '415-A': 2, '290-H': 0, 'D10G-HBR2': 1, '290-HA': 0, '300-V': 4, '291-E': 16, 'ITPL-2B': 2, 'D10G-DAME': 1, '348-M': 15}"
Chinnappa Layout,13.02806170,77.61177242,30,29159008,"{'290-H': 0, 'D10G-HBR2': 1, '415-D': 29}"
HBR Layout 2nd Stage,13.03175015,77.61207685,1,29159008,"{'290-H': 0, 'D10G-HBR2': 1}"
HBR Layout 2nd Stage Railway Gate,13.02873720,77.61561402,29,29159008,{'415-D': 29}
LR Bande,13.02895343,77.61059493,35,29159008,"{'415-D': 29, 'MTR-16': 2, 'SPHS-BMT14': 1, 'SOPHIYA-3': 2, 'KBS-LRB': 1}"
Shampura Kavalbyrasandra,13.02641147,77.61421725,26,29159008,"{'RTNPS-SMP': 1, '415-G': 18, '415-A': 2, '290-H': 0, 'D10G-HBR2': 1, '300-V': 4}"
Ambedkar Medical College Shampura,13.02332136,77.61248589,80,29159009,"{'SBS-AMC': 0, 'RTNPS-ABC': 1, 'RTNPS-SMP': 1, '415-G': 18, '290-D': 19, '415-A': 2, '290-H': 0, 'D10G-HBR2': 1, '290-HA': 0, '300-V': 4, '291-E': 16, 'ITPL-2B': 2, 'D10G-DAME': 1, '348-M': 15}"
Chinnappa Layout,13.02806170,77.61177242,30,29159009,"{'290-H': 0, 'D10G-HBR2': 1, '415-D': 29}"
HBR Layout 2nd Stage,13.03175015,77.61207685,1,29159009,"{'290-H': 0, 'D10G-HBR2': 1}"
HBR Layout 2nd Stage Railway Gate,13.02873720,77.61561402,29,29159009,{'415-D': 29}
LR Bande,13.02895343,77.61059493,35,29159009,"{'415-D': 29, 'MTR-16': 2, 'SPHS-BMT14': 1, 'SOPHIYA-3': 2, 'KBS-LRB': 1}"
MM Layout Kavalbyrasandra,13.02220094,77.61009201,3,29159009,"{'VNS-20': 2, 'YTTMC-MMLKB': 1}"
Shampura Kavalbyrasandra,13.02641147,77.61421725,26,29159009,"{'RTNPS-SMP': 1, '415-G': 18, '415-A': 2, '290-H': 0, 'D10G-HBR2': 1, '300-V': 4}"
Ambedkar Medical College Shampura,13.02332136,77.61248589,80,29159010,"{'SBS-AMC': 0, 'RTNPS-ABC': 1, 'RTNPS-SMP': 1, '415-G': 18, '290-D': 19, '415-A': 2, '290-H': 0, 'D10G-HBR2': 1, '290-HA': 0, '300-V': 4, '291-E': 16, 'ITPL-2B': 2, 'D10G-DAME': 1, '348-M': 15}"
Chinnappa Layout,13.02806170,77.61177242,30,29159010,"{'290-H': 0, 'D10G-HBR2': 1, '415-D': 29}"
HBR Layout 2nd Stage,13.03175015,77.61207685,1,29159010,"{'290-H': 0, 'D10G-HBR2': 1}"
HBR Layout 2nd Stage Railway Gate,13.02873720,77.61561402,29,29159010,{'415-D': 29}
KHB Colony Sultanpalya,13.02821326,77.60698333,4,29159010,"{'KBS-SPHC': 1, 'SPHC-KMT': 1, 'HBLB-SPHCN': 1, 'KBS-LRB': 1}"
LR Bande,13.02895343,77.61059493,35,29159010,"{'415-D': 29, 'MTR-16': 2, 'SPHS-BMT14': 1, 'SOPHIYA-3': 2, 'KBS-LRB': 1}"
MM Medicals RT Nagara,13.03140195,77.60834388,0,29159010,{}
Shampura Kavalbyrasandra,13.02641147,77.61421725,26,29159010,"{'RTNPS-SMP': 1, '415-G': 18, '415-A': 2, '290-H': 0, 'D10G-HBR2': 1, '300-V': 4}"
Ambedkar Medical College Shampura,13.02332136,77.61248589,80,29159011,"{'SBS-AMC': 0, 'RTNPS-ABC': 1, 'RTNPS-SMP': 1, '415-G': 18, '290-D': 19, '415-A': 2, '290-H': 0, 'D10G-HBR2': 1, '290-HA': 0, '300-V': 4, '291-E': 16, 'ITPL-2B': 2, 'D10G-DAME': 1, '348-M': 15}"
Chinnappa Layout,13.02806170,77.61177242,30,29159011,"{'290-H': 0, 'D10G-HBR2': 1, '415-D': 29}"
HBR Layout 2nd Stage,13.03175015,77.61207685,1,29159011,"{'290-H': 0, 'D10G-HBR2': 1}"
HBR Layout 2nd Stage Railway Gate,13.02873720,77.61561402,29,29159011,{'415-D': 29}
LR Bande,13.02895343,77.61059493,35,29159011,"{'415-D': 29, 'MTR-16': 2, 'SPHS-BMT14': 1, 'SOPHIYA-3': 2, 'KBS-LRB': 1}"
Shampura Kavalbyrasandra,13.02641147,77.61421725,26,29159011,"{'RTNPS-SMP': 1, '415-G': 18, '415-A': 2, '290-H': 0, 'D10G-HBR2': 1, '300-V': 4}"
Chinnappa Layout,13.02806170,77.61177242,30,29159012,"{'290-H': 0, 'D10G-HBR2': 1, '415-D': 29}"
HBR Layout 2nd Stage,13.03175015,77.61207685,1,29159012,"{'290-H': 0, 'D10G-HBR2': 1}"
HBR Layout 2nd Stage Railway Gate,13.02873720,77.61561402,29,29159012,{'415-D': 29}
KHB Colony Sultanpalya,13.02821326,77.60698333,4,29159012,"{'KBS-SPHC': 1, 'SPHC-KMT': 1, 'HBLB-SPHCN': 1, 'KBS-LRB': 1}"
LR Bande,13.02895343,77.61059493,35,29159012,"{'415-D': 29, 'MTR-16': 2, 'SPHS-BMT14': 1, 'SOPHIYA-3': 2, 'KBS-LRB': 1}"
MM Medicals RT Nagara,13.03140195,77.60834388,0,29159012,{}
Shampura Kavalbyrasandra,13.02641147,77.61421725,26,29159012,"{'RTNPS-SMP': 1, '415-G': 18, '415-A': 2, '290-H': 0, 'D10G-HBR2': 1, '300-V': 4}"
Chinnappa Layout,13.02806170,77.61177242,30,29159013,"{'290-H': 0, 'D10G-HBR2': 1, '415-D': 29}"
HBR Layout 2nd Stage,13.03175015,77.61207685,1,29159013,"{'290-H': 0, 'D10G-HBR2': 1}"
HBR Layout 2nd Stage Railway Gate,13.02873720,77.61561402,29,29159013,{'415-D': 29}
Kadugondanahalli,13.02593572,77.61989335,521,29159013,"{'290-EA': 0, '290-E SBS-PTH': 0, '291-N': 16, 'TR-4': 46, '290-EB KGR-YHK': 0, '253-A': 12, '290-M': 8, 'DPJN-JJN-NGW': 4, 'RTNPS-CHCL': 1, '290-A': 28, '290-RA': 5, '290-R': 13, '290-EB': 0, '290-QA': 18, '290-G': 0, '290-Q': 14, 'TR-4A': 10, '290-T': 11, 'SBS-SDH': 2, '291-D': 22, '291-L': 3, '290-Z': 4, '290-P': 24, 'MBS-14': 10, 'SBS-JKR-ALSG-PTH': 1, 'CLO-RKH': 5, '291-K': 7, '291-A': 11, 'G-10': 0, '290 KBS-YLKOT': 2, '290-EY': 0, '290-QA NRG-RKHN': 1, '291-H': 21, '290-E STJHS-YLKOT': 0, 'KBS-NGVRJ-VNS': 1, '290-N': 40, '317-K': 0, '241-CD': 11, 'TR-4 KMT-NGV': 1, '290-C': 63, '290EY KMT-YHKOT': 0, '290-E SBS-NGW-KLN': 0, '290-E ITCF-YHKOT': 0, 'V-SBS-KNB': 1, 'BSK-KRP-ITI': 1, '348-F': 14, 'BMSIT-3': 1, '213-D': 6, 'SBS-RJP': 2, 'SBS-HTN': 1, '375-D': 80}"
LR Bande,13.02895343,77.61059493,35,29159013,"{'415-D': 29, 'MTR-16': 2, 'SPHS-BMT14': 1, 'SOPHIYA-3': 2, 'KBS-LRB': 1}"
MM Medicals RT Nagara,13.03140195,77.60834388,0,29159013,{}
Shampura Kavalbyrasandra,13.02641147,77.61421725,26,29159013,"{'RTNPS-SMP': 1, '415-G': 18, '415-A': 2, '290-H': 0, 'D10G-HBR2': 1, '300-V': 4}"
Chinnappa Layout,13.02806170,77.61177242,30,29159014,"{'290-H': 0, 'D10G-HBR2': 1, '415-D': 29}"
HBR Layout 2nd Stage,13.03175015,77.61207685,1,29159014,"{'290-H': 0, 'D10G-HBR2': 1}"
HBR Layout 2nd Stage Railway Gate,13.02873720,77.61561402,29,29159014,{'415-D': 29}
LR Bande,13.02895343,77.61059493,35,29159014,"{'415-D': 29, 'MTR-16': 2, 'SPHS-BMT14': 1, 'SOPHIYA-3': 2, 'KBS-LRB': 1}"
MM Medicals RT Nagara,13.03140195,77.60834388,0,29159014,{}
Shampura Kavalbyrasandra,13.02641147,77.61421725,26,29159014,"{'RTNPS-SMP': 1, '415-G': 18, '415-A': 2, '290-H': 0, 'D10G-HBR2': 1, '300-V': 4}"
Ambedkar Medical College Shampura,13.02332136,77.61248589,80,29159015,"{'SBS-AMC': 0, 'RTNPS-ABC': 1, 'RTNPS-SMP': 1, '415-G': 18, '290-D': 19, '415-A': 2, '290-H': 0, 'D10G-HBR2': 1, '290-HA': 0, '300-V': 4, '291-E': 16, 'ITPL-2B': 2, 'D10G-DAME': 1, '348-M': 15}"
Chinnappa Layout,13.02806170,77.61177242,30,29159015,"{'290-H': 0, 'D10G-HBR2': 1, '415-D': 29}"
HBR Layout 2nd Stage,13.03175015,77.61207685,1,29159015,"{'290-H': 0, 'D10G-HBR2': 1}"
HBR Layout 2nd Stage Railway Gate,13.02873720,77.61561402,29,29159015,{'415-D': 29}
KHB Colony Sultanpalya,13.02821326,77.60698333,4,29159015,"{'KBS-SPHC': 1, 'SPHC-KMT': 1, 'HBLB-SPHCN': 1, 'KBS-LRB': 1}"
LR Bande,13.02895343,77.61059493,35,29159015,"{'415-D': 29, 'MTR-16': 2, 'SPHS-BMT14': 1, 'SOPHIYA-3': 2, 'KBS-LRB': 1}"
MM Layout Kavalbyrasandra,13.02220094,77.61009201,3,29159015,"{'VNS-20': 2, 'YTTMC-MMLKB': 1}"
MM Medicals RT Nagara,13.03140195,77.60834388,0,29159015,{}
Postal and Telecom Colony,13.02460630,77.60524727,695,29159015,"{'290-EA': 0, '290-E SBS-PTH': 0, '291-N': 16, 'TR-4': 46, '290-EB YHK-KGR': 0, '290-EB KGR-YHK': 0, 'NGW-DPJN': 6, '253-A': 12, '290-M': 8, 'DPJN-JJN-NGW': 4, '290-D': 19, '290-A': 28, '291-J': 26, '290-J': 0, '290-RA': 5, '290-R': 13, '290-J MSP-SBS': 0, '290-EB': 0, '290-QA': 18, '291-G': 20, '290-Q': 14, 'D10G-NGVR-JJN': 1, 'TR-4A': 10, '290-T': 11, '290-HA': 0, 'KLNB-BKC': 1, 'PTH-SBS1': 4, '291-D': 22, '291-L': 3, '290-Z': 4, '290-P': 24, 'MBS-14': 10, 'SBS-JKR-ALSG-PTH': 1, 'CLO-RKH': 5, '291-K': 7, '291-A': 11, '291-E': 16, 'G-10': 0, '290 KBS-YLKOT': 2, '290-EY': 0, '291-R': 15, 'KLN-JJN': 1, '290-QA NRG-RKHN': 1, 'MSP-ARMYK': 1, '291-H': 21, '291-B': 2, '290-E STJHS-YLKOT': 0, 'KBS-NGVRJ-VNS': 1, '63 SBS-DPJN': 1, '290-F': 0, '290-N': 40, '317-K': 0, 'TR-4 NGV-MRBS': 2, 'TR-4 KMT-NGV': 1, '290-C': 63, 'MBS-2': 17, '290EY KMT-YHKOT': 0, 'MBS2 PTH-MRHSPG': 1, '290-E SBS-NGW-KLN': 0, '290-E ITCF-YHKOT': 0, 'V-SBS-KNB': 1, '290-E': 52, 'PTH-SBS': 3, 'BSK-KRP-ITI': 1, '348-F': 14, 'BMSIT-3': 1, '213-D': 6, 'SBS-RJP': 2, 'SBS-HTN': 1, '375-D': 80}"
Shampura Kavalbyrasandra,13.02641147,77.61421725,26,29159015,"{'RTNPS-SMP': 1, '415-G': 18, '415-A': 2, '290-H': 0, 'D10G-HBR2': 1, '300-V': 4}"
Ambedkar Medical College Shampura,13.02332136,77.61248589,80,29159016,"{'SBS-AMC': 0, 'RTNPS-ABC': 1, 'RTNPS-SMP': 1, '415-G': 18, '290-D': 19, '415-A': 2, '290-H': 0, 'D10G-HBR2': 1, '290-HA': 0, '300-V': 4, '291-E': 16, 'ITPL-2B': 2, 'D10G-DAME': 1, '348-M': 15}"
Chinnappa Layout,13.02806170,77.61177242,30,29159016,"{'290-H': 0, 'D10G-HBR2': 1, '415-D': 29}"
HBR Layout 2nd Stage,13.03175015,77.61207685,1,29159016,"{'290-H': 0, 'D10G-HBR2': 1}"
HBR Layout 2nd Stage Railway Gate,13.02873720,77.61561402,29,29159016,{'415-D': 29}
KHB Colony Sultanpalya,13.02821326,77.60698333,4,29159016,"{'KBS-SPHC': 1, 'SPHC-KMT': 1, 'HBLB-SPHCN': 1, 'KBS-LRB': 1}"
LR Bande,13.02895343,77.61059493,35,29159016,"{'415-D': 29, 'MTR-16': 2, 'SPHS-BMT14': 1, 'SOPHIYA-3': 2, 'KBS-LRB': 1}"
MM Layout Kavalbyrasandra,13.02220094,77.61009201,3,29159016,"{'VNS-20': 2, 'YTTMC-MMLKB': 1}"
MM Medicals RT Nagara,13.03140195,77.60834388,0,29159016,{}
Shampura Kavalbyrasandra,13.02641147,77.61421725,26,29159016,"{'RTNPS-SMP': 1, '415-G': 18, '415-A': 2, '290-H': 0, 'D10G-HBR2': 1, '300-V': 4}"
Chinnappa Layout,13.02806170,77.61177242,30,29159017,"{'290-H': 0, 'D10G-HBR2': 1, '415-D': 29}"
KHB Colony Sultanpalya,13.02821326,77.60698333,4,29159017,"{'KBS-SPHC': 1, 'SPHC-KMT': 1, 'HBLB-SPHCN': 1, 'KBS-LRB': 1}"
LR Bande,13.02895343,77.61059493,35,29159017,"{'415-D': 29, 'MTR-16': 2, 'SPHS-BMT14': 1, 'SOPHIYA-3': 2, 'KBS-LRB': 1}"
Manjushree Hospital,13.02135230,77.60704770,62,29159017,"{'RTNPS-ABC': 1, 'RTNPS-SMP': 1, '415-G': 18, 'KBR-SJHS': 1, '415-A': 2, 'HBL-KBR': 1, 'RTNPS-CHCL': 1, '241-T': 7, '415-D': 29, 'KVLB-VNS': 1}"
MM Layout Kavalbyrasandra,13.02220094,77.61009201,3,29159017,"{'VNS-20': 2, 'YTTMC-MMLKB': 1}"
P&T Quarters,13.02150321,77.60457069,291,29159017,"{'RTNPS-ABC': 1, '111-C': 59, 'RTNPS-KBR': 3, 'KVB-NVG': 5, 'RTNPS-SMP': 1, '415-G': 18, 'KBR-SJHS': 1, '415-A': 2, 'HBL-KBR': 1, 'RTNPS-CHCL': 1, '176 KBR-VTTMC': 1, '342-U': 6, '144-K D06G-KVLB': 1, '144-K': 23, 'VSD-KBR': 1, '300-V': 4, '176 CLO-KBR': 3, 'KVBR-HBL-CHSC': 3, 'KBR-KRM': 1, '241-T': 7, 'KRM-KBR': 2, '176-E': 10, '415-D': 29, '176-A': 14, 'KVLB-VNS': 1, 'BVNR-KVBL': 1, '242-R': 9, 'YTTMC-MMLKB': 1, '111-C KBS-MDG': 9, '176-E VTTMC-KBR': 1, '79-B': 27, '256-MB': 6, '112-A': 24, '230-A': 12}"
Postal and Telecom Colony,13.02460630,77.60524727,695,29159017,"{'290-EA': 0, '290-E SBS-PTH': 0, '291-N': 16, 'TR-4': 46, '290-EB YHK-KGR': 0, '290-EB KGR-YHK': 0, 'NGW-DPJN': 6, '253-A': 12, '290-M': 8, 'DPJN-JJN-NGW': 4, '290-D': 19, '290-A': 28, '291-J': 26, '290-J': 0, '290-RA': 5, '290-R': 13, '290-J MSP-SBS': 0, '290-EB': 0, '290-QA': 18, '291-G': 20, '290-Q': 14, 'D10G-NGVR-JJN': 1, 'TR-4A': 10, '290-T': 11, '290-HA': 0, 'KLNB-BKC': 1, 'PTH-SBS1': 4, '291-D': 22, '291-L': 3, '290-Z': 4, '290-P': 24, 'MBS-14': 10, 'SBS-JKR-ALSG-PTH': 1, 'CLO-RKH': 5, '291-K': 7, '291-A': 11, '291-E': 16, 'G-10': 0, '290 KBS-YLKOT': 2, '290-EY': 0, '291-R': 15, 'KLN-JJN': 1, '290-QA NRG-RKHN': 1, 'MSP-ARMYK': 1, '291-H': 21, '291-B': 2, '290-E STJHS-YLKOT': 0, 'KBS-NGVRJ-VNS': 1, '63 SBS-DPJN': 1, '290-F': 0, '290-N': 40, '317-K': 0, 'TR-4 NGV-MRBS': 2, 'TR-4 KMT-NGV': 1, '290-C': 63, 'MBS-2': 17, '290EY KMT-YHKOT': 0, 'MBS2 PTH-MRHSPG': 1, '290-E SBS-NGW-KLN': 0, '290-E ITCF-YHKOT': 0, 'V-SBS-KNB': 1, '290-E': 52, 'PTH-SBS': 3, 'BSK-KRP-ITI': 1, '348-F': 14, 'BMSIT-3': 1, '213-D': 6, 'SBS-RJP': 2, 'SBS-HTN': 1, '375-D': 80}"
Sultanpalya,13.02662127,77.60394552,438,29159017,"{'YTTMC-CMN': 1, 'RTNPS-VNH': 4, '176-C': 25, '13-S': 5, 'STP-BSK': 1, 'CPR-1': 17, 'SRN-SJP': 4, 'SJP-SRN': 9, 'BELGS-51': 2, '415-B': 33, '415-F': 46, 'KBS-SPHC': 1, 'GKVK-STP': 3, '114-E': 8, 'STP-HBL': 1, '296-A': 17, '114-A': 63, '114-G': 22, '176-CA': 19, '347-E': 13, '197 JBN-CLP-STP': 2, '415-J': 19, 'D06G-STP': 2, 'SBS-STP': 3, 'STP-SBS': 2, 'SBS-JML-STP': 1, 'D06-STP': 1, '114-C': 63, '114-B': 42, 'BVNR-KVBL': 1, 'STP-HBL-VNS': 1, 'SPHSB-STP': 1, '297 STP-AFSY': 2, 'MRPL-BELC': 0, 'RTNPS-STP': 4}"
Sultanpalya Ashwathkatte,13.02466383,77.60329196,370,29159017,"{'YTTMC-CMN': 1, 'RTNPS-VNH': 4, 'BELGS-51': 2, '415-B': 33, '415-F': 46, 'KBS-SPHC': 1, 'GKVK-STP': 3, '114-E': 8, '296-A': 17, '114-A': 63, '114-G': 22, '176-CA': 19, '347-E': 13, '197 JBN-CLP-STP': 2, '415-J': 19, 'D06G-STP': 2, 'SBS-STP': 3, 'SBS-JML-STP': 1, 'D06-STP': 1, '114-C': 63, '114-B': 42, 'SPHSB-STP': 1, 'RTNPS-STP': 4}"
Sultanpalya Cross Pushpanjali Talkies,13.02206963,77.60235853,699,29159017,"{'YTTMC-CMN': 1, 'RTNPS-ABC': 1, 'RTNPS-VNH': 4, '111-C': 59, '176-C': 25, '13-S': 5, 'STP-BSK': 1, 'RTNPS-KBR': 3, 'KVB-NVG': 5, 'BELGS-51': 2, '415-B': 33, 'RTNPS-SMP': 1, '415-G': 18, '415-F': 46, 'KBS-SPHC': 1, 'KBR-SJHS': 1, 'GKVK-STP': 3, '114-E': 8, '415-A': 2, 'HBL-KBR': 1, 'RTNPS-CHCL': 1, 'STP-HBL': 1, '176 KBR-VTTMC': 1, '296-A': 17, '114-A': 63, '114-G': 22, '342-U': 6, '144-K D06G-KVLB': 1, '144-K': 23, 'VSD-KBR': 1, '300-V': 4, '176-CA': 19, '347-E': 13, '197 JBN-CLP-STP': 2, '176 CLO-KBR': 3, '415-J': 19, 'KVBR-HBL-CHSC': 3, 'KBR-KRM': 1, '241-T': 7, 'D06G-STP': 2, 'SBS-STP': 3, 'STP-SBS': 2, 'SPHC-KMT': 1, '176-E': 10, 'SBS-JML-STP': 1, 'D06-STP': 1, '415-D': 29, '176-A': 14, '114-C': 63, '114-B': 42, 'KVLB-VNS': 1, 'BVNR-KVBL': 1, 'STP-HBL-VNS': 1, 'SPHSB-STP': 1, 'HBLB-SPHCN': 1, '242-R': 9, 'YTTMC-MMLKB': 1, '111-C KBS-MDG': 9, '176-E VTTMC-KBR': 1, 'KBS-LRB': 1, '297 STP-AFSY': 2, '79-B': 27, '256-MB': 6, 'MRPL-BELC': 0, '112-A': 24, 'RTNPS-STP': 4, '230-A': 12}"
Bhuvaneshwarinagara RT Nagara,13.03245243,77.60471821,46,29159018,{'415-F': 46}
Chinnappa Layout,13.02806170,77.61177242,30,29159018,"{'290-H': 0, 'D10G-HBR2': 1, '415-D': 29}"
HBR Layout 2nd Stage,13.03175015,77.61207685,1,29159018,"{'290-H': 0, 'D10G-HBR2': 1}"
KHB Colony Sultanpalya,13.02821326,77.60698333,4,29159018,"{'KBS-SPHC': 1, 'SPHC-KMT': 1, 'HBLB-SPHCN': 1, 'KBS-LRB': 1}"
LR Bande,13.02895343,77.61059493,35,29159018,"{'415-D': 29, 'MTR-16': 2, 'SPHS-BMT14': 1, 'SOPHIYA-3': 2, 'KBS-LRB': 1}"
MM Medicals RT Nagara,13.03140195,77.60834388,0,29159018,{}
Postal and Telecom Colony,13.02460630,77.60524727,695,29159018,"{'290-EA': 0, '290-E SBS-PTH': 0, '291-N': 16, 'TR-4': 46, '290-EB YHK-KGR': 0, '290-EB KGR-YHK': 0, 'NGW-DPJN': 6, '253-A': 12, '290-M': 8, 'DPJN-JJN-NGW': 4, '290-D': 19, '290-A': 28, '291-J': 26, '290-J': 0, '290-RA': 5, '290-R': 13, '290-J MSP-SBS': 0, '290-EB': 0, '290-QA': 18, '291-G': 20, '290-Q': 14, 'D10G-NGVR-JJN': 1, 'TR-4A': 10, '290-T': 11, '290-HA': 0, 'KLNB-BKC': 1, 'PTH-SBS1': 4, '291-D': 22, '291-L': 3, '290-Z': 4, '290-P': 24, 'MBS-14': 10, 'SBS-JKR-ALSG-PTH': 1, 'CLO-RKH': 5, '291-K': 7, '291-A': 11, '291-E': 16, 'G-10': 0, '290 KBS-YLKOT': 2, '290-EY': 0, '291-R': 15, 'KLN-JJN': 1, '290-QA NRG-RKHN': 1, 'MSP-ARMYK': 1, '291-H': 21, '291-B': 2, '290-E STJHS-YLKOT': 0, 'KBS-NGVRJ-VNS': 1, '63 SBS-DPJN': 1, '290-F': 0, '290-N': 40, '317-K': 0, 'TR-4 NGV-MRBS': 2, 'TR-4 KMT-NGV': 1, '290-C': 63, 'MBS-2': 17, '290EY KMT-YHKOT': 0, 'MBS2 PTH-MRHSPG': 1, '290-E SBS-NGW-KLN': 0, '290-E ITCF-YHKOT': 0, 'V-SBS-KNB': 1, '290-E': 52, 'PTH-SBS': 3, 'BSK-KRP-ITI': 1, '348-F': 14, 'BMSIT-3': 1, '213-D': 6, 'SBS-RJP': 2, 'SBS-HTN': 1, '375-D': 80}"
Sultanpalya,13.02662127,77.60394552,438,29159018,"{'YTTMC-CMN': 1, 'RTNPS-VNH': 4, '176-C': 25, '13-S': 5, 'STP-BSK': 1, 'CPR-1': 17, 'SRN-SJP': 4, 'SJP-SRN': 9, 'BELGS-51': 2, '415-B': 33, '415-F': 46, 'KBS-SPHC': 1, 'GKVK-STP': 3, '114-E': 8, 'STP-HBL': 1, '296-A': 17, '114-A': 63, '114-G': 22, '176-CA': 19, '347-E': 13, '197 JBN-CLP-STP': 2, '415-J': 19, 'D06G-STP': 2, 'SBS-STP': 3, 'STP-SBS': 2, 'SBS-JML-STP': 1, 'D06-STP': 1, '114-C': 63, '114-B': 42, 'BVNR-KVBL': 1, 'STP-HBL-VNS': 1, 'SPHSB-STP': 1, '297 STP-AFSY': 2, 'MRPL-BELC': 0, 'RTNPS-STP': 4}"
Ambedkar Medical College Shampura,13.02332136,77.61248589,80,29159019,"{'SBS-AMC': 0, 'RTNPS-ABC': 1, 'RTNPS-SMP': 1, '415-G': 18, '290-D': 19, '415-A': 2, '290-H': 0, 'D10G-HBR2': 1, '290-HA': 0, '300-V': 4, '291-E': 16, 'ITPL-2B': 2, 'D10G-DAME': 1, '348-M': 15}"
Chinnappa Layout,13.02806170,77.61177242,30,29159019,"{'290-H': 0, 'D10G-HBR2': 1, '415-D': 29}"
HBR Layout 2nd Stage,13.03175015,77.61207685,1,29159019,"{'290-H': 0, 'D10G-HBR2': 1}"
KHB Colony Sultanpalya,13.02821326,77.60698333,4,29159019,"{'KBS-SPHC': 1, 'SPHC-KMT': 1, 'HBLB-SPHCN': 1, 'KBS-LRB': 1}"
LR Bande,13.02895343,77.61059493,35,29159019,"{'415-D': 29, 'MTR-16': 2, 'SPHS-BMT14': 1, 'SOPHIYA-3': 2, 'KBS-LRB': 1}"
MM Layout Kavalbyrasandra,13.02220094,77.61009201,3,29159019,"{'VNS-20': 2, 'YTTMC-MMLKB': 1}"
MM Medicals RT Nagara,13.03140195,77.60834388,0,29159019,{}
Postal and Telecom Colony,13.02460630,77.60524727,695,29159019,"{'290-EA': 0, '290-E SBS-PTH': 0, '291-N': 16, 'TR-4': 46, '290-EB YHK-KGR': 0, '290-EB KGR-YHK': 0, 'NGW-DPJN': 6, '253-A': 12, '290-M': 8, 'DPJN-JJN-NGW': 4, '290-D': 19, '290-A': 28, '291-J': 26, '290-J': 0, '290-RA': 5, '290-R': 13, '290-J MSP-SBS': 0, '290-EB': 0, '290-QA': 18, '291-G': 20, '290-Q': 14, 'D10G-NGVR-JJN': 1, 'TR-4A': 10, '290-T': 11, '290-HA': 0, 'KLNB-BKC': 1, 'PTH-SBS1': 4, '291-D': 22, '291-L': 3, '290-Z': 4, '290-P': 24, 'MBS-14': 10, 'SBS-JKR-ALSG-PTH': 1, 'CLO-RKH': 5, '291-K': 7, '291-A': 11, '291-E': 16, 'G-10': 0, '290 KBS-YLKOT': 2, '290-EY': 0, '291-R': 15, 'KLN-JJN': 1, '290-QA NRG-RKHN': 1, 'MSP-ARMYK': 1, '291-H': 21, '291-B': 2, '290-E STJHS-YLKOT': 0, 'KBS-NGVRJ-VNS': 1, '63 SBS-DPJN': 1, '290-F': 0, '290-N': 40, '317-K': 0, 'TR-4 NGV-MRBS': 2, 'TR-4 KMT-NGV': 1, '290-C': 63, 'MBS-2': 17, '290EY KMT-YHKOT': 0, 'MBS2 PTH-MRHSPG': 1, '290-E SBS-NGW-KLN': 0, '290-E ITCF-YHKOT': 0, 'V-SBS-KNB': 1, '290-E': 52, 'PTH-SBS': 3, 'BSK-KRP-ITI': 1, '348-F': 14, 'BMSIT-3': 1, '213-D': 6, 'SBS-RJP': 2, 'SBS-HTN': 1, '375-D': 80}"
Sultanpalya,13.02662127,77.60394552,438,29159019,"{'YTTMC-CMN': 1, 'RTNPS-VNH': 4, '176-C': 25, '13-S': 5, 'STP-BSK': 1, 'CPR-1': 17, 'SRN-SJP': 4, 'SJP-SRN': 9, 'BELGS-51': 2, '415-B': 33, '415-F': 46, 'KBS-SPHC': 1, 'GKVK-STP': 3, '114-E': 8, 'STP-HBL': 1, '296-A': 17, '114-A': 63, '114-G': 22, '176-CA': 19, '347-E': 13, '197 JBN-CLP-STP': 2, '415-J': 19, 'D06G-STP': 2, 'SBS-STP': 3, 'STP-SBS': 2, 'SBS-JML-STP': 1, 'D06-STP': 1, '114-C': 63, '114-B': 42, 'BVNR-KVBL': 1, 'STP-HBL-VNS': 1, 'SPHSB-STP': 1, '297 STP-AFSY': 2, 'MRPL-BELC': 0, 'RTNPS-STP': 4}"
Sultanpalya Ashwathkatte,13.02466383,77.60329196,370,29159019,"{'YTTMC-CMN': 1, 'RTNPS-VNH': 4, 'BELGS-51': 2, '415-B': 33, '415-F': 46, 'KBS-SPHC': 1, 'GKVK-STP': 3, '114-E': 8, '296-A': 17, '114-A': 63, '114-G': 22, '176-CA': 19, '347-E': 13, '197 JBN-CLP-STP': 2, '415-J': 19, 'D06G-STP': 2, 'SBS-STP': 3, 'SBS-JML-STP': 1, 'D06-STP': 1, '114-C': 63, '114-B': 42, 'SPHSB-STP': 1, 'RTNPS-STP': 4}"
Dinnur MainRoad,13.02391946,77.59884403,56,29159020,"{'176-C': 25, '13-S': 5, 'STP-BSK': 1, 'KVB-NVG': 5, 'KBR-SJHS': 1, 'STP-HBL': 1, '176 KBR-VTTMC': 1, '342-U': 6, 'KVBR-HBL-CHSC': 3, 'KBR-KRM': 1, 'STP-SBS': 2, 'SPHC-KMT': 1, 'KVLB-VNS': 1, 'STP-HBL-VNS': 1, 'V-DPT-HBL-TNF-MRHB-CSB': 0, '297 STP-AFSY': 2, 'MRPL-BELC': 0}"
Manjushree Hospital,13.02135230,77.60704770,62,29159020,"{'RTNPS-ABC': 1, 'RTNPS-SMP': 1, '415-G': 18, 'KBR-SJHS': 1, '415-A': 2, 'HBL-KBR': 1, 'RTNPS-CHCL': 1, '241-T': 7, '415-D': 29, 'KVLB-VNS': 1}"
Manorayanapalya,13.02886119,77.60160668,110,29159020,"{'YTTMC-CMN': 1, '114-G': 22, '176-CA': 19, '415-J': 19, '114-B': 42, 'ITPL-2B': 2, 'ITPL-2A': 2, 'BELGS-55': 3, 'MRPL-BELC': 0}"
P&T Quarters,13.02150321,77.60457069,291,29159020,"{'RTNPS-ABC': 1, '111-C': 59, 'RTNPS-KBR': 3, 'KVB-NVG': 5, 'RTNPS-SMP': 1, '415-G': 18, 'KBR-SJHS': 1, '415-A': 2, 'HBL-KBR': 1, 'RTNPS-CHCL': 1, '176 KBR-VTTMC': 1, '342-U': 6, '144-K D06G-KVLB': 1, '144-K': 23, 'VSD-KBR': 1, '300-V': 4, '176 CLO-KBR': 3, 'KVBR-HBL-CHSC': 3, 'KBR-KRM': 1, '241-T': 7, 'KRM-KBR': 2, '176-E': 10, '415-D': 29, '176-A': 14, 'KVLB-VNS': 1, 'BVNR-KVBL': 1, '242-R': 9, 'YTTMC-MMLKB': 1, '111-C KBS-MDG': 9, '176-E VTTMC-KBR': 1, '79-B': 27, '256-MB': 6, '112-A': 24, '230-A': 12}"
Postal and Telecom Colony,13.02460630,77.60524727,695,29159020,"{'290-EA': 0, '290-E SBS-PTH': 0, '291-N': 16, 'TR-4': 46, '290-EB YHK-KGR': 0, '290-EB KGR-YHK': 0, 'NGW-DPJN': 6, '253-A': 12, '290-M': 8, 'DPJN-JJN-NGW': 4, '290-D': 19, '290-A': 28, '291-J': 26, '290-J': 0, '290-RA': 5, '290-R': 13, '290-J MSP-SBS': 0, '290-EB': 0, '290-QA': 18, '291-G': 20, '290-Q': 14, 'D10G-NGVR-JJN': 1, 'TR-4A': 10, '290-T': 11, '290-HA': 0, 'KLNB-BKC': 1, 'PTH-SBS1': 4, '291-D': 22, '291-L': 3, '290-Z': 4, '290-P': 24, 'MBS-14': 10, 'SBS-JKR-ALSG-PTH': 1, 'CLO-RKH': 5, '291-K': 7, '291-A': 11, '291-E': 16, 'G-10': 0, '290 KBS-YLKOT': 2, '290-EY': 0, '291-R': 15, 'KLN-JJN': 1, '290-QA NRG-RKHN': 1, 'MSP-ARMYK': 1, '291-H': 21, '291-B': 2, '290-E STJHS-YLKOT': 0, 'KBS-NGVRJ-VNS': 1, '63 SBS-DPJN': 1, '290-F': 0, '290-N': 40, '317-K': 0, 'TR-4 NGV-MRBS': 2, 'TR-4 KMT-NGV': 1, '290-C': 63, 'MBS-2': 17, '290EY KMT-YHKOT': 0, 'MBS2 PTH-MRHSPG': 1, '290-E SBS-NGW-KLN': 0, '290-E ITCF-YHKOT': 0, 'V-SBS-KNB': 1, '290-E': 52, 'PTH-SBS': 3, 'BSK-KRP-ITI': 1, '348-F': 14, 'BMSIT-3': 1, '213-D': 6, 'SBS-RJP': 2, 'SBS-HTN': 1, '375-D': 80}"
Sultanpalya,13.02662127,77.60394552,438,29159020,"{'YTTMC-CMN': 1, 'RTNPS-VNH': 4, '176-C': 25, '13-S': 5, 'STP-BSK': 1, 'CPR-1': 17, 'SRN-SJP': 4, 'SJP-SRN': 9, 'BELGS-51': 2, '415-B': 33, '415-F': 46, 'KBS-SPHC': 1, 'GKVK-STP': 3, '114-E': 8, 'STP-HBL': 1, '296-A': 17, '114-A': 63, '114-G': 22, '176-CA': 19, '347-E': 13, '197 JBN-CLP-STP': 2, '415-J': 19, 'D06G-STP': 2, 'SBS-STP': 3, 'STP-SBS': 2, 'SBS-JML-STP': 1, 'D06-STP': 1, '114-C': 63, '114-B': 42, 'BVNR-KVBL': 1, 'STP-HBL-VNS': 1, 'SPHSB-STP': 1, '297 STP-AFSY': 2, 'MRPL-BELC': 0, 'RTNPS-STP': 4}"
Sultanpalya Ashwathkatte,13.02466383,77.60329196,370,29159020,"{'YTTMC-CMN': 1, 'RTNPS-VNH': 4, 'BELGS-51': 2, '415-B': 33, '415-F': 46, 'KBS-SPHC': 1, 'GKVK-STP': 3, '114-E': 8, '296-A': 17, '114-A': 63, '114-G': 22, '176-CA': 19, '347-E': 13, '197 JBN-CLP-STP': 2, '415-J': 19, 'D06G-STP': 2, 'SBS-STP': 3, 'SBS-JML-STP': 1, 'D06-STP': 1, '114-C': 63, '114-B': 42, 'SPHSB-STP': 1, 'RTNPS-STP': 4}"
Sultanpalya Cross Pushpanjali Talkies,13.02206963,77.60235853,699,29159020,"{'YTTMC-CMN': 1, 'RTNPS-ABC': 1, 'RTNPS-VNH': 4, '111-C': 59, '176-C': 25, '13-S': 5, 'STP-BSK': 1, 'RTNPS-KBR': 3, 'KVB-NVG': 5, 'BELGS-51': 2, '415-B': 33, 'RTNPS-SMP': 1, '415-G': 18, '415-F': 46, 'KBS-SPHC': 1, 'KBR-SJHS': 1, 'GKVK-STP': 3, '114-E': 8, '415-A': 2, 'HBL-KBR': 1, 'RTNPS-CHCL': 1, 'STP-HBL': 1, '176 KBR-VTTMC': 1, '296-A': 17, '114-A': 63, '114-G': 22, '342-U': 6, '144-K D06G-KVLB': 1, '144-K': 23, 'VSD-KBR': 1, '300-V': 4, '176-CA': 19, '347-E': 13, '197 JBN-CLP-STP': 2, '176 CLO-KBR': 3, '415-J': 19, 'KVBR-HBL-CHSC': 3, 'KBR-KRM': 1, '241-T': 7, 'D06G-STP': 2, 'SBS-STP': 3, 'STP-SBS': 2, 'SPHC-KMT': 1, '176-E': 10, 'SBS-JML-STP': 1, 'D06-STP': 1, '415-D': 29, '176-A': 14, '114-C': 63, '114-B': 42, 'KVLB-VNS': 1, 'BVNR-KVBL': 1, 'STP-HBL-VNS': 1, 'SPHSB-STP': 1, 'HBLB-SPHCN': 1, '242-R': 9, 'YTTMC-MMLKB': 1, '111-C KBS-MDG': 9, '176-E VTTMC-KBR': 1, 'KBS-LRB': 1, '297 STP-AFSY': 2, '79-B': 27, '256-MB': 6, 'MRPL-BELC': 0, '112-A': 24, 'RTNPS-STP': 4, '230-A': 12}"
Dinnur MainRoad,13.02391946,77.59884403,56,29159021,"{'176-C': 25, '13-S': 5, 'STP-BSK': 1, 'KVB-NVG': 5, 'KBR-SJHS': 1, 'STP-HBL': 1, '176 KBR-VTTMC': 1, '342-U': 6, 'KVBR-HBL-CHSC': 3, 'KBR-KRM': 1, 'STP-SBS': 2, 'SPHC-KMT': 1, 'KVLB-VNS': 1, 'STP-HBL-VNS': 1, 'V-DPT-HBL-TNF-MRHB-CSB': 0, '297 STP-AFSY': 2, 'MRPL-BELC': 0}"
Manorayanapalya,13.02886119,77.60160668,110,29159021,"{'YTTMC-CMN': 1, '114-G': 22, '176-CA': 19, '415-J': 19, '114-B': 42, 'ITPL-2B': 2, 'ITPL-2A': 2, 'BELGS-55': 3, 'MRPL-BELC': 0}"
P&T Quarters,13.02150321,77.60457069,291,29159021,"{'RTNPS-ABC': 1, '111-C': 59, 'RTNPS-KBR': 3, 'KVB-NVG': 5, 'RTNPS-SMP': 1, '415-G': 18, 'KBR-SJHS': 1, '415-A': 2, 'HBL-KBR': 1, 'RTNPS-CHCL': 1, '176 KBR-VTTMC': 1, '342-U': 6, '144-K D06G-KVLB': 1, '144-K': 23, 'VSD-KBR': 1, '300-V': 4, '176 CLO-KBR': 3, 'KVBR-HBL-CHSC': 3, 'KBR-KRM': 1, '241-T': 7, 'KRM-KBR': 2, '176-E': 10, '415-D': 29, '176-A': 14, 'KVLB-VNS': 1, 'BVNR-KVBL': 1, '242-R': 9, 'YTTMC-MMLKB': 1, '111-C KBS-MDG': 9, '176-E VTTMC-KBR': 1, '79-B': 27, '256-MB': 6, '112-A': 24, '230-A': 12}"
Postal and Telecom Colony,13.02460630,77.60524727,695,29159021,"{'290-EA': 0, '290-E SBS-PTH': 0, '291-N': 16, 'TR-4': 46, '290-EB YHK-KGR': 0, '290-EB KGR-YHK': 0, 'NGW-DPJN': 6, '253-A': 12, '290-M': 8, 'DPJN-JJN-NGW': 4, '290-D': 19, '290-A': 28, '291-J': 26, '290-J': 0, '290-RA': 5, '290-R': 13, '290-J MSP-SBS': 0, '290-EB': 0, '290-QA': 18, '291-G': 20, '290-Q': 14, 'D10G-NGVR-JJN': 1, 'TR-4A': 10, '290-T': 11, '290-HA': 0, 'KLNB-BKC': 1, 'PTH-SBS1': 4, '291-D': 22, '291-L': 3, '290-Z': 4, '290-P': 24, 'MBS-14': 10, 'SBS-JKR-ALSG-PTH': 1, 'CLO-RKH': 5, '291-K': 7, '291-A': 11, '291-E': 16, 'G-10': 0, '290 KBS-YLKOT': 2, '290-EY': 0, '291-R': 15, 'KLN-JJN': 1, '290-QA NRG-RKHN': 1, 'MSP-ARMYK': 1, '291-H': 21, '291-B': 2, '290-E STJHS-YLKOT': 0, 'KBS-NGVRJ-VNS': 1, '63 SBS-DPJN': 1, '290-F': 0, '290-N': 40, '317-K': 0, 'TR-4 NGV-MRBS': 2, 'TR-4 KMT-NGV': 1, '290-C': 63, 'MBS-2': 17, '290EY KMT-YHKOT': 0, 'MBS2 PTH-MRHSPG': 1, '290-E SBS-NGW-KLN': 0, '290-E ITCF-YHKOT': 0, 'V-SBS-KNB': 1, '290-E': 52, 'PTH-SBS': 3, 'BSK-KRP-ITI': 1, '348-F': 14, 'BMSIT-3': 1, '213-D': 6, 'SBS-RJP': 2, 'SBS-HTN': 1, '375-D': 80}"
Sultanpalya,13.02662127,77.60394552,438,29159021,"{'YTTMC-CMN': 1, 'RTNPS-VNH': 4, '176-C': 25, '13-S': 5, 'STP-BSK': 1, 'CPR-1': 17, 'SRN-SJP': 4, 'SJP-SRN': 9, 'BELGS-51': 2, '415-B': 33, '415-F': 46, 'KBS-SPHC': 1, 'GKVK-STP': 3, '114-E': 8, 'STP-HBL': 1, '296-A': 17, '114-A': 63, '114-G': 22, '176-CA': 19, '347-E': 13, '197 JBN-CLP-STP': 2, '415-J': 19, 'D06G-STP': 2, 'SBS-STP': 3, 'STP-SBS': 2, 'SBS-JML-STP': 1, 'D06-STP': 1, '114-C': 63, '114-B': 42, 'BVNR-KVBL': 1, 'STP-HBL-VNS': 1, 'SPHSB-STP': 1, '297 STP-AFSY': 2, 'MRPL-BELC': 0, 'RTNPS-STP': 4}"
Sultanpalya Ashwathkatte,13.02466383,77.60329196,370,29159021,"{'YTTMC-CMN': 1, 'RTNPS-VNH': 4, 'BELGS-51': 2, '415-B': 33, '415-F': 46, 'KBS-SPHC': 1, 'GKVK-STP': 3, '114-E': 8, '296-A': 17, '114-A': 63, '114-G': 22, '176-CA': 19, '347-E': 13, '197 JBN-CLP-STP': 2, '415-J': 19, 'D06G-STP': 2, 'SBS-STP': 3, 'SBS-JML-STP': 1, 'D06-STP': 1, '114-C': 63, '114-B': 42, 'SPHSB-STP': 1, 'RTNPS-STP': 4}"
Sultanpalya Cross Pushpanjali Talkies,13.02206963,77.60235853,699,29159021,"{'YTTMC-CMN': 1, 'RTNPS-ABC': 1, 'RTNPS-VNH': 4, '111-C': 59, '176-C': 25, '13-S': 5, 'STP-BSK': 1, 'RTNPS-KBR': 3, 'KVB-NVG': 5, 'BELGS-51': 2, '415-B': 33, 'RTNPS-SMP': 1, '415-G': 18, '415-F': 46, 'KBS-SPHC': 1, 'KBR-SJHS': 1, 'GKVK-STP': 3, '114-E': 8, '415-A': 2, 'HBL-KBR': 1, 'RTNPS-CHCL': 1, 'STP-HBL': 1, '176 KBR-VTTMC': 1, '296-A': 17, '114-A': 63, '114-G': 22, '342-U': 6, '144-K D06G-KVLB': 1, '144-K': 23, 'VSD-KBR': 1, '300-V': 4, '176-CA': 19, '347-E': 13, '197 JBN-CLP-STP': 2, '176 CLO-KBR': 3, '415-J': 19, 'KVBR-HBL-CHSC': 3, 'KBR-KRM': 1, '241-T': 7, 'D06G-STP': 2, 'SBS-STP': 3, 'STP-SBS': 2, 'SPHC-KMT': 1, '176-E': 10, 'SBS-JML-STP': 1, 'D06-STP': 1, '415-D': 29, '176-A': 14, '114-C': 63, '114-B': 42, 'KVLB-VNS': 1, 'BVNR-KVBL': 1, 'STP-HBL-VNS': 1, 'SPHSB-STP': 1, 'HBLB-SPHCN': 1, '242-R': 9, 'YTTMC-MMLKB': 1, '111-C KBS-MDG': 9, '176-E VTTMC-KBR': 1, 'KBS-LRB': 1, '297 STP-AFSY': 2, '79-B': 27, '256-MB': 6, 'MRPL-BELC': 0, '112-A': 24, 'RTNPS-STP': 4, '230-A': 12}"
KHB Colony Sultanpalya,13.02821326,77.60698333,4,29159022,"{'KBS-SPHC': 1, 'SPHC-KMT': 1, 'HBLB-SPHCN': 1, 'KBS-LRB': 1}"
Manjushree Hospital,13.02135230,77.60704770,62,29159022,"{'RTNPS-ABC': 1, 'RTNPS-SMP': 1, '415-G': 18, 'KBR-SJHS': 1, '415-A': 2, 'HBL-KBR': 1, 'RTNPS-CHCL': 1, '241-T': 7, '415-D': 29, 'KVLB-VNS': 1}"
Manorayanapalya,13.02886119,77.60160668,110,29159022,"{'YTTMC-CMN': 1, '114-G': 22, '176-CA': 19, '415-J': 19, '114-B': 42, 'ITPL-2B': 2, 'ITPL-2A': 2, 'BELGS-55': 3, 'MRPL-BELC': 0}"
P&T Quarters,13.02150321,77.60457069,291,29159022,"{'RTNPS-ABC': 1, '111-C': 59, 'RTNPS-KBR': 3, 'KVB-NVG': 5, 'RTNPS-SMP': 1, '415-G': 18, 'KBR-SJHS': 1, '415-A': 2, 'HBL-KBR': 1, 'RTNPS-CHCL': 1, '176 KBR-VTTMC': 1, '342-U': 6, '144-K D06G-KVLB': 1, '144-K': 23, 'VSD-KBR': 1, '300-V': 4, '176 CLO-KBR': 3, 'KVBR-HBL-CHSC': 3, 'KBR-KRM': 1, '241-T': 7, 'KRM-KBR': 2, '176-E': 10, '415-D': 29, '176-A': 14, 'KVLB-VNS': 1, 'BVNR-KVBL': 1, '242-R': 9, 'YTTMC-MMLKB': 1, '111-C KBS-MDG': 9, '176-E VTTMC-KBR': 1, '79-B': 27, '256-MB': 6, '112-A': 24, '230-A': 12}"
Postal and Telecom Colony,13.02460630,77.60524727,695,29159022,"{'290-EA': 0, '290-E SBS-PTH': 0, '291-N': 16, 'TR-4': 46, '290-EB YHK-KGR': 0, '290-EB KGR-YHK': 0, 'NGW-DPJN': 6, '253-A': 12, '290-M': 8, 'DPJN-JJN-NGW': 4, '290-D': 19, '290-A': 28, '291-J': 26, '290-J': 0, '290-RA': 5, '290-R': 13, '290-J MSP-SBS': 0, '290-EB': 0, '290-QA': 18, '291-G': 20, '290-Q': 14, 'D10G-NGVR-JJN': 1, 'TR-4A': 10, '290-T': 11, '290-HA': 0, 'KLNB-BKC': 1, 'PTH-SBS1': 4, '291-D': 22, '291-L': 3, '290-Z': 4, '290-P': 24, 'MBS-14': 10, 'SBS-JKR-ALSG-PTH': 1, 'CLO-RKH': 5, '291-K': 7, '291-A': 11, '291-E': 16, 'G-10': 0, '290 KBS-YLKOT': 2, '290-EY': 0, '291-R': 15, 'KLN-JJN': 1, '290-QA NRG-RKHN': 1, 'MSP-ARMYK': 1, '291-H': 21, '291-B': 2, '290-E STJHS-YLKOT': 0, 'KBS-NGVRJ-VNS': 1, '63 SBS-DPJN': 1, '290-F': 0, '290-N': 40, '317-K': 0, 'TR-4 NGV-MRBS': 2, 'TR-4 KMT-NGV': 1, '290-C': 63, 'MBS-2': 17, '290EY KMT-YHKOT': 0, 'MBS2 PTH-MRHSPG': 1, '290-E SBS-NGW-KLN': 0, '290-E ITCF-YHKOT': 0, 'V-SBS-KNB': 1, '290-E': 52, 'PTH-SBS': 3, 'BSK-KRP-ITI': 1, '348-F': 14, 'BMSIT-3': 1, '213-D': 6, 'SBS-RJP': 2, 'SBS-HTN': 1, '375-D': 80}"
Sultanpalya,13.02662127,77.60394552,438,29159022,"{'YTTMC-CMN': 1, 'RTNPS-VNH': 4, '176-C': 25, '13-S': 5, 'STP-BSK': 1, 'CPR-1': 17, 'SRN-SJP': 4, 'SJP-SRN': 9, 'BELGS-51': 2, '415-B': 33, '415-F': 46, 'KBS-SPHC': 1, 'GKVK-STP': 3, '114-E': 8, 'STP-HBL': 1, '296-A': 17, '114-A': 63, '114-G': 22, '176-CA': 19, '347-E': 13, '197 JBN-CLP-STP': 2, '415-J': 19, 'D06G-STP': 2, 'SBS-STP': 3, 'STP-SBS': 2, 'SBS-JML-STP': 1, 'D06-STP': 1, '114-C': 63, '114-B': 42, 'BVNR-KVBL': 1, 'STP-HBL-VNS': 1, 'SPHSB-STP': 1, '297 STP-AFSY': 2, 'MRPL-BELC': 0, 'RTNPS-STP': 4}"
Sultanpalya Ashwathkatte,13.02466383,77.60329196,370,29159022,"{'YTTMC-CMN': 1, 'RTNPS-VNH': 4, 'BELGS-51': 2, '415-B': 33, '415-F': 46, 'KBS-SPHC': 1, 'GKVK-STP': 3, '114-E': 8, '296-A': 17, '114-A': 63, '114-G': 22, '176-CA': 19, '347-E': 13, '197 JBN-CLP-STP': 2, '415-J': 19, 'D06G-STP': 2, 'SBS-STP': 3, 'SBS-JML-STP': 1, 'D06-STP': 1, '114-C': 63, '114-B': 42, 'SPHSB-STP': 1, 'RTNPS-STP': 4}"
Sultanpalya Cross Pushpanjali Talkies,13.02206963,77.60235853,699,29159022,"{'YTTMC-CMN': 1, 'RTNPS-ABC': 1, 'RTNPS-VNH': 4, '111-C': 59, '176-C': 25, '13-S': 5, 'STP-BSK': 1, 'RTNPS-KBR': 3, 'KVB-NVG': 5, 'BELGS-51': 2, '415-B': 33, 'RTNPS-SMP': 1, '415-G': 18, '415-F': 46, 'KBS-SPHC': 1, 'KBR-SJHS': 1, 'GKVK-STP': 3, '114-E': 8, '415-A': 2, 'HBL-KBR': 1, 'RTNPS-CHCL': 1, 'STP-HBL': 1, '176 KBR-VTTMC': 1, '296-A': 17, '114-A': 63, '114-G': 22, '342-U': 6, '144-K D06G-KVLB': 1, '144-K': 23, 'VSD-KBR': 1, '300-V': 4, '176-CA': 19, '347-E': 13, '197 JBN-CLP-STP': 2, '176 CLO-KBR': 3, '415-J': 19, 'KVBR-HBL-CHSC': 3, 'KBR-KRM': 1, '241-T': 7, 'D06G-STP': 2, 'SBS-STP': 3, 'STP-SBS': 2, 'SPHC-KMT': 1, '176-E': 10, 'SBS-JML-STP': 1, 'D06-STP': 1, '415-D': 29, '176-A': 14, '114-C': 63, '114-B': 42, 'KVLB-VNS': 1, 'BVNR-KVBL': 1, 'STP-HBL-VNS': 1, 'SPHSB-STP': 1, 'HBLB-SPHCN': 1, '242-R': 9, 'YTTMC-MMLKB': 1, '111-C KBS-MDG': 9, '176-E VTTMC-KBR': 1, 'KBS-LRB': 1, '297 STP-AFSY': 2, '79-B': 27, '256-MB': 6, 'MRPL-BELC': 0, '112-A': 24, 'RTNPS-STP': 4, '230-A': 12}"
Dinnur MainRoad,13.02391946,77.59884403,56,29159023,"{'176-C': 25, '13-S': 5, 'STP-BSK': 1, 'KVB-NVG': 5, 'KBR-SJHS': 1, 'STP-HBL': 1, '176 KBR-VTTMC': 1, '342-U': 6, 'KVBR-HBL-CHSC': 3, 'KBR-KRM': 1, 'STP-SBS': 2, 'SPHC-KMT': 1, 'KVLB-VNS': 1, 'STP-HBL-VNS': 1, 'V-DPT-HBL-TNF-MRHB-CSB': 0, '297 STP-AFSY': 2, 'MRPL-BELC': 0}"
KHB Colony Sultanpalya,13.02821326,77.60698333,4,29159023,"{'KBS-SPHC': 1, 'SPHC-KMT': 1, 'HBLB-SPHCN': 1, 'KBS-LRB': 1}"
Manjushree Hospital,13.02135230,77.60704770,62,29159023,"{'RTNPS-ABC': 1, 'RTNPS-SMP': 1, '415-G': 18, 'KBR-SJHS': 1, '415-A': 2, 'HBL-KBR': 1, 'RTNPS-CHCL': 1, '241-T': 7, '415-D': 29, 'KVLB-VNS': 1}"
Manorayanapalya,13.02886119,77.60160668,110,29159023,"{'YTTMC-CMN': 1, '114-G': 22, '176-CA': 19, '415-J': 19, '114-B': 42, 'ITPL-2B': 2, 'ITPL-2A': 2, 'BELGS-55': 3, 'MRPL-BELC': 0}"
P&T Quarters,13.02150321,77.60457069,291,29159023,"{'RTNPS-ABC': 1, '111-C': 59, 'RTNPS-KBR': 3, 'KVB-NVG': 5, 'RTNPS-SMP': 1, '415-G': 18, 'KBR-SJHS': 1, '415-A': 2, 'HBL-KBR': 1, 'RTNPS-CHCL': 1, '176 KBR-VTTMC': 1, '342-U': 6, '144-K D06G-KVLB': 1, '144-K': 23, 'VSD-KBR': 1, '300-V': 4, '176 CLO-KBR': 3, 'KVBR-HBL-CHSC': 3, 'KBR-KRM': 1, '241-T': 7, 'KRM-KBR': 2, '176-E': 10, '415-D': 29, '176-A': 14, 'KVLB-VNS': 1, 'BVNR-KVBL': 1, '242-R': 9, 'YTTMC-MMLKB': 1, '111-C KBS-MDG': 9, '176-E VTTMC-KBR': 1, '79-B': 27, '256-MB': 6, '112-A': 24, '230-A': 12}"
Postal and Telecom Colony,13.02460630,77.60524727,695,29159023,"{'290-EA': 0, '290-E SBS-PTH': 0, '291-N': 16, 'TR-4': 46, '290-EB YHK-KGR': 0, '290-EB KGR-YHK': 0, 'NGW-DPJN': 6, '253-A': 12, '290-M': 8, 'DPJN-JJN-NGW': 4, '290-D': 19, '290-A': 28, '291-J': 26, '290-J': 0, '290-RA': 5, '290-R': 13, '290-J MSP-SBS': 0, '290-EB': 0, '290-QA': 18, '291-G': 20, '290-Q': 14, 'D10G-NGVR-JJN': 1, 'TR-4A': 10, '290-T': 11, '290-HA': 0, 'KLNB-BKC': 1, 'PTH-SBS1': 4, '291-D': 22, '291-L': 3, '290-Z': 4, '290-P': 24, 'MBS-14': 10, 'SBS-JKR-ALSG-PTH': 1, 'CLO-RKH': 5, '291-K': 7, '291-A': 11, '291-E': 16, 'G-10': 0, '290 KBS-YLKOT': 2, '290-EY': 0, '291-R': 15, 'KLN-JJN': 1, '290-QA NRG-RKHN': 1, 'MSP-ARMYK': 1, '291-H': 21, '291-B': 2, '290-E STJHS-YLKOT': 0, 'KBS-NGVRJ-VNS': 1, '63 SBS-DPJN': 1, '290-F': 0, '290-N': 40, '317-K': 0, 'TR-4 NGV-MRBS': 2, 'TR-4 KMT-NGV': 1, '290-C': 63, 'MBS-2': 17, '290EY KMT-YHKOT': 0, 'MBS2 PTH-MRHSPG': 1, '290-E SBS-NGW-KLN': 0, '290-E ITCF-YHKOT': 0, 'V-SBS-KNB': 1, '290-E': 52, 'PTH-SBS': 3, 'BSK-KRP-ITI': 1, '348-F': 14, 'BMSIT-3': 1, '213-D': 6, 'SBS-RJP': 2, 'SBS-HTN': 1, '375-D': 80}"
Sultanpalya,13.02662127,77.60394552,438,29159023,"{'YTTMC-CMN': 1, 'RTNPS-VNH': 4, '176-C': 25, '13-S': 5, 'STP-BSK': 1, 'CPR-1': 17, 'SRN-SJP': 4, 'SJP-SRN': 9, 'BELGS-51': 2, '415-B': 33, '415-F': 46, 'KBS-SPHC': 1, 'GKVK-STP': 3, '114-E': 8, 'STP-HBL': 1, '296-A': 17, '114-A': 63, '114-G': 22, '176-CA': 19, '347-E': 13, '197 JBN-CLP-STP': 2, '415-J': 19, 'D06G-STP': 2, 'SBS-STP': 3, 'STP-SBS': 2, 'SBS-JML-STP': 1, 'D06-STP': 1, '114-C': 63, '114-B': 42, 'BVNR-KVBL': 1, 'STP-HBL-VNS': 1, 'SPHSB-STP': 1, '297 STP-AFSY': 2, 'MRPL-BELC': 0, 'RTNPS-STP': 4}"
Sultanpalya Ashwathkatte,13.02466383,77.60329196,370,29159023,"{'YTTMC-CMN': 1, 'RTNPS-VNH': 4, 'BELGS-51': 2, '415-B': 33, '415-F': 46, 'KBS-SPHC': 1, 'GKVK-STP': 3, '114-E': 8, '296-A': 17, '114-A': 63, '114-G': 22, '176-CA': 19, '347-E': 13, '197 JBN-CLP-STP': 2, '415-J': 19, 'D06G-STP': 2, 'SBS-STP': 3, 'SBS-JML-STP': 1, 'D06-STP': 1, '114-C': 63, '114-B': 42, 'SPHSB-STP': 1, 'RTNPS-STP': 4}"
Sultanpalya Cross Pushpanjali Talkies,13.02206963,77.60235853,699,29159023,"{'YTTMC-CMN': 1, 'RTNPS-ABC': 1, 'RTNPS-VNH': 4, '111-C': 59, '176-C': 25, '13-S': 5, 'STP-BSK': 1, 'RTNPS-KBR': 3, 'KVB-NVG': 5, 'BELGS-51': 2, '415-B': 33, 'RTNPS-SMP': 1, '415-G': 18, '415-F': 46, 'KBS-SPHC': 1, 'KBR-SJHS': 1, 'GKVK-STP': 3, '114-E': 8, '415-A': 2, 'HBL-KBR': 1, 'RTNPS-CHCL': 1, 'STP-HBL': 1, '176 KBR-VTTMC': 1, '296-A': 17, '114-A': 63, '114-G': 22, '342-U': 6, '144-K D06G-KVLB': 1, '144-K': 23, 'VSD-KBR': 1, '300-V': 4, '176-CA': 19, '347-E': 13, '197 JBN-CLP-STP': 2, '176 CLO-KBR': 3, '415-J': 19, 'KVBR-HBL-CHSC': 3, 'KBR-KRM': 1, '241-T': 7, 'D06G-STP': 2, 'SBS-STP': 3, 'STP-SBS': 2, 'SPHC-KMT': 1, '176-E': 10, 'SBS-JML-STP': 1, 'D06-STP': 1, '415-D': 29, '176-A': 14, '114-C': 63, '114-B': 42, 'KVLB-VNS': 1, 'BVNR-KVBL': 1, 'STP-HBL-VNS': 1, 'SPHSB-STP': 1, 'HBLB-SPHCN': 1, '242-R': 9, 'YTTMC-MMLKB': 1, '111-C KBS-MDG': 9, '176-E VTTMC-KBR': 1, 'KBS-LRB': 1, '297 STP-AFSY': 2, '79-B': 27, '256-MB': 6, 'MRPL-BELC': 0, '112-A': 24, 'RTNPS-STP': 4, '230-A': 12}"
Dinnur MainRoad,13.02391946,77.59884403,56,29159024,"{'176-C': 25, '13-S': 5, 'STP-BSK': 1, 'KVB-NVG': 5, 'KBR-SJHS': 1, 'STP-HBL': 1, '176 KBR-VTTMC': 1, '342-U': 6, 'KVBR-HBL-CHSC': 3, 'KBR-KRM': 1, 'STP-SBS': 2, 'SPHC-KMT': 1, 'KVLB-VNS': 1, 'STP-HBL-VNS': 1, 'V-DPT-HBL-TNF-MRHB-CSB': 0, '297 STP-AFSY': 2, 'MRPL-BELC': 0}"
KHB Colony Sultanpalya,13.02821326,77.60698333,4,29159024,"{'KBS-SPHC': 1, 'SPHC-KMT': 1, 'HBLB-SPHCN': 1, 'KBS-LRB': 1}"
Manorayanapalya,13.02886119,77.60160668,110,29159024,"{'YTTMC-CMN': 1, '114-G': 22, '176-CA': 19, '415-J': 19, '114-B': 42, 'ITPL-2B': 2, 'ITPL-2A': 2, 'BELGS-55': 3, 'MRPL-BELC': 0}"
P&T Quarters,13.02150321,77.60457069,291,29159024,"{'RTNPS-ABC': 1, '111-C': 59, 'RTNPS-KBR': 3, 'KVB-NVG': 5, 'RTNPS-SMP': 1, '415-G': 18, 'KBR-SJHS': 1, '415-A': 2, 'HBL-KBR': 1, 'RTNPS-CHCL': 1, '176 KBR-VTTMC': 1, '342-U': 6, '144-K D06G-KVLB': 1, '144-K': 23, 'VSD-KBR': 1, '300-V': 4, '176 CLO-KBR': 3, 'KVBR-HBL-CHSC': 3, 'KBR-KRM': 1, '241-T': 7, 'KRM-KBR': 2, '176-E': 10, '415-D': 29, '176-A': 14, 'KVLB-VNS': 1, 'BVNR-KVBL': 1, '242-R': 9, 'YTTMC-MMLKB': 1, '111-C KBS-MDG': 9, '176-E VTTMC-KBR': 1, '79-B': 27, '256-MB': 6, '112-A': 24, '230-A': 12}"
Postal and Telecom Colony,13.02460630,77.60524727,695,29159024,"{'290-EA': 0, '290-E SBS-PTH': 0, '291-N': 16, 'TR-4': 46, '290-EB YHK-KGR': 0, '290-EB KGR-YHK': 0, 'NGW-DPJN': 6, '253-A': 12, '290-M': 8, 'DPJN-JJN-NGW': 4, '290-D': 19, '290-A': 28, '291-J': 26, '290-J': 0, '290-RA': 5, '290-R': 13, '290-J MSP-SBS': 0, '290-EB': 0, '290-QA': 18, '291-G': 20, '290-Q': 14, 'D10G-NGVR-JJN': 1, 'TR-4A': 10, '290-T': 11, '290-HA': 0, 'KLNB-BKC': 1, 'PTH-SBS1': 4, '291-D': 22, '291-L': 3, '290-Z': 4, '290-P': 24, 'MBS-14': 10, 'SBS-JKR-ALSG-PTH': 1, 'CLO-RKH': 5, '291-K': 7, '291-A': 11, '291-E': 16, 'G-10': 0, '290 KBS-YLKOT': 2, '290-EY': 0, '291-R': 15, 'KLN-JJN': 1, '290-QA NRG-RKHN': 1, 'MSP-ARMYK': 1, '291-H': 21, '291-B': 2, '290-E STJHS-YLKOT': 0, 'KBS-NGVRJ-VNS': 1, '63 SBS-DPJN': 1, '290-F': 0, '290-N': 40, '317-K': 0, 'TR-4 NGV-MRBS': 2, 'TR-4 KMT-NGV': 1, '290-C': 63, 'MBS-2': 17, '290EY KMT-YHKOT': 0, 'MBS2 PTH-MRHSPG': 1, '290-E SBS-NGW-KLN': 0, '290-E ITCF-YHKOT': 0, 'V-SBS-KNB': 1, '290-E': 52, 'PTH-SBS': 3, 'BSK-KRP-ITI': 1, '348-F': 14, 'BMSIT-3': 1, '213-D': 6, 'SBS-RJP': 2, 'SBS-HTN': 1, '375-D': 80}"
Sultanpalya,13.02662127,77.60394552,438,29159024,"{'YTTMC-CMN': 1, 'RTNPS-VNH': 4, '176-C': 25, '13-S': 5, 'STP-BSK': 1, 'CPR-1': 17, 'SRN-SJP': 4, 'SJP-SRN': 9, 'BELGS-51': 2, '415-B': 33, '415-F': 46, 'KBS-SPHC': 1, 'GKVK-STP': 3, '114-E': 8, 'STP-HBL': 1, '296-A': 17, '114-A': 63, '114-G': 22, '176-CA': 19, '347-E': 13, '197 JBN-CLP-STP': 2, '415-J': 19, 'D06G-STP': 2, 'SBS-STP': 3, 'STP-SBS': 2, 'SBS-JML-STP': 1, 'D06-STP': 1, '114-C': 63, '114-B': 42, 'BVNR-KVBL': 1, 'STP-HBL-VNS': 1, 'SPHSB-STP': 1, '297 STP-AFSY': 2, 'MRPL-BELC': 0, 'RTNPS-STP': 4}"
Sultanpalya Ashwathkatte,13.02466383,77.60329196,370,29159024,"{'YTTMC-CMN': 1, 'RTNPS-VNH': 4, 'BELGS-51': 2, '415-B': 33, '415-F': 46, 'KBS-SPHC': 1, 'GKVK-STP': 3, '114-E': 8, '296-A': 17, '114-A': 63, '114-G': 22, '176-CA': 19, '347-E': 13, '197 JBN-CLP-STP': 2, '415-J': 19, 'D06G-STP': 2, 'SBS-STP': 3, 'SBS-JML-STP': 1, 'D06-STP': 1, '114-C': 63, '114-B': 42, 'SPHSB-STP': 1, 'RTNPS-STP': 4}"
Sultanpalya Cross Pushpanjali Talkies,13.02206963,77.60235853,699,29159024,"{'YTTMC-CMN': 1, 'RTNPS-ABC': 1, 'RTNPS-VNH': 4, '111-C': 59, '176-C': 25, '13-S': 5, 'STP-BSK': 1, 'RTNPS-KBR': 3, 'KVB-NVG': 5, 'BELGS-51': 2, '415-B': 33, 'RTNPS-SMP': 1, '415-G': 18, '415-F': 46, 'KBS-SPHC': 1, 'KBR-SJHS': 1, 'GKVK-STP': 3, '114-E': 8, '415-A': 2, 'HBL-KBR': 1, 'RTNPS-CHCL': 1, 'STP-HBL': 1, '176 KBR-VTTMC': 1, '296-A': 17, '114-A': 63, '114-G': 22, '342-U': 6, '144-K D06G-KVLB': 1, '144-K': 23, 'VSD-KBR': 1, '300-V': 4, '176-CA': 19, '347-E': 13, '197 JBN-CLP-STP': 2, '176 CLO-KBR': 3, '415-J': 19, 'KVBR-HBL-CHSC': 3, 'KBR-KRM': 1, '241-T': 7, 'D06G-STP': 2, 'SBS-STP': 3, 'STP-SBS': 2, 'SPHC-KMT': 1, '176-E': 10, 'SBS-JML-STP': 1, 'D06-STP': 1, '415-D': 29, '176-A': 14, '114-C': 63, '114-B': 42, 'KVLB-VNS': 1, 'BVNR-KVBL': 1, 'STP-HBL-VNS': 1, 'SPHSB-STP': 1, 'HBLB-SPHCN': 1, '242-R': 9, 'YTTMC-MMLKB': 1, '111-C KBS-MDG': 9, '176-E VTTMC-KBR': 1, 'KBS-LRB': 1, '297 STP-AFSY': 2, '79-B': 27, '256-MB': 6, 'MRPL-BELC': 0, '112-A': 24, 'RTNPS-STP': 4, '230-A': 12}"
Kaval Byrasandra,13.01970724,77.60760896,241,29159025,"{'111-C': 59, 'RTNPS-KBR': 3, 'KVB-NVG': 5, 'KBR-SJHS': 1, 'HBL-KBR': 1, '176 KBR-VTTMC': 1, '342-U': 6, '144-K D06G-KVLB': 1, '144-K': 23, 'VSD-KBR': 1, '300-V': 4, '176 CLO-KBR': 3, 'KVBR-HBL-CHSC': 3, 'KBR-KRM': 1, '241-T': 7, 'KRM-KBR': 2, '176-E': 10, 'BEMLA-7': 2, '176-A': 14, 'KVLB-VNS': 1, 'BVNR-KVBL': 1, 'SPHS-BMT14': 1, 'CRISTAL-5': 3, 'SOPHIYA-3': 2, '242-R': 9, 'YTTMC-MMLKB': 1, 'BELGS-55': 3, '176-E VTTMC-KBR': 1, '79-B': 27, '256-MB': 6, '112-A': 24, '230-A': 12}"
KHB Colony Sultanpalya,13.02821326,77.60698333,4,29159025,"{'KBS-SPHC': 1, 'SPHC-KMT': 1, 'HBLB-SPHCN': 1, 'KBS-LRB': 1}"
Manjushree Hospital,13.02135230,77.60704770,62,29159025,"{'RTNPS-ABC': 1, 'RTNPS-SMP': 1, '415-G': 18, 'KBR-SJHS': 1, '415-A': 2, 'HBL-KBR': 1, 'RTNPS-CHCL': 1, '241-T': 7, '415-D': 29, 'KVLB-VNS': 1}"
MM Layout Kavalbyrasandra,13.02220094,77.61009201,3,29159025,"{'VNS-20': 2, 'YTTMC-MMLKB': 1}"
Modhi Garden Kavakbyrasandra,13.01722563,77.60745842,9,29159025,{'111-C KBS-MDG': 9}
P&T Quarters,13.02150321,77.60457069,291,29159025,"{'RTNPS-ABC': 1, '111-C': 59, 'RTNPS-KBR': 3, 'KVB-NVG': 5, 'RTNPS-SMP': 1, '415-G': 18, 'KBR-SJHS': 1, '415-A': 2, 'HBL-KBR': 1, 'RTNPS-CHCL': 1, '176 KBR-VTTMC': 1, '342-U': 6, '144-K D06G-KVLB': 1, '144-K': 23, 'VSD-KBR': 1, '300-V': 4, '176 CLO-KBR': 3, 'KVBR-HBL-CHSC': 3, 'KBR-KRM': 1, '241-T': 7, 'KRM-KBR': 2, '176-E': 10, '415-D': 29, '176-A': 14, 'KVLB-VNS': 1, 'BVNR-KVBL': 1, '242-R': 9, 'YTTMC-MMLKB': 1, '111-C KBS-MDG': 9, '176-E VTTMC-KBR': 1, '79-B': 27, '256-MB': 6, '112-A': 24, '230-A': 12}"
Postal and Telecom Colony,13.02460630,77.60524727,695,29159025,"{'290-EA': 0, '290-E SBS-PTH': 0, '291-N': 16, 'TR-4': 46, '290-EB YHK-KGR': 0, '290-EB KGR-YHK': 0, 'NGW-DPJN': 6, '253-A': 12, '290-M': 8, 'DPJN-JJN-NGW': 4, '290-D': 19, '290-A': 28, '291-J': 26, '290-J': 0, '290-RA': 5, '290-R': 13, '290-J MSP-SBS': 0, '290-EB': 0, '290-QA': 18, '291-G': 20, '290-Q': 14, 'D10G-NGVR-JJN': 1, 'TR-4A': 10, '290-T': 11, '290-HA': 0, 'KLNB-BKC': 1, 'PTH-SBS1': 4, '291-D': 22, '291-L': 3, '290-Z': 4, '290-P': 24, 'MBS-14': 10, 'SBS-JKR-ALSG-PTH': 1, 'CLO-RKH': 5, '291-K': 7, '291-A': 11, '291-E': 16, 'G-10': 0, '290 KBS-YLKOT': 2, '290-EY': 0, '291-R': 15, 'KLN-JJN': 1, '290-QA NRG-RKHN': 1, 'MSP-ARMYK': 1, '291-H': 21, '291-B': 2, '290-E STJHS-YLKOT': 0, 'KBS-NGVRJ-VNS': 1, '63 SBS-DPJN': 1, '290-F': 0, '290-N': 40, '317-K': 0, 'TR-4 NGV-MRBS': 2, 'TR-4 KMT-NGV': 1, '290-C': 63, 'MBS-2': 17, '290EY KMT-YHKOT': 0, 'MBS2 PTH-MRHSPG': 1, '290-E SBS-NGW-KLN': 0, '290-E ITCF-YHKOT': 0, 'V-SBS-KNB': 1, '290-E': 52, 'PTH-SBS': 3, 'BSK-KRP-ITI': 1, '348-F': 14, 'BMSIT-3': 1, '213-D': 6, 'SBS-RJP': 2, 'SBS-HTN': 1, '375-D': 80}"
Sultanpalya,13.02662127,77.60394552,438,29159025,"{'YTTMC-CMN': 1, 'RTNPS-VNH': 4, '176-C': 25, '13-S': 5, 'STP-BSK': 1, 'CPR-1': 17, 'SRN-SJP': 4, 'SJP-SRN': 9, 'BELGS-51': 2, '415-B': 33, '415-F': 46, 'KBS-SPHC': 1, 'GKVK-STP': 3, '114-E': 8, 'STP-HBL': 1, '296-A': 17, '114-A': 63, '114-G': 22, '176-CA': 19, '347-E': 13, '197 JBN-CLP-STP': 2, '415-J': 19, 'D06G-STP': 2, 'SBS-STP': 3, 'STP-SBS': 2, 'SBS-JML-STP': 1, 'D06-STP': 1, '114-C': 63, '114-B': 42, 'BVNR-KVBL': 1, 'STP-HBL-VNS': 1, 'SPHSB-STP': 1, '297 STP-AFSY': 2, 'MRPL-BELC': 0, 'RTNPS-STP': 4}"
Sultanpalya Ashwathkatte,13.02466383,77.60329196,370,29159025,"{'YTTMC-CMN': 1, 'RTNPS-VNH': 4, 'BELGS-51': 2, '415-B': 33, '415-F': 46, 'KBS-SPHC': 1, 'GKVK-STP': 3, '114-E': 8, '296-A': 17, '114-A': 63, '114-G': 22, '176-CA': 19, '347-E': 13, '197 JBN-CLP-STP': 2, '415-J': 19, 'D06G-STP': 2, 'SBS-STP': 3, 'SBS-JML-STP': 1, 'D06-STP': 1, '114-C': 63, '114-B': 42, 'SPHSB-STP': 1, 'RTNPS-STP': 4}"
Sultanpalya Cross Pushpanjali Talkies,13.02206963,77.60235853,699,29159025,"{'YTTMC-CMN': 1, 'RTNPS-ABC': 1, 'RTNPS-VNH': 4, '111-C': 59, '176-C': 25, '13-S': 5, 'STP-BSK': 1, 'RTNPS-KBR': 3, 'KVB-NVG': 5, 'BELGS-51': 2, '415-B': 33, 'RTNPS-SMP': 1, '415-G': 18, '415-F': 46, 'KBS-SPHC': 1, 'KBR-SJHS': 1, 'GKVK-STP': 3, '114-E': 8, '415-A': 2, 'HBL-KBR': 1, 'RTNPS-CHCL': 1, 'STP-HBL': 1, '176 KBR-VTTMC': 1, '296-A': 17, '114-A': 63, '114-G': 22, '342-U': 6, '144-K D06G-KVLB': 1, '144-K': 23, 'VSD-KBR': 1, '300-V': 4, '176-CA': 19, '347-E': 13, '197 JBN-CLP-STP': 2, '176 CLO-KBR': 3, '415-J': 19, 'KVBR-HBL-CHSC': 3, 'KBR-KRM': 1, '241-T': 7, 'D06G-STP': 2, 'SBS-STP': 3, 'STP-SBS': 2, 'SPHC-KMT': 1, '176-E': 10, 'SBS-JML-STP': 1, 'D06-STP': 1, '415-D': 29, '176-A': 14, '114-C': 63, '114-B': 42, 'KVLB-VNS': 1, 'BVNR-KVBL': 1, 'STP-HBL-VNS': 1, 'SPHSB-STP': 1, 'HBLB-SPHCN': 1, '242-R': 9, 'YTTMC-MMLKB': 1, '111-C KBS-MDG': 9, '176-E VTTMC-KBR': 1, 'KBS-LRB': 1, '297 STP-AFSY': 2, '79-B': 27, '256-MB': 6, 'MRPL-BELC': 0, '112-A': 24, 'RTNPS-STP': 4, '230-A': 12}"
Ambedkar Medical College Shampura,13.02332136,77.61248589,80,29159026,"{'SBS-AMC': 0, 'RTNPS-ABC': 1, 'RTNPS-SMP': 1, '415-G': 18, '290-D': 19, '415-A': 2, '290-H': 0, 'D10G-HBR2': 1, '290-HA': 0, '300-V': 4, '291-E': 16, 'ITPL-2B': 2, 'D10G-DAME': 1, '348-M': 15}"
Chinnappa Layout,13.02806170,77.61177242,30,29159026,"{'290-H': 0, 'D10G-HBR2': 1, '415-D': 29}"
Kaval Byrasandra,13.01970724,77.60760896,241,29159026,"{'111-C': 59, 'RTNPS-KBR': 3, 'KVB-NVG': 5, 'KBR-SJHS': 1, 'HBL-KBR': 1, '176 KBR-VTTMC': 1, '342-U': 6, '144-K D06G-KVLB': 1, '144-K': 23, 'VSD-KBR': 1, '300-V': 4, '176 CLO-KBR': 3, 'KVBR-HBL-CHSC': 3, 'KBR-KRM': 1, '241-T': 7, 'KRM-KBR': 2, '176-E': 10, 'BEMLA-7': 2, '176-A': 14, 'KVLB-VNS': 1, 'BVNR-KVBL': 1, 'SPHS-BMT14': 1, 'CRISTAL-5': 3, 'SOPHIYA-3': 2, '242-R': 9, 'YTTMC-MMLKB': 1, 'BELGS-55': 3, '176-E VTTMC-KBR': 1, '79-B': 27, '256-MB': 6, '112-A': 24, '230-A': 12}"
KHB Colony Sultanpalya,13.02821326,77.60698333,4,29159026,"{'KBS-SPHC': 1, 'SPHC-KMT': 1, 'HBLB-SPHCN': 1, 'KBS-LRB': 1}"
LR Bande,13.02895343,77.61059493,35,29159026,"{'415-D': 29, 'MTR-16': 2, 'SPHS-BMT14': 1, 'SOPHIYA-3': 2, 'KBS-LRB': 1}"
Manjushree Hospital,13.02135230,77.60704770,62,29159026,"{'RTNPS-ABC': 1, 'RTNPS-SMP': 1, '415-G': 18, 'KBR-SJHS': 1, '415-A': 2, 'HBL-KBR': 1, 'RTNPS-CHCL': 1, '241-T': 7, '415-D': 29, 'KVLB-VNS': 1}"
MM Layout Kavalbyrasandra,13.02220094,77.61009201,3,29159026,"{'VNS-20': 2, 'YTTMC-MMLKB': 1}"
P&T Quarters,13.02150321,77.60457069,291,29159026,"{'RTNPS-ABC': 1, '111-C': 59, 'RTNPS-KBR': 3, 'KVB-NVG': 5, 'RTNPS-SMP': 1, '415-G': 18, 'KBR-SJHS': 1, '415-A': 2, 'HBL-KBR': 1, 'RTNPS-CHCL': 1, '176 KBR-VTTMC': 1, '342-U': 6, '144-K D06G-KVLB': 1, '144-K': 23, 'VSD-KBR': 1, '300-V': 4, '176 CLO-KBR': 3, 'KVBR-HBL-CHSC': 3, 'KBR-KRM': 1, '241-T': 7, 'KRM-KBR': 2, '176-E': 10, '415-D': 29, '176-A': 14, 'KVLB-VNS': 1, 'BVNR-KVBL': 1, '242-R': 9, 'YTTMC-MMLKB': 1, '111-C KBS-MDG': 9, '176-E VTTMC-KBR': 1, '79-B': 27, '256-MB': 6, '112-A': 24, '230-A': 12}"
Postal and Telecom Colony,13.02460630,77.60524727,695,29159026,"{'290-EA': 0, '290-E SBS-PTH': 0, '291-N': 16, 'TR-4': 46, '290-EB YHK-KGR': 0, '290-EB KGR-YHK': 0, 'NGW-DPJN': 6, '253-A': 12, '290-M': 8, 'DPJN-JJN-NGW': 4, '290-D': 19, '290-A': 28, '291-J': 26, '290-J': 0, '290-RA': 5, '290-R': 13, '290-J MSP-SBS': 0, '290-EB': 0, '290-QA': 18, '291-G': 20, '290-Q': 14, 'D10G-NGVR-JJN': 1, 'TR-4A': 10, '290-T': 11, '290-HA': 0, 'KLNB-BKC': 1, 'PTH-SBS1': 4, '291-D': 22, '291-L': 3, '290-Z': 4, '290-P': 24, 'MBS-14': 10, 'SBS-JKR-ALSG-PTH': 1, 'CLO-RKH': 5, '291-K': 7, '291-A': 11, '291-E': 16, 'G-10': 0, '290 KBS-YLKOT': 2, '290-EY': 0, '291-R': 15, 'KLN-JJN': 1, '290-QA NRG-RKHN': 1, 'MSP-ARMYK': 1, '291-H': 21, '291-B': 2, '290-E STJHS-YLKOT': 0, 'KBS-NGVRJ-VNS': 1, '63 SBS-DPJN': 1, '290-F': 0, '290-N': 40, '317-K': 0, 'TR-4 NGV-MRBS': 2, 'TR-4 KMT-NGV': 1, '290-C': 63, 'MBS-2': 17, '290EY KMT-YHKOT': 0, 'MBS2 PTH-MRHSPG': 1, '290-E SBS-NGW-KLN': 0, '290-E ITCF-YHKOT': 0, 'V-SBS-KNB': 1, '290-E': 52, 'PTH-SBS': 3, 'BSK-KRP-ITI': 1, '348-F': 14, 'BMSIT-3': 1, '213-D': 6, 'SBS-RJP': 2, 'SBS-HTN': 1, '375-D': 80}"
Sultanpalya,13.02662127,77.60394552,438,29159026,"{'YTTMC-CMN': 1, 'RTNPS-VNH': 4, '176-C': 25, '13-S': 5, 'STP-BSK': 1, 'CPR-1': 17, 'SRN-SJP': 4, 'SJP-SRN': 9, 'BELGS-51': 2, '415-B': 33, '415-F': 46, 'KBS-SPHC': 1, 'GKVK-STP': 3, '114-E': 8, 'STP-HBL': 1, '296-A': 17, '114-A': 63, '114-G': 22, '176-CA': 19, '347-E': 13, '197 JBN-CLP-STP': 2, '415-J': 19, 'D06G-STP': 2, 'SBS-STP': 3, 'STP-SBS': 2, 'SBS-JML-STP': 1, 'D06-STP': 1, '114-C': 63, '114-B': 42, 'BVNR-KVBL': 1, 'STP-HBL-VNS': 1, 'SPHSB-STP': 1, '297 STP-AFSY': 2, 'MRPL-BELC': 0, 'RTNPS-STP': 4}"
Sultanpalya Ashwathkatte,13.02466383,77.60329196,370,29159026,"{'YTTMC-CMN': 1, 'RTNPS-VNH': 4, 'BELGS-51': 2, '415-B': 33, '415-F': 46, 'KBS-SPHC': 1, 'GKVK-STP': 3, '114-E': 8, '296-A': 17, '114-A': 63, '114-G': 22, '176-CA': 19, '347-E': 13, '197 JBN-CLP-STP': 2, '415-J': 19, 'D06G-STP': 2, 'SBS-STP': 3, 'SBS-JML-STP': 1, 'D06-STP': 1, '114-C': 63, '114-B': 42, 'SPHSB-STP': 1, 'RTNPS-STP': 4}"
Sultanpalya Cross Pushpanjali Talkies,13.02206963,77.60235853,699,29159026,"{'YTTMC-CMN': 1, 'RTNPS-ABC': 1, 'RTNPS-VNH': 4, '111-C': 59, '176-C': 25, '13-S': 5, 'STP-BSK': 1, 'RTNPS-KBR': 3, 'KVB-NVG': 5, 'BELGS-51': 2, '415-B': 33, 'RTNPS-SMP': 1, '415-G': 18, '415-F': 46, 'KBS-SPHC': 1, 'KBR-SJHS': 1, 'GKVK-STP': 3, '114-E': 8, '415-A': 2, 'HBL-KBR': 1, 'RTNPS-CHCL': 1, 'STP-HBL': 1, '176 KBR-VTTMC': 1, '296-A': 17, '114-A': 63, '114-G': 22, '342-U': 6, '144-K D06G-KVLB': 1, '144-K': 23, 'VSD-KBR': 1, '300-V': 4, '176-CA': 19, '347-E': 13, '197 JBN-CLP-STP': 2, '176 CLO-KBR': 3, '415-J': 19, 'KVBR-HBL-CHSC': 3, 'KBR-KRM': 1, '241-T': 7, 'D06G-STP': 2, 'SBS-STP': 3, 'STP-SBS': 2, 'SPHC-KMT': 1, '176-E': 10, 'SBS-JML-STP': 1, 'D06-STP': 1, '415-D': 29, '176-A': 14, '114-C': 63, '114-B': 42, 'KVLB-VNS': 1, 'BVNR-KVBL': 1, 'STP-HBL-VNS': 1, 'SPHSB-STP': 1, 'HBLB-SPHCN': 1, '242-R': 9, 'YTTMC-MMLKB': 1, '111-C KBS-MDG': 9, '176-E VTTMC-KBR': 1, 'KBS-LRB': 1, '297 STP-AFSY': 2, '79-B': 27, '256-MB': 6, 'MRPL-BELC': 0, '112-A': 24, 'RTNPS-STP': 4, '230-A': 12}"
Kaval Byrasandra,13.01970724,77.60760896,241,29159027,"{'111-C': 59, 'RTNPS-KBR': 3, 'KVB-NVG': 5, 'KBR-SJHS': 1, 'HBL-KBR': 1, '176 KBR-VTTMC': 1, '342-U': 6, '144-K D06G-KVLB': 1, '144-K': 23, 'VSD-KBR': 1, '300-V': 4, '176 CLO-KBR': 3, 'KVBR-HBL-CHSC': 3, 'KBR-KRM': 1, '241-T': 7, 'KRM-KBR': 2, '176-E': 10, 'BEMLA-7': 2, '176-A': 14, 'KVLB-VNS': 1, 'BVNR-KVBL': 1, 'SPHS-BMT14': 1, 'CRISTAL-5': 3, 'SOPHIYA-3': 2, '242-R': 9, 'YTTMC-MMLKB': 1, 'BELGS-55': 3, '176-E VTTMC-KBR': 1, '79-B': 27, '256-MB': 6, '112-A': 24, '230-A': 12}"
Manjushree Hospital,13.02135230,77.60704770,62,29159027,"{'RTNPS-ABC': 1, 'RTNPS-SMP': 1, '415-G': 18, 'KBR-SJHS': 1, '415-A': 2, 'HBL-KBR': 1, 'RTNPS-CHCL': 1, '241-T': 7, '415-D': 29, 'KVLB-VNS': 1}"
MM Layout Kavalbyrasandra,13.02220094,77.61009201,3,29159027,"{'VNS-20': 2, 'YTTMC-MMLKB': 1}"
Modhi Garden Kavakbyrasandra,13.01722563,77.60745842,9,29159027,{'111-C KBS-MDG': 9}
P&T Quarters,13.02150321,77.60457069,291,29159027,"{'RTNPS-ABC': 1, '111-C': 59, 'RTNPS-KBR': 3, 'KVB-NVG': 5, 'RTNPS-SMP': 1, '415-G': 18, 'KBR-SJHS': 1, '415-A': 2, 'HBL-KBR': 1, 'RTNPS-CHCL': 1, '176 KBR-VTTMC': 1, '342-U': 6, '144-K D06G-KVLB': 1, '144-K': 23, 'VSD-KBR': 1, '300-V': 4, '176 CLO-KBR': 3, 'KVBR-HBL-CHSC': 3, 'KBR-KRM': 1, '241-T': 7, 'KRM-KBR': 2, '176-E': 10, '415-D': 29, '176-A': 14, 'KVLB-VNS': 1, 'BVNR-KVBL': 1, '242-R': 9, 'YTTMC-MMLKB': 1, '111-C KBS-MDG': 9, '176-E VTTMC-KBR': 1, '79-B': 27, '256-MB': 6, '112-A': 24, '230-A': 12}"
Postal and Telecom Colony,13.02460630,77.60524727,695,29159027,"{'290-EA': 0, '290-E SBS-PTH': 0, '291-N': 16, 'TR-4': 46, '290-EB YHK-KGR': 0, '290-EB KGR-YHK': 0, 'NGW-DPJN': 6, '253-A': 12, '290-M': 8, 'DPJN-JJN-NGW': 4, '290-D': 19, '290-A': 28, '291-J': 26, '290-J': 0, '290-RA': 5, '290-R': 13, '290-J MSP-SBS': 0, '290-EB': 0, '290-QA': 18, '291-G': 20, '290-Q': 14, 'D10G-NGVR-JJN': 1, 'TR-4A': 10, '290-T': 11, '290-HA': 0, 'KLNB-BKC': 1, 'PTH-SBS1': 4, '291-D': 22, '291-L': 3, '290-Z': 4, '290-P': 24, 'MBS-14': 10, 'SBS-JKR-ALSG-PTH': 1, 'CLO-RKH': 5, '291-K': 7, '291-A': 11, '291-E': 16, 'G-10': 0, '290 KBS-YLKOT': 2, '290-EY': 0, '291-R': 15, 'KLN-JJN': 1, '290-QA NRG-RKHN': 1, 'MSP-ARMYK': 1, '291-H': 21, '291-B': 2, '290-E STJHS-YLKOT': 0, 'KBS-NGVRJ-VNS': 1, '63 SBS-DPJN': 1, '290-F': 0, '290-N': 40, '317-K': 0, 'TR-4 NGV-MRBS': 2, 'TR-4 KMT-NGV': 1, '290-C': 63, 'MBS-2': 17, '290EY KMT-YHKOT': 0, 'MBS2 PTH-MRHSPG': 1, '290-E SBS-NGW-KLN': 0, '290-E ITCF-YHKOT': 0, 'V-SBS-KNB': 1, '290-E': 52, 'PTH-SBS': 3, 'BSK-KRP-ITI': 1, '348-F': 14, 'BMSIT-3': 1, '213-D': 6, 'SBS-RJP': 2, 'SBS-HTN': 1, '375-D': 80}"
Ambedkar Medical College Shampura,13.02332136,77.61248589,80,29159029,"{'SBS-AMC': 0, 'RTNPS-ABC': 1, 'RTNPS-SMP': 1, '415-G': 18, '290-D': 19, '415-A': 2, '290-H': 0, 'D10G-HBR2': 1, '290-HA': 0, '300-V': 4, '291-E': 16, 'ITPL-2B': 2, 'D10G-DAME': 1, '348-M': 15}"
Chinnappa Layout,13.02806170,77.61177242,30,29159029,"{'290-H': 0, 'D10G-HBR2': 1, '415-D': 29}"
KHB Colony Sultanpalya,13.02821326,77.60698333,4,29159029,"{'KBS-SPHC': 1, 'SPHC-KMT': 1, 'HBLB-SPHCN': 1, 'KBS-LRB': 1}"
LR Bande,13.02895343,77.61059493,35,29159029,"{'415-D': 29, 'MTR-16': 2, 'SPHS-BMT14': 1, 'SOPHIYA-3': 2, 'KBS-LRB': 1}"
Manjushree Hospital,13.02135230,77.60704770,62,29159029,"{'RTNPS-ABC': 1, 'RTNPS-SMP': 1, '415-G': 18, 'KBR-SJHS': 1, '415-A': 2, 'HBL-KBR': 1, 'RTNPS-CHCL': 1, '241-T': 7, '415-D': 29, 'KVLB-VNS': 1}"
MM Layout Kavalbyrasandra,13.02220094,77.61009201,3,29159029,"{'VNS-20': 2, 'YTTMC-MMLKB': 1}"
Postal and Telecom Colony,13.02460630,77.60524727,695,29159029,"{'290-EA': 0, '290-E SBS-PTH': 0, '291-N': 16, 'TR-4': 46, '290-EB YHK-KGR': 0, '290-EB KGR-YHK': 0, 'NGW-DPJN': 6, '253-A': 12, '290-M': 8, 'DPJN-JJN-NGW': 4, '290-D': 19, '290-A': 28, '291-J': 26, '290-J': 0, '290-RA': 5, '290-R': 13, '290-J MSP-SBS': 0, '290-EB': 0, '290-QA': 18, '291-G': 20, '290-Q': 14, 'D10G-NGVR-JJN': 1, 'TR-4A': 10, '290-T': 11, '290-HA': 0, 'KLNB-BKC': 1, 'PTH-SBS1': 4, '291-D': 22, '291-L': 3, '290-Z': 4, '290-P': 24, 'MBS-14': 10, 'SBS-JKR-ALSG-PTH': 1, 'CLO-RKH': 5, '291-K': 7, '291-A': 11, '291-E': 16, 'G-10': 0, '290 KBS-YLKOT': 2, '290-EY': 0, '291-R': 15, 'KLN-JJN': 1, '290-QA NRG-RKHN': 1, 'MSP-ARMYK': 1, '291-H': 21, '291-B': 2, '290-E STJHS-YLKOT': 0, 'KBS-NGVRJ-VNS': 1, '63 SBS-DPJN': 1, '290-F': 0, '290-N': 40, '317-K': 0, 'TR-4 NGV-MRBS': 2, 'TR-4 KMT-NGV': 1, '290-C': 63, 'MBS-2': 17, '290EY KMT-YHKOT': 0, 'MBS2 PTH-MRHSPG': 1, '290-E SBS-NGW-KLN': 0, '290-E ITCF-YHKOT': 0, 'V-SBS-KNB': 1, '290-E': 52, 'PTH-SBS': 3, 'BSK-KRP-ITI': 1, '348-F': 14, 'BMSIT-3': 1, '213-D': 6, 'SBS-RJP': 2, 'SBS-HTN': 1, '375-D': 80}"
Shampura Kavalbyrasandra,13.02641147,77.61421725,26,29159029,"{'RTNPS-SMP': 1, '415-G': 18, '415-A': 2, '290-H': 0, 'D10G-HBR2': 1, '300-V': 4}"
Ambedkar Medical College Shampura,13.02332136,77.61248589,80,29159030,"{'SBS-AMC': 0, 'RTNPS-ABC': 1, 'RTNPS-SMP': 1, '415-G': 18, '290-D': 19, '415-A': 2, '290-H': 0, 'D10G-HBR2': 1, '290-HA': 0, '300-V': 4, '291-E': 16, 'ITPL-2B': 2, 'D10G-DAME': 1, '348-M': 15}"
Chinnappa Layout,13.02806170,77.61177242,30,29159030,"{'290-H': 0, 'D10G-HBR2': 1, '415-D': 29}"
KHB Colony Sultanpalya,13.02821326,77.60698333,4,29159030,"{'KBS-SPHC': 1, 'SPHC-KMT': 1, 'HBLB-SPHCN': 1, 'KBS-LRB': 1}"
LR Bande,13.02895343,77.61059493,35,29159030,"{'415-D': 29, 'MTR-16': 2, 'SPHS-BMT14': 1, 'SOPHIYA-3': 2, 'KBS-LRB': 1}"
Manjushree Hospital,13.02135230,77.60704770,62,29159030,"{'RTNPS-ABC': 1, 'RTNPS-SMP': 1, '415-G': 18, 'KBR-SJHS': 1, '415-A': 2, 'HBL-KBR': 1, 'RTNPS-CHCL': 1, '241-T': 7, '415-D': 29, 'KVLB-VNS': 1}"
MM Layout Kavalbyrasandra,13.02220094,77.61009201,3,29159030,"{'VNS-20': 2, 'YTTMC-MMLKB': 1}"
Shampura Kavalbyrasandra,13.02641147,77.61421725,26,29159030,"{'RTNPS-SMP': 1, '415-G': 18, '415-A': 2, '290-H': 0, 'D10G-HBR2': 1, '300-V': 4}"
Ambedkar Medical College Shampura,13.02332136,77.61248589,80,29159031,"{'SBS-AMC': 0, 'RTNPS-ABC': 1, 'RTNPS-SMP': 1, '415-G': 18, '290-D': 19, '415-A': 2, '290-H': 0, 'D10G-HBR2': 1, '290-HA': 0, '300-V': 4, '291-E': 16, 'ITPL-2B': 2, 'D10G-DAME': 1, '348-M': 15}"
Chinnappa Layout,13.02806170,77.61177242,30,29159031,"{'290-H': 0, 'D10G-HBR2': 1, '415-D': 29}"
Kaval Byrasandra,13.01970724,77.60760896,241,29159031,"{'111-C': 59, 'RTNPS-KBR': 3, 'KVB-NVG': 5, 'KBR-SJHS': 1, 'HBL-KBR': 1, '176 KBR-VTTMC': 1, '342-U': 6, '144-K D06G-KVLB': 1, '144-K': 23, 'VSD-KBR': 1, '300-V': 4, '176 CLO-KBR': 3, 'KVBR-HBL-CHSC': 3, 'KBR-KRM': 1, '241-T': 7, 'KRM-KBR': 2, '176-E': 10, 'BEMLA-7': 2, '176-A': 14, 'KVLB-VNS': 1, 'BVNR-KVBL': 1, 'SPHS-BMT14': 1, 'CRISTAL-5': 3, 'SOPHIYA-3': 2, '242-R': 9, 'YTTMC-MMLKB': 1, 'BELGS-55': 3, '176-E VTTMC-KBR': 1, '79-B': 27, '256-MB': 6, '112-A': 24, '230-A': 12}"
KHB Colony Sultanpalya,13.02821326,77.60698333,4,29159031,"{'KBS-SPHC': 1, 'SPHC-KMT': 1, 'HBLB-SPHCN': 1, 'KBS-LRB': 1}"
Manjushree Hospital,13.02135230,77.60704770,62,29159031,"{'RTNPS-ABC': 1, 'RTNPS-SMP': 1, '415-G': 18, 'KBR-SJHS': 1, '415-A': 2, 'HBL-KBR': 1, 'RTNPS-CHCL': 1, '241-T': 7, '415-D': 29, 'KVLB-VNS': 1}"
MM Layout Kavalbyrasandra,13.02220094,77.61009201,3,29159031,"{'VNS-20': 2, 'YTTMC-MMLKB': 1}"
P&T Quarters,13.02150321,77.60457069,291,29159031,"{'RTNPS-ABC': 1, '111-C': 59, 'RTNPS-KBR': 3, 'KVB-NVG': 5, 'RTNPS-SMP': 1, '415-G': 18, 'KBR-SJHS': 1, '415-A': 2, 'HBL-KBR': 1, 'RTNPS-CHCL': 1, '176 KBR-VTTMC': 1, '342-U': 6, '144-K D06G-KVLB': 1, '144-K': 23, 'VSD-KBR': 1, '300-V': 4, '176 CLO-KBR': 3, 'KVBR-HBL-CHSC': 3, 'KBR-KRM': 1, '241-T': 7, 'KRM-KBR': 2, '176-E': 10, '415-D': 29, '176-A': 14, 'KVLB-VNS': 1, 'BVNR-KVBL': 1, '242-R': 9, 'YTTMC-MMLKB': 1, '111-C KBS-MDG': 9, '176-E VTTMC-KBR': 1, '79-B': 27, '256-MB': 6, '112-A': 24, '230-A': 12}"
Postal and Telecom Colony,13.02460630,77.60524727,695,29159031,"{'290-EA': 0, '290-E SBS-PTH': 0, '291-N': 16, 'TR-4': 46, '290-EB YHK-KGR': 0, '290-EB KGR-YHK': 0, 'NGW-DPJN': 6, '253-A': 12, '290-M': 8, 'DPJN-JJN-NGW': 4, '290-D': 19, '290-A': 28, '291-J': 26, '290-J': 0, '290-RA': 5, '290-R': 13, '290-J MSP-SBS': 0, '290-EB': 0, '290-QA': 18, '291-G': 20, '290-Q': 14, 'D10G-NGVR-JJN': 1, 'TR-4A': 10, '290-T': 11, '290-HA': 0, 'KLNB-BKC': 1, 'PTH-SBS1': 4, '291-D': 22, '291-L': 3, '290-Z': 4, '290-P': 24, 'MBS-14': 10, 'SBS-JKR-ALSG-PTH': 1, 'CLO-RKH': 5, '291-K': 7, '291-A': 11, '291-E': 16, 'G-10': 0, '290 KBS-YLKOT': 2, '290-EY': 0, '291-R': 15, 'KLN-JJN': 1, '290-QA NRG-RKHN': 1, 'MSP-ARMYK': 1, '291-H': 21, '291-B': 2, '290-E STJHS-YLKOT': 0, 'KBS-NGVRJ-VNS': 1, '63 SBS-DPJN': 1, '290-F': 0, '290-N': 40, '317-K': 0, 'TR-4 NGV-MRBS': 2, 'TR-4 KMT-NGV': 1, '290-C': 63, 'MBS-2': 17, '290EY KMT-YHKOT': 0, 'MBS2 PTH-MRHSPG': 1, '290-E SBS-NGW-KLN': 0, '290-E ITCF-YHKOT': 0, 'V-SBS-KNB': 1, '290-E': 52, 'PTH-SBS': 3, 'BSK-KRP-ITI': 1, '348-F': 14, 'BMSIT-3': 1, '213-D': 6, 'SBS-RJP': 2, 'SBS-HTN': 1, '375-D': 80}"
Ambedkar Medical College Shampura,13.02332136,77.61248589,80,29159032,"{'SBS-AMC': 0, 'RTNPS-ABC': 1, 'RTNPS-SMP': 1, '415-G': 18, '290-D': 19, '415-A': 2, '290-H': 0, 'D10G-HBR2': 1, '290-HA': 0, '300-V': 4, '291-E': 16, 'ITPL-2B': 2, 'D10G-DAME': 1, '348-M': 15}"
Chinnappa Layout,13.02806170,77.61177242,30,29159032,"{'290-H': 0, 'D10G-HBR2': 1, '415-D': 29}"
Kaval Byrasandra,13.01970724,77.60760896,241,29159032,"{'111-C': 59, 'RTNPS-KBR': 3, 'KVB-NVG': 5, 'KBR-SJHS': 1, 'HBL-KBR': 1, '176 KBR-VTTMC': 1, '342-U': 6, '144-K D06G-KVLB': 1, '144-K': 23, 'VSD-KBR': 1, '300-V': 4, '176 CLO-KBR': 3, 'KVBR-HBL-CHSC': 3, 'KBR-KRM': 1, '241-T': 7, 'KRM-KBR': 2, '176-E': 10, 'BEMLA-7': 2, '176-A': 14, 'KVLB-VNS': 1, 'BVNR-KVBL': 1, 'SPHS-BMT14': 1, 'CRISTAL-5': 3, 'SOPHIYA-3': 2, '242-R': 9, 'YTTMC-MMLKB': 1, 'BELGS-55': 3, '176-E VTTMC-KBR': 1, '79-B': 27, '256-MB': 6, '112-A': 24, '230-A': 12}"
Manjushree Hospital,13.02135230,77.60704770,62,29159032,"{'RTNPS-ABC': 1, 'RTNPS-SMP': 1, '415-G': 18, 'KBR-SJHS': 1, '415-A': 2, 'HBL-KBR': 1, 'RTNPS-CHCL': 1, '241-T': 7, '415-D': 29, 'KVLB-VNS': 1}"
MM Layout Kavalbyrasandra,13.02220094,77.61009201,3,29159032,"{'VNS-20': 2, 'YTTMC-MMLKB': 1}"
Postal and Telecom Colony,13.02460630,77.60524727,695,29159032,"{'290-EA': 0, '290-E SBS-PTH': 0, '291-N': 16, 'TR-4': 46, '290-EB YHK-KGR': 0, '290-EB KGR-YHK': 0, 'NGW-DPJN': 6, '253-A': 12, '290-M': 8, 'DPJN-JJN-NGW': 4, '290-D': 19, '290-A': 28, '291-J': 26, '290-J': 0, '290-RA': 5, '290-R': 13, '290-J MSP-SBS': 0, '290-EB': 0, '290-QA': 18, '291-G': 20, '290-Q': 14, 'D10G-NGVR-JJN': 1, 'TR-4A': 10, '290-T': 11, '290-HA': 0, 'KLNB-BKC': 1, 'PTH-SBS1': 4, '291-D': 22, '291-L': 3, '290-Z': 4, '290-P': 24, 'MBS-14': 10, 'SBS-JKR-ALSG-PTH': 1, 'CLO-RKH': 5, '291-K': 7, '291-A': 11, '291-E': 16, 'G-10': 0, '290 KBS-YLKOT': 2, '290-EY': 0, '291-R': 15, 'KLN-JJN': 1, '290-QA NRG-RKHN': 1, 'MSP-ARMYK': 1, '291-H': 21, '291-B': 2, '290-E STJHS-YLKOT': 0, 'KBS-NGVRJ-VNS': 1, '63 SBS-DPJN': 1, '290-F': 0, '290-N': 40, '317-K': 0, 'TR-4 NGV-MRBS': 2, 'TR-4 KMT-NGV': 1, '290-C': 63, 'MBS-2': 17, '290EY KMT-YHKOT': 0, 'MBS2 PTH-MRHSPG': 1, '290-E SBS-NGW-KLN': 0, '290-E ITCF-YHKOT': 0, 'V-SBS-KNB': 1, '290-E': 52, 'PTH-SBS': 3, 'BSK-KRP-ITI': 1, '348-F': 14, 'BMSIT-3': 1, '213-D': 6, 'SBS-RJP': 2, 'SBS-HTN': 1, '375-D': 80}"
Shampura Kavalbyrasandra,13.02641147,77.61421725,26,29159032,"{'RTNPS-SMP': 1, '415-G': 18, '415-A': 2, '290-H': 0, 'D10G-HBR2': 1, '300-V': 4}"
Ambedkar Medical College Shampura,13.02332136,77.61248589,80,29159035,"{'SBS-AMC': 0, 'RTNPS-ABC': 1, 'RTNPS-SMP': 1, '415-G': 18, '290-D': 19, '415-A': 2, '290-H': 0, 'D10G-HBR2': 1, '290-HA': 0, '300-V': 4, '291-E': 16, 'ITPL-2B': 2, 'D10G-DAME': 1, '348-M': 15}"
Chinnappa Layout,13.02806170,77.61177242,30,29159035,"{'290-H': 0, 'D10G-HBR2': 1, '415-D': 29}"
Kaval Byrasandra,13.01970724,77.60760896,241,29159035,"{'111-C': 59, 'RTNPS-KBR': 3, 'KVB-NVG': 5, 'KBR-SJHS': 1, 'HBL-KBR': 1, '176 KBR-VTTMC': 1, '342-U': 6, '144-K D06G-KVLB': 1, '144-K': 23, 'VSD-KBR': 1, '300-V': 4, '176 CLO-KBR': 3, 'KVBR-HBL-CHSC': 3, 'KBR-KRM': 1, '241-T': 7, 'KRM-KBR': 2, '176-E': 10, 'BEMLA-7': 2, '176-A': 14, 'KVLB-VNS': 1, 'BVNR-KVBL': 1, 'SPHS-BMT14': 1, 'CRISTAL-5': 3, 'SOPHIYA-3': 2, '242-R': 9, 'YTTMC-MMLKB': 1, 'BELGS-55': 3, '176-E VTTMC-KBR': 1, '79-B': 27, '256-MB': 6, '112-A': 24, '230-A': 12}"
Manjushree Hospital,13.02135230,77.60704770,62,29159035,"{'RTNPS-ABC': 1, 'RTNPS-SMP': 1, '415-G': 18, 'KBR-SJHS': 1, '415-A': 2, 'HBL-KBR': 1, 'RTNPS-CHCL': 1, '241-T': 7, '415-D': 29, 'KVLB-VNS': 1}"
MM Layout Kavalbyrasandra,13.02220094,77.61009201,3,29159035,"{'VNS-20': 2, 'YTTMC-MMLKB': 1}"
Shampura Kavalbyrasandra,13.02641147,77.61421725,26,29159035,"{'RTNPS-SMP': 1, '415-G': 18, '415-A': 2, '290-H': 0, 'D10G-HBR2': 1, '300-V': 4}"
Ambedkar Medical College Shampura,13.02332136,77.61248589,80,29159036,"{'SBS-AMC': 0, 'RTNPS-ABC': 1, 'RTNPS-SMP': 1, '415-G': 18, '290-D': 19, '415-A': 2, '290-H': 0, 'D10G-HBR2': 1, '290-HA': 0, '300-V': 4, '291-E': 16, 'ITPL-2B': 2, 'D10G-DAME': 1, '348-M': 15}"
Chinnappa Layout,13.02806170,77.61177242,30,29159036,"{'290-H': 0, 'D10G-HBR2': 1, '415-D': 29}"
HBR Layout 2nd Stage,13.03175015,77.61207685,1,29159036,"{'290-H': 0, 'D10G-HBR2': 1}"
HBR Layout 2nd Stage Railway Gate,13.02873720,77.61561402,29,29159036,{'415-D': 29}
LR Bande,13.02895343,77.61059493,35,29159036,"{'415-D': 29, 'MTR-16': 2, 'SPHS-BMT14': 1, 'SOPHIYA-3': 2, 'KBS-LRB': 1}"
MM Layout Kavalbyrasandra,13.02220094,77.61009201,3,29159036,"{'VNS-20': 2, 'YTTMC-MMLKB': 1}"
Shampura Kavalbyrasandra,13.02641147,77.61421725,26,29159036,"{'RTNPS-SMP': 1, '415-G': 18, '415-A': 2, '290-H': 0, 'D10G-HBR2': 1, '300-V': 4}"
Ambedkar Medical College Shampura,13.02332136,77.61248589,80,29159040,"{'SBS-AMC': 0, 'RTNPS-ABC': 1, 'RTNPS-SMP': 1, '415-G': 18, '290-D': 19, '415-A': 2, '290-H': 0, 'D10G-HBR2': 1, '290-HA': 0, '300-V': 4, '291-E': 16, 'ITPL-2B': 2, 'D10G-DAME': 1, '348-M': 15}"
Kaval Byrasandra,13.01970724,77.60760896,241,29159040,"{'111-C': 59, 'RTNPS-KBR': 3, 'KVB-NVG': 5, 'KBR-SJHS': 1, 'HBL-KBR': 1, '176 KBR-VTTMC': 1, '342-U': 6, '144-K D06G-KVLB': 1, '144-K': 23, 'VSD-KBR': 1, '300-V': 4, '176 CLO-KBR': 3, 'KVBR-HBL-CHSC': 3, 'KBR-KRM': 1, '241-T': 7, 'KRM-KBR': 2, '176-E': 10, 'BEMLA-7': 2, '176-A': 14, 'KVLB-VNS': 1, 'BVNR-KVBL': 1, 'SPHS-BMT14': 1, 'CRISTAL-5': 3, 'SOPHIYA-3': 2, '242-R': 9, 'YTTMC-MMLKB': 1, 'BELGS-55': 3, '176-E VTTMC-KBR': 1, '79-B': 27, '256-MB': 6, '112-A': 24, '230-A': 12}"
MM Layout Kavalbyrasandra,13.02220094,77.61009201,3,29159040,"{'VNS-20': 2, 'YTTMC-MMLKB': 1}"
Ambedkar Medical College Shampura,13.02332136,77.61248589,80,29159041,"{'SBS-AMC': 0, 'RTNPS-ABC': 1, 'RTNPS-SMP': 1, '415-G': 18, '290-D': 19, '415-A': 2, '290-H': 0, 'D10G-HBR2': 1, '290-HA': 0, '300-V': 4, '291-E': 16, 'ITPL-2B': 2, 'D10G-DAME': 1, '348-M': 15}"
Kaval Byrasandra,13.01970724,77.60760896,241,29159041,"{'111-C': 59, 'RTNPS-KBR': 3, 'KVB-NVG': 5, 'KBR-SJHS': 1, 'HBL-KBR': 1, '176 KBR-VTTMC': 1, '342-U': 6, '144-K D06G-KVLB': 1, '144-K': 23, 'VSD-KBR': 1, '300-V': 4, '176 CLO-KBR': 3, 'KVBR-HBL-CHSC': 3, 'KBR-KRM': 1, '241-T': 7, 'KRM-KBR': 2, '176-E': 10, 'BEMLA-7': 2, '176-A': 14, 'KVLB-VNS': 1, 'BVNR-KVBL': 1, 'SPHS-BMT14': 1, 'CRISTAL-5': 3, 'SOPHIYA-3': 2, '242-R': 9, 'YTTMC-MMLKB': 1, 'BELGS-55': 3, '176-E VTTMC-KBR': 1, '79-B': 27, '256-MB': 6, '112-A': 24, '230-A': 12}"
MM Layout Kavalbyrasandra,13.02220094,77.61009201,3,29159041,"{'VNS-20': 2, 'YTTMC-MMLKB': 1}"
Ambedkar Medical College Shampura,13.02332136,77.61248589,80,29159057,"{'SBS-AMC': 0, 'RTNPS-ABC': 1, 'RTNPS-SMP': 1, '415-G': 18, '290-D': 19, '415-A': 2, '290-H': 0, 'D10G-HBR2': 1, '290-HA': 0, '300-V': 4, '291-E': 16, 'ITPL-2B': 2, 'D10G-DAME': 1, '348-M': 15}"
Kaval Byrasandra,13.01970724,77.60760896,241,29159057,"{'111-C': 59, 'RTNPS-KBR': 3, 'KVB-NVG': 5, 'KBR-SJHS': 1, 'HBL-KBR': 1, '176 KBR-VTTMC': 1, '342-U': 6, '144-K D06G-KVLB': 1, '144-K': 23, 'VSD-KBR': 1, '300-V': 4, '176 CLO-KBR': 3, 'KVBR-HBL-CHSC': 3, 'KBR-KRM': 1, '241-T': 7, 'KRM-KBR': 2, '176-E': 10, 'BEMLA-7': 2, '176-A': 14, 'KVLB-VNS': 1, 'BVNR-KVBL': 1, 'SPHS-BMT14': 1, 'CRISTAL-5': 3, 'SOPHIYA-3': 2, '242-R': 9, 'YTTMC-MMLKB': 1, 'BELGS-55': 3, '176-E VTTMC-KBR': 1, '79-B': 27, '256-MB': 6, '112-A': 24, '230-A': 12}"
Manjushree Hospital,13.02135230,77.60704770,62,29159057,"{'RTNPS-ABC': 1, 'RTNPS-SMP': 1, '415-G': 18, 'KBR-SJHS': 1, '415-A': 2, 'HBL-KBR': 1, 'RTNPS-CHCL': 1, '241-T': 7, '415-D': 29, 'KVLB-VNS': 1}"
MM Layout Kavalbyrasandra,13.02220094,77.61009201,3,29159057,"{'VNS-20': 2, 'YTTMC-MMLKB': 1}"
Modhi Garden Kavakbyrasandra,13.01722563,77.60745842,9,29159057,{'111-C KBS-MDG': 9}
P&T Quarters,13.02150321,77.60457069,291,29159057,"{'RTNPS-ABC': 1, '111-C': 59, 'RTNPS-KBR': 3, 'KVB-NVG': 5, 'RTNPS-SMP': 1, '415-G': 18, 'KBR-SJHS': 1, '415-A': 2, 'HBL-KBR': 1, 'RTNPS-CHCL': 1, '176 KBR-VTTMC': 1, '342-U': 6, '144-K D06G-KVLB': 1, '144-K': 23, 'VSD-KBR': 1, '300-V': 4, '176 CLO-KBR': 3, 'KVBR-HBL-CHSC': 3, 'KBR-KRM': 1, '241-T': 7, 'KRM-KBR': 2, '176-E': 10, '415-D': 29, '176-A': 14, 'KVLB-VNS': 1, 'BVNR-KVBL': 1, '242-R': 9, 'YTTMC-MMLKB': 1, '111-C KBS-MDG': 9, '176-E VTTMC-KBR': 1, '79-B': 27, '256-MB': 6, '112-A': 24, '230-A': 12}"
Postal and Telecom Colony,13.02460630,77.60524727,695,29159057,"{'290-EA': 0, '290-E SBS-PTH': 0, '291-N': 16, 'TR-4': 46, '290-EB YHK-KGR': 0, '290-EB KGR-YHK': 0, 'NGW-DPJN': 6, '253-A': 12, '290-M': 8, 'DPJN-JJN-NGW': 4, '290-D': 19, '290-A': 28, '291-J': 26, '290-J': 0, '290-RA': 5, '290-R': 13, '290-J MSP-SBS': 0, '290-EB': 0, '290-QA': 18, '291-G': 20, '290-Q': 14, 'D10G-NGVR-JJN': 1, 'TR-4A': 10, '290-T': 11, '290-HA': 0, 'KLNB-BKC': 1, 'PTH-SBS1': 4, '291-D': 22, '291-L': 3, '290-Z': 4, '290-P': 24, 'MBS-14': 10, 'SBS-JKR-ALSG-PTH': 1, 'CLO-RKH': 5, '291-K': 7, '291-A': 11, '291-E': 16, 'G-10': 0, '290 KBS-YLKOT': 2, '290-EY': 0, '291-R': 15, 'KLN-JJN': 1, '290-QA NRG-RKHN': 1, 'MSP-ARMYK': 1, '291-H': 21, '291-B': 2, '290-E STJHS-YLKOT': 0, 'KBS-NGVRJ-VNS': 1, '63 SBS-DPJN': 1, '290-F': 0, '290-N': 40, '317-K': 0, 'TR-4 NGV-MRBS': 2, 'TR-4 KMT-NGV': 1, '290-C': 63, 'MBS-2': 17, '290EY KMT-YHKOT': 0, 'MBS2 PTH-MRHSPG': 1, '290-E SBS-NGW-KLN': 0, '290-E ITCF-YHKOT': 0, 'V-SBS-KNB': 1, '290-E': 52, 'PTH-SBS': 3, 'BSK-KRP-ITI': 1, '348-F': 14, 'BMSIT-3': 1, '213-D': 6, 'SBS-RJP': 2, 'SBS-HTN': 1, '375-D': 80}"
Ambedkar Medical College Shampura,13.02332136,77.61248589,80,29159059,"{'SBS-AMC': 0, 'RTNPS-ABC': 1, 'RTNPS-SMP': 1, '415-G': 18, '290-D': 19, '415-A': 2, '290-H': 0, 'D10G-HBR2': 1, '290-HA': 0, '300-V': 4, '291-E': 16, 'ITPL-2B': 2, 'D10G-DAME': 1, '348-M': 15}"
Kaval Byrasandra,13.01970724,77.60760896,241,29159059,"{'111-C': 59, 'RTNPS-KBR': 3, 'KVB-NVG': 5, 'KBR-SJHS': 1, 'HBL-KBR': 1, '176 KBR-VTTMC': 1, '342-U': 6, '144-K D06G-KVLB': 1, '144-K': 23, 'VSD-KBR': 1, '300-V': 4, '176 CLO-KBR': 3, 'KVBR-HBL-CHSC': 3, 'KBR-KRM': 1, '241-T': 7, 'KRM-KBR': 2, '176-E': 10, 'BEMLA-7': 2, '176-A': 14, 'KVLB-VNS': 1, 'BVNR-KVBL': 1, 'SPHS-BMT14': 1, 'CRISTAL-5': 3, 'SOPHIYA-3': 2, '242-R': 9, 'YTTMC-MMLKB': 1, 'BELGS-55': 3, '176-E VTTMC-KBR': 1, '79-B': 27, '256-MB': 6, '112-A': 24, '230-A': 12}"
Manjushree Hospital,13.02135230,77.60704770,62,29159059,"{'RTNPS-ABC': 1, 'RTNPS-SMP': 1, '415-G': 18, 'KBR-SJHS': 1, '415-A': 2, 'HBL-KBR': 1, 'RTNPS-CHCL': 1, '241-T': 7, '415-D': 29, 'KVLB-VNS': 1}"
MM Layout Kavalbyrasandra,13.02220094,77.61009201,3,29159059,"{'VNS-20': 2, 'YTTMC-MMLKB': 1}"
Modhi Garden Kavakbyrasandra,13.01722563,77.60745842,9,29159059,{'111-C KBS-MDG': 9}
Charls School Toll Gate,13.00608723,77.62093865,985,29159187,"{'SBS-D10G': 31, '295-D': 21, 'KBS-D10G': 8, '293-P': 12, '296-V': 13, 'D10G-MRG': 2, 'D10G-JVH': 2, 'G-11': 35, '296-C': 18, 'KLN-LGP-SBS': 14, '292-E': 12, 'D10G-SBS': 6, '292-C': 30, '401-M NLO-CLO': 1, 'KBS-HNR-CHLS': 3, 'MGMS-KLN': 2, '292-D': 17, '293-H': 19, '292-B': 12, '293-A': 16, '294-F': 9, '294-B': 0, '294-E': 18, '294-H': 26, 'KBS-KLN': 6, '295-A': 14, '296-N': 17, '293-R': 13, '293-S': 32, '293-K': 13, '296-A': 17, '296-B': 19, '296-D': 26, '296-K': 4, '293-F': 11, 'SBS-HNS': 3, '293-J': 11, 'SBS-RYL': 2, '327-D': 5, '295-C': 34, '295-E': 12, '295-B': 15, '295-G': 17, '294-A': 11, '293-B': 11, '294-C SBS-JTN': 32, 'SBS-CHLS': 2, '296-T': 17, 'KBS-LGP-CHLS': 1, 'SGH-SBS': 2, 'KMT-BLS-YPB': 1, '293-G': 30, 'D10G-SOPHIA': 1, 'BMESU-HBL': 4, '348-H': 12, 'KMT-CHLS': 0, 'KLNB-LGP-BSK': 3, '293-N': 15, '296-Q': 23, '293-C OASIS-KMT': 1, 'SJHS-LGP-HBL': 3, '296-F': 10, 'KLNB-LGP-KBS': 2, 'MF-4': 15, '293-C': 32, '293-D': 12, '293-M': 11, '296-M': 6, '293-L': 11, '314-N': 26, 'BMT10-NRG': 1, 'HMNL-SJHS': 1, 'BMES-SBS': 3, 'KLNB-LGP-SBSP': 1, 'KLNB-LGP-SSMT': 1, 'SBS-SMHSL': 3, '293 KBS-SMHS': 2, '296 SBS-BMESL': 1, '293-E': 10, '295-D SBS-BMT10': 1, 'GDWC-BGL': 1, '293 SBS-HMN': 7, '293 SBS-LGP-KLN': 4, '293G SBS-BMT48': 16, '293F KMT-BMT48': 6, '293S KBS-BMT48': 6, 'D10G-BMES': 1, '293 BMT10-ARMY': 2, '295-KMT-D48': 2, '294-C BMT48-MGMS': 1, 'G11-BMT48-MGMS': 2, '294-D': 12, 'HNR-Ernst Young B': 1, '500-A CSB-SJHSU': 3, '293-S KBS-HNS': 2, 'BMT10-DRDO2': 1, 'HALM-SBS-BMES': 1, 'SVM-SBS-BMES': 1}"
Clarence School,13.00226912,77.61665130,1946,29159187,"{'327-C': 14, '301-E': 39, '300-E': 55, '300-D': 37, '300-H': 48, 'SBS-D10G': 31, '295-D': 21, 'KBS-D10G': 8, '302-C': 11, '293-P': 12, '296-V': 13, 'D10G-MRG': 2, 'G-11': 35, '296-C': 18, 'KLN-LGP-SBS': 14, '292-E': 12, 'D10G-SBS': 6, '292-C': 30, '401-M NLO-CLO': 1, '302-J': 29, '300-B': 29, 'KBS-HNR-CHLS': 3, '302-GA': 19, '303-F': 21, 'MGMS-KLN': 2, '292-D': 17, '293-H': 19, '292-B': 12, '293-A': 16, '79-K': 13, 'SBS-KLN': 27, '294-F': 9, '294-B': 0, '300-DA': 15, '294-E': 18, '294-H': 26, 'KBS-KLN': 6, '295-A': 14, '296-N': 17, '293-R': 13, '293-S': 32, '300-T': 11, '293-K': 13, '296-A': 17, '296-B': 19, '296-D': 26, '296-K': 4, '293-F': 11, 'SBS-HNS': 3, '293-J': 11, 'SBS-RYL': 2, '327-D': 5, '295-C': 34, '300-A': 14, '295-E': 12, '295-B': 15, '295-G': 17, 'KBS-BSP-HMA': 1, 'SBS-BSP-HMA': 3, '294-A': 11, '293-B': 11, '294-C SBS-JTN': 32, 'SBS-CHLS': 2, '296-T': 17, 'KBS-LGP-CHLS': 1, 'SGH-SBS': 2, 'G-11 SNBS-BLR': 1, '301-F': 6, '300-P': 46, '300-E SBS-KTMLRG': 2, 'KMT-BLS-YPB': 1, '300-C': 19, 'SBS-BPS-KLK': 2, 'VSD-BSP-KLK': 1, '293-G': 30, '215-NB': 12, 'D10G-SOPHIA': 1, 'BMESU-HBL': 4, '242-GA KBS-EWC': 2, '302-D': 35, '300-K': 13, '348-H': 12, '302-N': 38, 'KMT-CHLS': 0, 'KLNB-LGP-BSK': 3, '276-AB BMT45-DBH': 1, '293-N': 15, '300-F': 17, '296-Q': 23, '302 SBS-KLN': 3, '80-F': 35, '302 VSD-KLN': 4, '293-C OASIS-KMT': 1, 'KBS-BDSN': 4, '302-F': 39, 'SJHS-LGP-HBL': 3, '296-F': 10, 'KLNB-LGP-KBS': 2, 'MF-4': 15, '303-E': 32, '302-B': 40, '293-C': 32, '302-E': 14, '303-C': 24, '293-D': 12, '293-M': 11, '296-M': 6, '293-L': 11, '314-N': 26, 'BMT10-NRG': 1, 'KBS-SDSH': 1, 'HMNL-SJHS': 1, 'BMES-SBS': 3, 'KLNB-LGP-SBSP': 1, 'KLNB-LGP-SSMT': 1, 'SBS-SVPSH': 1, 'SBS-SMHSL': 3, '293 KBS-SMHS': 2, 'SBS-SVPSL': 2, 'SOPHIYA-1': 2, '296 SBS-BMESL': 1, 'BCGHS-18': 2, 'VNS-03': 3, '302 BMT10-SBS': 2, '293-E': 10, 'OASIS-2B': 2, 'D24-TNF-WTP': 1, 'KBS-SVPSB': 1, '295-D SBS-BMT10': 1, '302-A': 20, 'GDWC-BGL': 1, '129 KBS-BNWRS': 1, '293 SBS-HMN': 7, '293 SBS-LGP-KLN': 4, '330 SBS-ABISRO': 2, '301-D': 18, '301-G': 17, '303-G': 29, '302-G': 19, '293G SBS-BMT48': 16, '293F KMT-BMT48': 6, '293S KBS-BMT48': 6, 'ARMY-3': 3, 'D10G-BMES': 1, '293 BMT10-ARMY': 2, '295-KMT-D48': 2, '300-H  KBS-ITICG': 3, '294-C BMT48-MGMS': 1, 'CRISTAL-3': 1, 'G11-BMT48-MGMS': 2, '294-D': 12, '290-E ITCF-YHKOT': 0, '500-A CSB-SJHSU': 3, '293-S KBS-HNS': 2, 'HALM-SBS-BMES': 1, 'SVM-SBS-BMES': 1, '301-A': 12, 'AMRY-2': 4}"
Devis Road,13.00327455,77.61898018,932,29159187,"{'SBS-D10G': 31, '295-D': 21, '293-P': 12, '296-V': 13, 'G-11': 35, '296-C': 18, 'KLN-LGP-SBS': 14, '292-E': 12, 'D10G-SBS': 6, '292-C': 30, '401-M NLO-CLO': 1, 'KBS-HNR-CHLS': 3, 'MGMS-KLN': 2, '292-D': 17, '293-H': 19, '292-B': 12, '293-A': 16, '294-F': 9, '294-B': 0, '294-E': 18, '294-H': 26, 'KBS-KLN': 6, '295-A': 14, '296-N': 17, '293-R': 13, '293-S': 32, '293-K': 13, '296-A': 17, '296-B': 19, '296-D': 26, '296-K': 4, '293-F': 11, 'SBS-HNS': 3, '293-J': 11, 'SBS-RYL': 2, '327-D': 5, '295-C': 34, '295-E': 12, '295-B': 15, '295-G': 17, '294-A': 11, '293-B': 11, '294-C SBS-JTN': 32, 'SBS-CHLS': 2, '296-T': 17, 'KBS-LGP-CHLS': 1, 'SGH-SBS': 2, 'KMT-BLS-YPB': 1, 'BMESU-HBL': 4, '348-H': 12, 'KMT-CHLS': 0, 'KLNB-LGP-BSK': 3, '293-N': 15, '296-Q': 23, '293-C OASIS-KMT': 1, 'KBS-BDSN': 4, 'SJHS-LGP-HBL': 3, '296-F': 10, 'KLNB-LGP-KBS': 2, 'MF-4': 15, '293-C': 32, '293-D': 12, '293-M': 11, '296-M': 6, '293-L': 11, 'OASIS-4A': 3, 'OASIS-4B': 2, 'OASIS-2A': 2, 'BMT10-NRG': 1, 'SMHS-1': 6, 'HMNL-SJHS': 1, 'BMES-SBS': 3, 'KLNB-LGP-SBSP': 1, 'KLNB-LGP-SSMT': 1, 'ADT-9': 4, 'SBS-SMHSL': 3, '293 KBS-SMHS': 2, 'BMES-5': 3, 'BCGHS-9': 2, 'BCGHS-18': 2, 'VNS-03': 3, '293-E': 10, 'OASIS-2B': 2, '295-D SBS-BMT10': 1, 'CHLS-09': 3, 'GDWC-BGL': 1, '293 SBS-HMN': 7, '293 SBS-LGP-KLN': 4, '293F KMT-BMT48': 6, '293S KBS-BMT48': 6, '293 BMT10-ARMY': 2, '294-C BMT48-MGMS': 1, 'G11-BMT48-MGMS': 2, '294-D': 12, '500-A CSB-SJHSU': 3, '293-S KBS-HNS': 2, 'ARMY-4': 2, 'HALM-SBS-BMES': 1, 'SVM-SBS-BMES': 1}"
Doddy Tannery Road,13.00257755,77.61206767,540,29159187,"{'SBS-AMC': 0, '290-EA': 0, '290-E SBS-PTH': 0, '291-N': 16, 'TR-4': 46, '290-EB KGR-YHK': 0, '253-A': 12, '290-M': 8, 'DPJN-JJN-NGW': 4, '290-A': 28, '290-H': 0, '290-RA': 5, '290-R': 13, '290-EB': 0, '290-QA': 18, '290-G': 0, '290-Q': 14, 'TR-4A': 10, '290-T': 11, '290-HA': 0, 'SBS-SDH': 2, '291-D': 22, '291-L': 3, '290-Z': 4, '290-P': 24, 'MBS-14': 10, 'SBS-JKR-ALSG-PTH': 1, 'CLO-RKH': 5, '291-K': 7, '291-A': 11, '291-E': 16, 'G-10': 0, '290 KBS-YLKOT': 2, '290-EY': 0, '290-KA KMT-PLG': 1, 'TR-4 JJN-PLG': 2, '290-QA NRG-RKHN': 1, '291-H': 21, '94E YPRTTMC-TRDBS': 1, '290-E STJHS-YLKOT': 0, 'KBS-NGVRJ-VNS': 1, '290-N': 40, '317-K': 0, '241-CD': 11, 'TR-4 KMT-NGV': 1, '290-C': 63, '290EY KMT-YHKOT': 0, '290-E SBS-NGW-KLN': 0, '290-E ITCF-YHKOT': 0, 'V-SBS-KNB': 1, 'BSK-KRP-ITI': 1, '348-F': 14, 'BMSIT-3': 1, '213-D': 6, 'SBS-RJP': 2, 'SBS-HTN': 1, '375-D': 80}"
East Railway Station,13.00024247,77.61721795,0,29159187,{}
Frazer Town,13.00095911,77.61294625,1227,29159187,"{'327-C': 14, 'NGW-DPJN': 6, 'SBS-D10G': 31, '295-D': 21, 'KBS-D10G': 8, '293-P': 12, '296-V': 13, 'D10G-MRG': 2, '290-D': 19, 'G-11': 35, '296-C': 18, 'KLN-LGP-SBS': 14, '292-E': 12, 'D10G-SBS': 6, '292-C': 30, '401-M NLO-CLO': 1, '291-J': 26, 'MGMS-KLN': 2, '292-D': 17, '293-H': 19, '290-J': 0, '292-B': 12, '293-A': 16, 'SBS-KLN': 27, '290-J MSP-SBS': 0, '294-F': 9, '294-B': 0, '294-E': 18, '294-H': 26, '295-A': 14, '296-N': 17, '293-R': 13, '293-S': 32, '293-K': 13, '296-A': 17, '296-B': 19, '296-D': 26, '296-K': 4, '293-F': 11, 'SBS-HNS': 3, '293-J': 11, 'SBS-RYL': 2, '327-D': 5, '295-C': 34, '295-E': 12, '295-B': 15, '295-G': 17, '294-A': 11, '293-B': 11, '294-C SBS-JTN': 32, 'SBS-CHLS': 2, '296-T': 17, 'KBS-LGP-CHLS': 1, 'SGH-SBS': 2, 'G-11 SNBS-BLR': 1, 'D10G-NGVR-JJN': 1, 'KMT-BLS-YPB': 1, '293-G': 30, '215-NB': 12, 'D10G-SOPHIA': 1, 'BMESU-HBL': 4, '302-D': 35, 'KLNB-BKC': 1, '348-H': 12, 'PTH-SBS1': 4, 'KMT-CHLS': 0, 'KLNB-LGP-BSK': 3, '293-N': 15, '296-Q': 23, '302 SBS-KLN': 3, '80-F': 35, '302 VSD-KLN': 4, '293-C OASIS-KMT': 1, '296-F': 10, 'KLNB-LGP-KBS': 2, '293-C': 32, '293-D': 12, '293-M': 11, '293-L': 11, 'JGF-2': 3, 'KLN-JJN': 1, '314-N': 26, 'K-6': 41, 'MSP-ARMYK': 1, 'HMNL-SJHS': 1, 'BMES-SBS': 3, 'KLNB-LGP-SBSP': 1, 'KLNB-LGP-SSMT': 1, 'ITPL-2A': 2, 'SBS-SMHSL': 3, '293 KBS-SMHS': 2, 'SHS-10': 2, '296 SBS-BMESL': 1, 'BCGHS-9': 2, 'VNS-03': 3, 'SJHS-9': 1, '302 BMT10-SBS': 2, 'BELGS-46': 2, 'BTP-27A': 2, '293-E': 10, 'OASIS-2B': 2, 'WTP-JVH-KRP': 1, '295-D SBS-BMT10': 1, '290-F': 0, 'TR-4 NGV-MRBS': 2, 'GDWC-BGL': 1, '129 KBS-BNWRS': 1, 'MBS-2': 17, '293 SBS-HMN': 7, '293 SBS-LGP-KLN': 4, 'VCS-ORRCA-112 ULSL-ORRCA': 2, '293G SBS-BMT48': 16, '293F KMT-BMT48': 6, '293S KBS-BMT48': 6, 'D10G-BMES': 1, 'MBS2 PTH-MRHSPG': 1, '293 BMT10-ARMY': 2, '295-KMT-D48': 2, '294-C BMT48-MGMS': 1, 'CRISTAL-3': 1, 'G11-BMT48-MGMS': 2, '294-D': 12, '293-S KBS-HNS': 2, 'HALM-SBS-BMES': 1, 'SVM-SBS-BMES': 1}"
ITC Factory Banasawadi,12.99861491,77.62196905,65,29159187,"{'D10G-KMH-SBS': 2, 'D10G-SBS': 6, 'MBS-8E KLN-DML': 3, 'K-6': 41, 'MBS-8E': 10, '302 BMT10-SBS': 2, '300-H  ITICG-KBS': 1, '290-E ITCF-YHKOT': 0}"
Mosque Road,13.00031693,77.61607925,530,29159187,"{'300-E': 55, '302-C': 11, '302-J': 29, '300-B': 29, '302-GA': 19, '303-F': 21, '300-T': 11, 'KBS-BSP-HMA': 1, 'SBS-BSP-HMA': 3, 'D10G-KMH-SBS': 2, '300-D': 37, '300-E SBS-KTMLRG': 2, '302-N': 38, '276-AB BMT45-DBH': 1, '300-F': 17, '302-F': 39, 'SJHS-LGP-HBL': 3, '303-E': 32, '302-B': 40, '302-E': 14, 'OASIS-4A': 3, 'OASIS-2A': 2, 'KBS-SDSH': 1, 'SOPHIYA-15': 2, 'SBS-SVPSH': 1, 'SBS-SVPSL': 2, 'SHS-10': 2, 'BMES-5': 3, 'BCGHS-18': 2, 'STJOHN-5': 2, 'CALLBUS-05': 1, 'BELGS-46': 2, 'KBS-SVPSB': 1, '302-A': 20, 'VCS-MEBP-12 BSK-MEBP': 1, '330 SBS-ABISRO': 2, '301-G': 17, '303-G': 29, '302-G': 19, 'D10G-BMES': 1, '300-H  ITICG-KBS': 1, '301-A': 12}"
Charls School Toll Gate,13.00608723,77.62093865,985,29159191,"{'SBS-D10G': 31, '295-D': 21, 'KBS-D10G': 8, '293-P': 12, '296-V': 13, 'D10G-MRG': 2, 'D10G-JVH': 2, 'G-11': 35, '296-C': 18, 'KLN-LGP-SBS': 14, '292-E': 12, 'D10G-SBS': 6, '292-C': 30, '401-M NLO-CLO': 1, 'KBS-HNR-CHLS': 3, 'MGMS-KLN': 2, '292-D': 17, '293-H': 19, '292-B': 12, '293-A': 16, '294-F': 9, '294-B': 0, '294-E': 18, '294-H': 26, 'KBS-KLN': 6, '295-A': 14, '296-N': 17, '293-R': 13, '293-S': 32, '293-K': 13, '296-A': 17, '296-B': 19, '296-D': 26, '296-K': 4, '293-F': 11, 'SBS-HNS': 3, '293-J': 11, 'SBS-RYL': 2, '327-D': 5, '295-C': 34, '295-E': 12, '295-B': 15, '295-G': 17, '294-A': 11, '293-B': 11, '294-C SBS-JTN': 32, 'SBS-CHLS': 2, '296-T': 17, 'KBS-LGP-CHLS': 1, 'SGH-SBS': 2, 'KMT-BLS-YPB': 1, '293-G': 30, 'D10G-SOPHIA': 1, 'BMESU-HBL': 4, '348-H': 12, 'KMT-CHLS': 0, 'KLNB-LGP-BSK': 3, '293-N': 15, '296-Q': 23, '293-C OASIS-KMT': 1, 'SJHS-LGP-HBL': 3, '296-F': 10, 'KLNB-LGP-KBS': 2, 'MF-4': 15, '293-C': 32, '293-D': 12, '293-M': 11, '296-M': 6, '293-L': 11, '314-N': 26, 'BMT10-NRG': 1, 'HMNL-SJHS': 1, 'BMES-SBS': 3, 'KLNB-LGP-SBSP': 1, 'KLNB-LGP-SSMT': 1, 'SBS-SMHSL': 3, '293 KBS-SMHS': 2, '296 SBS-BMESL': 1, '293-E': 10, '295-D SBS-BMT10': 1, 'GDWC-BGL': 1, '293 SBS-HMN': 7, '293 SBS-LGP-KLN': 4, '293G SBS-BMT48': 16, '293F KMT-BMT48': 6, '293S KBS-BMT48': 6, 'D10G-BMES': 1, '293 BMT10-ARMY': 2, '295-KMT-D48': 2, '294-C BMT48-MGMS': 1, 'G11-BMT48-MGMS': 2, '294-D': 12, 'HNR-Ernst Young B': 1, '500-A CSB-SJHSU': 3, '293-S KBS-HNS': 2, 'BMT10-DRDO2': 1, 'HALM-SBS-BMES': 1, 'SVM-SBS-BMES': 1}"
Clarence School,13.00226912,77.61665130,1946,29159191,"{'327-C': 14, '301-E': 39, '300-E': 55, '300-D': 37, '300-H': 48, 'SBS-D10G': 31, '295-D': 21, 'KBS-D10G': 8, '302-C': 11, '293-P': 12, '296-V': 13, 'D10G-MRG': 2, 'G-11': 35, '296-C': 18, 'KLN-LGP-SBS': 14, '292-E': 12, 'D10G-SBS': 6, '292-C': 30, '401-M NLO-CLO': 1, '302-J': 29, '300-B': 29, 'KBS-HNR-CHLS': 3, '302-GA': 19, '303-F': 21, 'MGMS-KLN': 2, '292-D': 17, '293-H': 19, '292-B': 12, '293-A': 16, '79-K': 13, 'SBS-KLN': 27, '294-F': 9, '294-B': 0, '300-DA': 15, '294-E': 18, '294-H': 26, 'KBS-KLN': 6, '295-A': 14, '296-N': 17, '293-R': 13, '293-S': 32, '300-T': 11, '293-K': 13, '296-A': 17, '296-B': 19, '296-D': 26, '296-K': 4, '293-F': 11, 'SBS-HNS': 3, '293-J': 11, 'SBS-RYL': 2, '327-D': 5, '295-C': 34, '300-A': 14, '295-E': 12, '295-B': 15, '295-G': 17, 'KBS-BSP-HMA': 1, 'SBS-BSP-HMA': 3, '294-A': 11, '293-B': 11, '294-C SBS-JTN': 32, 'SBS-CHLS': 2, '296-T': 17, 'KBS-LGP-CHLS': 1, 'SGH-SBS': 2, 'G-11 SNBS-BLR': 1, '301-F': 6, '300-P': 46, '300-E SBS-KTMLRG': 2, 'KMT-BLS-YPB': 1, '300-C': 19, 'SBS-BPS-KLK': 2, 'VSD-BSP-KLK': 1, '293-G': 30, '215-NB': 12, 'D10G-SOPHIA': 1, 'BMESU-HBL': 4, '242-GA KBS-EWC': 2, '302-D': 35, '300-K': 13, '348-H': 12, '302-N': 38, 'KMT-CHLS': 0, 'KLNB-LGP-BSK': 3, '276-AB BMT45-DBH': 1, '293-N': 15, '300-F': 17, '296-Q': 23, '302 SBS-KLN': 3, '80-F': 35, '302 VSD-KLN': 4, '293-C OASIS-KMT': 1, 'KBS-BDSN': 4, '302-F': 39, 'SJHS-LGP-HBL': 3, '296-F': 10, 'KLNB-LGP-KBS': 2, 'MF-4': 15, '303-E': 32, '302-B': 40, '293-C': 32, '302-E': 14, '303-C': 24, '293-D': 12, '293-M': 11, '296-M': 6, '293-L': 11, '314-N': 26, 'BMT10-NRG': 1, 'KBS-SDSH': 1, 'HMNL-SJHS': 1, 'BMES-SBS': 3, 'KLNB-LGP-SBSP': 1, 'KLNB-LGP-SSMT': 1, 'SBS-SVPSH': 1, 'SBS-SMHSL': 3, '293 KBS-SMHS': 2, 'SBS-SVPSL': 2, 'SOPHIYA-1': 2, '296 SBS-BMESL': 1, 'BCGHS-18': 2, 'VNS-03': 3, '302 BMT10-SBS': 2, '293-E': 10, 'OASIS-2B': 2, 'D24-TNF-WTP': 1, 'KBS-SVPSB': 1, '295-D SBS-BMT10': 1, '302-A': 20, 'GDWC-BGL': 1, '129 KBS-BNWRS': 1, '293 SBS-HMN': 7, '293 SBS-LGP-KLN': 4, '330 SBS-ABISRO': 2, '301-D': 18, '301-G': 17, '303-G': 29, '302-G': 19, '293G SBS-BMT48': 16, '293F KMT-BMT48': 6, '293S KBS-BMT48': 6, 'ARMY-3': 3, 'D10G-BMES': 1, '293 BMT10-ARMY': 2, '295-KMT-D48': 2, '300-H  KBS-ITICG': 3, '294-C BMT48-MGMS': 1, 'CRISTAL-3': 1, 'G11-BMT48-MGMS': 2, '294-D': 12, '290-E ITCF-YHKOT': 0, '500-A CSB-SJHSU': 3, '293-S KBS-HNS': 2, 'HALM-SBS-BMES': 1, 'SVM-SBS-BMES': 1, '301-A': 12, 'AMRY-2': 4}"
Cox Town,12.99629380,77.62153345,150,29159191,"{'BTML-KMHCB': 1, 'ITPL-6K': 3, '250-AA': 10, '126-A': 33, 'TR-7': 9, '171-H MLO-KKSD': 1, 'D10G-JVH': 2, '248-T': 13, 'JVH-KRPGH': 1, '500-KK': 22, 'MBS-8': 31, 'SJHS-4A': 2, 'MBS-8E KLN-DML': 3, 'MBS-8E': 10, 'ITPL-2A': 2, 'BELGS-46': 2, 'D24-TNF-WTP': 1, 'WTP-JVH-KRP': 1, 'BEML-CTC': 1, 'VCS-MEBP-12 BSK-MEBP': 1, 'HNR-Ernst Young B': 1}"
Devis Road,13.00327455,77.61898018,932,29159191,"{'SBS-D10G': 31, '295-D': 21, '293-P': 12, '296-V': 13, 'G-11': 35, '296-C': 18, 'KLN-LGP-SBS': 14, '292-E': 12, 'D10G-SBS': 6, '292-C': 30, '401-M NLO-CLO': 1, 'KBS-HNR-CHLS': 3, 'MGMS-KLN': 2, '292-D': 17, '293-H': 19, '292-B': 12, '293-A': 16, '294-F': 9, '294-B': 0, '294-E': 18, '294-H': 26, 'KBS-KLN': 6, '295-A': 14, '296-N': 17, '293-R': 13, '293-S': 32, '293-K': 13, '296-A': 17, '296-B': 19, '296-D': 26, '296-K': 4, '293-F': 11, 'SBS-HNS': 3, '293-J': 11, 'SBS-RYL': 2, '327-D': 5, '295-C': 34, '295-E': 12, '295-B': 15, '295-G': 17, '294-A': 11, '293-B': 11, '294-C SBS-JTN': 32, 'SBS-CHLS': 2, '296-T': 17, 'KBS-LGP-CHLS': 1, 'SGH-SBS': 2, 'KMT-BLS-YPB': 1, 'BMESU-HBL': 4, '348-H': 12, 'KMT-CHLS': 0, 'KLNB-LGP-BSK': 3, '293-N': 15, '296-Q': 23, '293-C OASIS-KMT': 1, 'KBS-BDSN': 4, 'SJHS-LGP-HBL': 3, '296-F': 10, 'KLNB-LGP-KBS': 2, 'MF-4': 15, '293-C': 32, '293-D': 12, '293-M': 11, '296-M': 6, '293-L': 11, 'OASIS-4A': 3, 'OASIS-4B': 2, 'OASIS-2A': 2, 'BMT10-NRG': 1, 'SMHS-1': 6, 'HMNL-SJHS': 1, 'BMES-SBS': 3, 'KLNB-LGP-SBSP': 1, 'KLNB-LGP-SSMT': 1, 'ADT-9': 4, 'SBS-SMHSL': 3, '293 KBS-SMHS': 2, 'BMES-5': 3, 'BCGHS-9': 2, 'BCGHS-18': 2, 'VNS-03': 3, '293-E': 10, 'OASIS-2B': 2, '295-D SBS-BMT10': 1, 'CHLS-09': 3, 'GDWC-BGL': 1, '293 SBS-HMN': 7, '293 SBS-LGP-KLN': 4, '293F KMT-BMT48': 6, '293S KBS-BMT48': 6, '293 BMT10-ARMY': 2, '294-C BMT48-MGMS': 1, 'G11-BMT48-MGMS': 2, '294-D': 12, '500-A CSB-SJHSU': 3, '293-S KBS-HNS': 2, 'ARMY-4': 2, 'HALM-SBS-BMES': 1, 'SVM-SBS-BMES': 1}"
East Railway Station,13.00024247,77.61721795,0,29159191,{}
ITC Factory Banasawadi,12.99861491,77.62196905,65,29159191,"{'D10G-KMH-SBS': 2, 'D10G-SBS': 6, 'MBS-8E KLN-DML': 3, 'K-6': 41, 'MBS-8E': 10, '302 BMT10-SBS': 2, '300-H  ITICG-KBS': 1, '290-E ITCF-YHKOT': 0}"
Mosque Road,13.00031693,77.61607925,530,29159191,"{'300-E': 55, '302-C': 11, '302-J': 29, '300-B': 29, '302-GA': 19, '303-F': 21, '300-T': 11, 'KBS-BSP-HMA': 1, 'SBS-BSP-HMA': 3, 'D10G-KMH-SBS': 2, '300-D': 37, '300-E SBS-KTMLRG': 2, '302-N': 38, '276-AB BMT45-DBH': 1, '300-F': 17, '302-F': 39, 'SJHS-LGP-HBL': 3, '303-E': 32, '302-B': 40, '302-E': 14, 'OASIS-4A': 3, 'OASIS-2A': 2, 'KBS-SDSH': 1, 'SOPHIYA-15': 2, 'SBS-SVPSH': 1, 'SBS-SVPSL': 2, 'SHS-10': 2, 'BMES-5': 3, 'BCGHS-18': 2, 'STJOHN-5': 2, 'CALLBUS-05': 1, 'BELGS-46': 2, 'KBS-SVPSB': 1, '302-A': 20, 'VCS-MEBP-12 BSK-MEBP': 1, '330 SBS-ABISRO': 2, '301-G': 17, '303-G': 29, '302-G': 19, 'D10G-BMES': 1, '300-H  ITICG-KBS': 1, '301-A': 12}"
Clarence School,13.00226912,77.61665130,1946,29159201,"{'327-C': 14, '301-E': 39, '300-E': 55, '300-D': 37, '300-H': 48, 'SBS-D10G': 31, '295-D': 21, 'KBS-D10G': 8, '302-C': 11, '293-P': 12, '296-V': 13, 'D10G-MRG': 2, 'G-11': 35, '296-C': 18, 'KLN-LGP-SBS': 14, '292-E': 12, 'D10G-SBS': 6, '292-C': 30, '401-M NLO-CLO': 1, '302-J': 29, '300-B': 29, 'KBS-HNR-CHLS': 3, '302-GA': 19, '303-F': 21, 'MGMS-KLN': 2, '292-D': 17, '293-H': 19, '292-B': 12, '293-A': 16, '79-K': 13, 'SBS-KLN': 27, '294-F': 9, '294-B': 0, '300-DA': 15, '294-E': 18, '294-H': 26, 'KBS-KLN': 6, '295-A': 14, '296-N': 17, '293-R': 13, '293-S': 32, '300-T': 11, '293-K': 13, '296-A': 17, '296-B': 19, '296-D': 26, '296-K': 4, '293-F': 11, 'SBS-HNS': 3, '293-J': 11, 'SBS-RYL': 2, '327-D': 5, '295-C': 34, '300-A': 14, '295-E': 12, '295-B': 15, '295-G': 17, 'KBS-BSP-HMA': 1, 'SBS-BSP-HMA': 3, '294-A': 11, '293-B': 11, '294-C SBS-JTN': 32, 'SBS-CHLS': 2, '296-T': 17, 'KBS-LGP-CHLS': 1, 'SGH-SBS': 2, 'G-11 SNBS-BLR': 1, '301-F': 6, '300-P': 46, '300-E SBS-KTMLRG': 2, 'KMT-BLS-YPB': 1, '300-C': 19, 'SBS-BPS-KLK': 2, 'VSD-BSP-KLK': 1, '293-G': 30, '215-NB': 12, 'D10G-SOPHIA': 1, 'BMESU-HBL': 4, '242-GA KBS-EWC': 2, '302-D': 35, '300-K': 13, '348-H': 12, '302-N': 38, 'KMT-CHLS': 0, 'KLNB-LGP-BSK': 3, '276-AB BMT45-DBH': 1, '293-N': 15, '300-F': 17, '296-Q': 23, '302 SBS-KLN': 3, '80-F': 35, '302 VSD-KLN': 4, '293-C OASIS-KMT': 1, 'KBS-BDSN': 4, '302-F': 39, 'SJHS-LGP-HBL': 3, '296-F': 10, 'KLNB-LGP-KBS': 2, 'MF-4': 15, '303-E': 32, '302-B': 40, '293-C': 32, '302-E': 14, '303-C': 24, '293-D': 12, '293-M': 11, '296-M': 6, '293-L': 11, '314-N': 26, 'BMT10-NRG': 1, 'KBS-SDSH': 1, 'HMNL-SJHS': 1, 'BMES-SBS': 3, 'KLNB-LGP-SBSP': 1, 'KLNB-LGP-SSMT': 1, 'SBS-SVPSH': 1, 'SBS-SMHSL': 3, '293 KBS-SMHS': 2, 'SBS-SVPSL': 2, 'SOPHIYA-1': 2, '296 SBS-BMESL': 1, 'BCGHS-18': 2, 'VNS-03': 3, '302 BMT10-SBS': 2, '293-E': 10, 'OASIS-2B': 2, 'D24-TNF-WTP': 1, 'KBS-SVPSB': 1, '295-D SBS-BMT10': 1, '302-A': 20, 'GDWC-BGL': 1, '129 KBS-BNWRS': 1, '293 SBS-HMN': 7, '293 SBS-LGP-KLN': 4, '330 SBS-ABISRO': 2, '301-D': 18, '301-G': 17, '303-G': 29, '302-G': 19, '293G SBS-BMT48': 16, '293F KMT-BMT48': 6, '293S KBS-BMT48': 6, 'ARMY-3': 3, 'D10G-BMES': 1, '293 BMT10-ARMY': 2, '295-KMT-D48': 2, '300-H  KBS-ITICG': 3, '294-C BMT48-MGMS': 1, 'CRISTAL-3': 1, 'G11-BMT48-MGMS': 2, '294-D': 12, '290-E ITCF-YHKOT': 0, '500-A CSB-SJHSU': 3, '293-S KBS-HNS': 2, 'HALM-SBS-BMES': 1, 'SVM-SBS-BMES': 1, '301-A': 12, 'AMRY-2': 4}"
Coles Road,12.99632578,77.61236246,1517,29159201,"{'250-AA': 10, 'SBS-BTM-MDL': 1, '161-D': 24, '301-E': 39, '365-D': 26, '365-B': 6, '365-E': 17, 'KBS-BDC-D34G': 11, '300-E': 55, '300-D': 37, 'BCS-BMSITY': 1, 'KBS-RMS': 2, 'MGRM-BNP': 2, '370-B': 6, 'V-365': 26, 'V-365J': 21, '368-D': 11, '369-F': 11, '369-G': 10, '300-H': 48, '302-C': 11, 'MYH-UBL': 1, 'TTC-UBL': 1, '369-E': 36, '302-J': 29, '300-B': 29, '302-GA': 19, '303-F': 21, '79-K': 13, '300-DA': 15, '300-T': 11, '300-A': 14, 'KBS-BSP-HMA': 1, 'SBS-BSP-HMA': 3, '365-F': 4, '365-N': 19, '365-Q': 16, '365-S': 6, '366-L': 10, '366-N': 16, '366-Q': 15, '366-QA': 8, '366-T': 12, '366-W': 13, '366-Z': 20, '366-F': 12, '366-KA': 8, '368-C': 6, 'KGR-BEML5': 21, '372-F': 9, '372-A': 7, '372-B': 9, '372-E': 7, '372-J': 7, '301-F': 6, 'SBS-JNN': 3, '300-P': 46, '365-J': 44, 'D10G-KMH-SBS': 2, '300-E SBS-KTMLRG': 2, '366-R': 14, 'KBS-CNP': 2, 'SBS-JDVH': 1, '300-C': 19, 'SBS-BPS-KLK': 2, 'VSD-BSP-KLK': 1, 'BGR-JAPC': 5, 'KBS-BMD-DCH': 3, 'C-365': 17, '300-K': 13, 'SBS-DVC': 4, '375-GA': 5, '370-A': 10, 'KBS-UJND': 3, '370-E': 6, '302-N': 38, '369-K': 12, '367-B': 10, 'KBS-SSPL': 1, '276-AB BMT45-DBH': 1, '300-F': 17, 'G-4': 35, '302-F': 39, '366-ZA': 5, '303-E': 32, '302-B': 40, '302-E': 14, '303-C': 24, '372-M': 11, '372-MA': 9, 'KBS-SDSH': 1, 'SBS-SVPSH': 1, 'SBS-SVPSL': 2, 'KBS-GTG-BVH-KGP': 1, 'KBS-SVPSB': 1, '302-A': 20, '330 SBS-ABISRO': 2, '301-D': 18, '301-G': 17, '303-G': 29, '302-G': 19, '300-H  ITICG-KBS': 1, '300-H  KBS-ITICG': 3, '301-A': 12, '369-D': 31, '371-D': 9, '369-J': 12, '371-A': 8, 'AMRY-2': 4}"
Cox Town,12.99629380,77.62153345,150,29159201,"{'BTML-KMHCB': 1, 'ITPL-6K': 3, '250-AA': 10, '126-A': 33, 'TR-7': 9, '171-H MLO-KKSD': 1, 'D10G-JVH': 2, '248-T': 13, 'JVH-KRPGH': 1, '500-KK': 22, 'MBS-8': 31, 'SJHS-4A': 2, 'MBS-8E KLN-DML': 3, 'MBS-8E': 10, 'ITPL-2A': 2, 'BELGS-46': 2, 'D24-TNF-WTP': 1, 'WTP-JVH-KRP': 1, 'BEML-CTC': 1, 'VCS-MEBP-12 BSK-MEBP': 1, 'HNR-Ernst Young B': 1}"
CS-Imra Masjid Sunders Road,12.99600127,77.61135131,2,29159201,{'OASIS-1A': 2}
Devis Road,13.00327455,77.61898018,932,29159201,"{'SBS-D10G': 31, '295-D': 21, '293-P': 12, '296-V': 13, 'G-11': 35, '296-C': 18, 'KLN-LGP-SBS': 14, '292-E': 12, 'D10G-SBS': 6, '292-C': 30, '401-M NLO-CLO': 1, 'KBS-HNR-CHLS': 3, 'MGMS-KLN': 2, '292-D': 17, '293-H': 19, '292-B': 12, '293-A': 16, '294-F': 9, '294-B': 0, '294-E': 18, '294-H': 26, 'KBS-KLN': 6, '295-A': 14, '296-N': 17, '293-R': 13, '293-S': 32, '293-K': 13, '296-A': 17, '296-B': 19, '296-D': 26, '296-K': 4, '293-F': 11, 'SBS-HNS': 3, '293-J': 11, 'SBS-RYL': 2, '327-D': 5, '295-C': 34, '295-E': 12, '295-B': 15, '295-G': 17, '294-A': 11, '293-B': 11, '294-C SBS-JTN': 32, 'SBS-CHLS': 2, '296-T': 17, 'KBS-LGP-CHLS': 1, 'SGH-SBS': 2, 'KMT-BLS-YPB': 1, 'BMESU-HBL': 4, '348-H': 12, 'KMT-CHLS': 0, 'KLNB-LGP-BSK': 3, '293-N': 15, '296-Q': 23, '293-C OASIS-KMT': 1, 'KBS-BDSN': 4, 'SJHS-LGP-HBL': 3, '296-F': 10, 'KLNB-LGP-KBS': 2, 'MF-4': 15, '293-C': 32, '293-D': 12, '293-M': 11, '296-M': 6, '293-L': 11, 'OASIS-4A': 3, 'OASIS-4B': 2, 'OASIS-2A': 2, 'BMT10-NRG': 1, 'SMHS-1': 6, 'HMNL-SJHS': 1, 'BMES-SBS': 3, 'KLNB-LGP-SBSP': 1, 'KLNB-LGP-SSMT': 1, 'ADT-9': 4, 'SBS-SMHSL': 3, '293 KBS-SMHS': 2, 'BMES-5': 3, 'BCGHS-9': 2, 'BCGHS-18': 2, 'VNS-03': 3, '293-E': 10, 'OASIS-2B': 2, '295-D SBS-BMT10': 1, 'CHLS-09': 3, 'GDWC-BGL': 1, '293 SBS-HMN': 7, '293 SBS-LGP-KLN': 4, '293F KMT-BMT48': 6, '293S KBS-BMT48': 6, '293 BMT10-ARMY': 2, '294-C BMT48-MGMS': 1, 'G11-BMT48-MGMS': 2, '294-D': 12, '500-A CSB-SJHSU': 3, '293-S KBS-HNS': 2, 'ARMY-4': 2, 'HALM-SBS-BMES': 1, 'SVM-SBS-BMES': 1}"
East Railway Station,13.00024247,77.61721795,0,29159201,{}
Frazer Town,13.00095911,77.61294625,1227,29159201,"{'327-C': 14, 'NGW-DPJN': 6, 'SBS-D10G': 31, '295-D': 21, 'KBS-D10G': 8, '293-P': 12, '296-V': 13, 'D10G-MRG': 2, '290-D': 19, 'G-11': 35, '296-C': 18, 'KLN-LGP-SBS': 14, '292-E': 12, 'D10G-SBS': 6, '292-C': 30, '401-M NLO-CLO': 1, '291-J': 26, 'MGMS-KLN': 2, '292-D': 17, '293-H': 19, '290-J': 0, '292-B': 12, '293-A': 16, 'SBS-KLN': 27, '290-J MSP-SBS': 0, '294-F': 9, '294-B': 0, '294-E': 18, '294-H': 26, '295-A': 14, '296-N': 17, '293-R': 13, '293-S': 32, '293-K': 13, '296-A': 17, '296-B': 19, '296-D': 26, '296-K': 4, '293-F': 11, 'SBS-HNS': 3, '293-J': 11, 'SBS-RYL': 2, '327-D': 5, '295-C': 34, '295-E': 12, '295-B': 15, '295-G': 17, '294-A': 11, '293-B': 11, '294-C SBS-JTN': 32, 'SBS-CHLS': 2, '296-T': 17, 'KBS-LGP-CHLS': 1, 'SGH-SBS': 2, 'G-11 SNBS-BLR': 1, 'D10G-NGVR-JJN': 1, 'KMT-BLS-YPB': 1, '293-G': 30, '215-NB': 12, 'D10G-SOPHIA': 1, 'BMESU-HBL': 4, '302-D': 35, 'KLNB-BKC': 1, '348-H': 12, 'PTH-SBS1': 4, 'KMT-CHLS': 0, 'KLNB-LGP-BSK': 3, '293-N': 15, '296-Q': 23, '302 SBS-KLN': 3, '80-F': 35, '302 VSD-KLN': 4, '293-C OASIS-KMT': 1, '296-F': 10, 'KLNB-LGP-KBS': 2, '293-C': 32, '293-D': 12, '293-M': 11, '293-L': 11, 'JGF-2': 3, 'KLN-JJN': 1, '314-N': 26, 'K-6': 41, 'MSP-ARMYK': 1, 'HMNL-SJHS': 1, 'BMES-SBS': 3, 'KLNB-LGP-SBSP': 1, 'KLNB-LGP-SSMT': 1, 'ITPL-2A': 2, 'SBS-SMHSL': 3, '293 KBS-SMHS': 2, 'SHS-10': 2, '296 SBS-BMESL': 1, 'BCGHS-9': 2, 'VNS-03': 3, 'SJHS-9': 1, '302 BMT10-SBS': 2, 'BELGS-46': 2, 'BTP-27A': 2, '293-E': 10, 'OASIS-2B': 2, 'WTP-JVH-KRP': 1, '295-D SBS-BMT10': 1, '290-F': 0, 'TR-4 NGV-MRBS': 2, 'GDWC-BGL': 1, '129 KBS-BNWRS': 1, 'MBS-2': 17, '293 SBS-HMN': 7, '293 SBS-LGP-KLN': 4, 'VCS-ORRCA-112 ULSL-ORRCA': 2, '293G SBS-BMT48': 16, '293F KMT-BMT48': 6, '293S KBS-BMT48': 6, 'D10G-BMES': 1, 'MBS2 PTH-MRHSPG': 1, '293 BMT10-ARMY': 2, '295-KMT-D48': 2, '294-C BMT48-MGMS': 1, 'CRISTAL-3': 1, 'G11-BMT48-MGMS': 2, '294-D': 12, '293-S KBS-HNS': 2, 'HALM-SBS-BMES': 1, 'SVM-SBS-BMES': 1}"
HP Petrol Bunk Coles Road,12.99663178,77.61175163,7,29159201,"{'SJHS-LGP-HBL': 3, 'ADT-9': 4}"
ITC Factory Banasawadi,12.99861491,77.62196905,65,29159201,"{'D10G-KMH-SBS': 2, 'D10G-SBS': 6, 'MBS-8E KLN-DML': 3, 'K-6': 41, 'MBS-8E': 10, '302 BMT10-SBS': 2, '300-H  ITICG-KBS': 1, '290-E ITCF-YHKOT': 0}"
Mosque Road,13.00031693,77.61607925,530,29159201,"{'300-E': 55, '302-C': 11, '302-J': 29, '300-B': 29, '302-GA': 19, '303-F': 21, '300-T': 11, 'KBS-BSP-HMA': 1, 'SBS-BSP-HMA': 3, 'D10G-KMH-SBS': 2, '300-D': 37, '300-E SBS-KTMLRG': 2, '302-N': 38, '276-AB BMT45-DBH': 1, '300-F': 17, '302-F': 39, 'SJHS-LGP-HBL': 3, '303-E': 32, '302-B': 40, '302-E': 14, 'OASIS-4A': 3, 'OASIS-2A': 2, 'KBS-SDSH': 1, 'SOPHIYA-15': 2, 'SBS-SVPSH': 1, 'SBS-SVPSL': 2, 'SHS-10': 2, 'BMES-5': 3, 'BCGHS-18': 2, 'STJOHN-5': 2, 'CALLBUS-05': 1, 'BELGS-46': 2, 'KBS-SVPSB': 1, '302-A': 20, 'VCS-MEBP-12 BSK-MEBP': 1, '330 SBS-ABISRO': 2, '301-G': 17, '303-G': 29, '302-G': 19, 'D10G-BMES': 1, '300-H  ITICG-KBS': 1, '301-A': 12}"
Sindhi Colony,12.99556417,77.61664061,67,29159201,"{'250-AA': 10, '126-A': 33, 'TR-7': 9, '171-H MLO-KKSD': 1, '248-T': 13, '302 ARMYS-KLNB': 1}"
Clarence School,13.00226912,77.61665130,1946,29159203,"{'327-C': 14, '301-E': 39, '300-E': 55, '300-D': 37, '300-H': 48, 'SBS-D10G': 31, '295-D': 21, 'KBS-D10G': 8, '302-C': 11, '293-P': 12, '296-V': 13, 'D10G-MRG': 2, 'G-11': 35, '296-C': 18, 'KLN-LGP-SBS': 14, '292-E': 12, 'D10G-SBS': 6, '292-C': 30, '401-M NLO-CLO': 1, '302-J': 29, '300-B': 29, 'KBS-HNR-CHLS': 3, '302-GA': 19, '303-F': 21, 'MGMS-KLN': 2, '292-D': 17, '293-H': 19, '292-B': 12, '293-A': 16, '79-K': 13, 'SBS-KLN': 27, '294-F': 9, '294-B': 0, '300-DA': 15, '294-E': 18, '294-H': 26, 'KBS-KLN': 6, '295-A': 14, '296-N': 17, '293-R': 13, '293-S': 32, '300-T': 11, '293-K': 13, '296-A': 17, '296-B': 19, '296-D': 26, '296-K': 4, '293-F': 11, 'SBS-HNS': 3, '293-J': 11, 'SBS-RYL': 2, '327-D': 5, '295-C': 34, '300-A': 14, '295-E': 12, '295-B': 15, '295-G': 17, 'KBS-BSP-HMA': 1, 'SBS-BSP-HMA': 3, '294-A': 11, '293-B': 11, '294-C SBS-JTN': 32, 'SBS-CHLS': 2, '296-T': 17, 'KBS-LGP-CHLS': 1, 'SGH-SBS': 2, 'G-11 SNBS-BLR': 1, '301-F': 6, '300-P': 46, '300-E SBS-KTMLRG': 2, 'KMT-BLS-YPB': 1, '300-C': 19, 'SBS-BPS-KLK': 2, 'VSD-BSP-KLK': 1, '293-G': 30, '215-NB': 12, 'D10G-SOPHIA': 1, 'BMESU-HBL': 4, '242-GA KBS-EWC': 2, '302-D': 35, '300-K': 13, '348-H': 12, '302-N': 38, 'KMT-CHLS': 0, 'KLNB-LGP-BSK': 3, '276-AB BMT45-DBH': 1, '293-N': 15, '300-F': 17, '296-Q': 23, '302 SBS-KLN': 3, '80-F': 35, '302 VSD-KLN': 4, '293-C OASIS-KMT': 1, 'KBS-BDSN': 4, '302-F': 39, 'SJHS-LGP-HBL': 3, '296-F': 10, 'KLNB-LGP-KBS': 2, 'MF-4': 15, '303-E': 32, '302-B': 40, '293-C': 32, '302-E': 14, '303-C': 24, '293-D': 12, '293-M': 11, '296-M': 6, '293-L': 11, '314-N': 26, 'BMT10-NRG': 1, 'KBS-SDSH': 1, 'HMNL-SJHS': 1, 'BMES-SBS': 3, 'KLNB-LGP-SBSP': 1, 'KLNB-LGP-SSMT': 1, 'SBS-SVPSH': 1, 'SBS-SMHSL': 3, '293 KBS-SMHS': 2, 'SBS-SVPSL': 2, 'SOPHIYA-1': 2, '296 SBS-BMESL': 1, 'BCGHS-18': 2, 'VNS-03': 3, '302 BMT10-SBS': 2, '293-E': 10, 'OASIS-2B': 2, 'D24-TNF-WTP': 1, 'KBS-SVPSB': 1, '295-D SBS-BMT10': 1, '302-A': 20, 'GDWC-BGL': 1, '129 KBS-BNWRS': 1, '293 SBS-HMN': 7, '293 SBS-LGP-KLN': 4, '330 SBS-ABISRO': 2, '301-D': 18, '301-G': 17, '303-G': 29, '302-G': 19, '293G SBS-BMT48': 16, '293F KMT-BMT48': 6, '293S KBS-BMT48': 6, 'ARMY-3': 3, 'D10G-BMES': 1, '293 BMT10-ARMY': 2, '295-KMT-D48': 2, '300-H  KBS-ITICG': 3, '294-C BMT48-MGMS': 1, 'CRISTAL-3': 1, 'G11-BMT48-MGMS': 2, '294-D': 12, '290-E ITCF-YHKOT': 0, '500-A CSB-SJHSU': 3, '293-S KBS-HNS': 2, 'HALM-SBS-BMES': 1, 'SVM-SBS-BMES': 1, '301-A': 12, 'AMRY-2': 4}"
Cox Town,12.99629380,77.62153345,150,29159203,"{'BTML-KMHCB': 1, 'ITPL-6K': 3, '250-AA': 10, '126-A': 33, 'TR-7': 9, '171-H MLO-KKSD': 1, 'D10G-JVH': 2, '248-T': 13, 'JVH-KRPGH': 1, '500-KK': 22, 'MBS-8': 31, 'SJHS-4A': 2, 'MBS-8E KLN-DML': 3, 'MBS-8E': 10, 'ITPL-2A': 2, 'BELGS-46': 2, 'D24-TNF-WTP': 1, 'WTP-JVH-KRP': 1, 'BEML-CTC': 1, 'VCS-MEBP-12 BSK-MEBP': 1, 'HNR-Ernst Young B': 1}"
Devis Road,13.00327455,77.61898018,932,29159203,"{'SBS-D10G': 31, '295-D': 21, '293-P': 12, '296-V': 13, 'G-11': 35, '296-C': 18, 'KLN-LGP-SBS': 14, '292-E': 12, 'D10G-SBS': 6, '292-C': 30, '401-M NLO-CLO': 1, 'KBS-HNR-CHLS': 3, 'MGMS-KLN': 2, '292-D': 17, '293-H': 19, '292-B': 12, '293-A': 16, '294-F': 9, '294-B': 0, '294-E': 18, '294-H': 26, 'KBS-KLN': 6, '295-A': 14, '296-N': 17, '293-R': 13, '293-S': 32, '293-K': 13, '296-A': 17, '296-B': 19, '296-D': 26, '296-K': 4, '293-F': 11, 'SBS-HNS': 3, '293-J': 11, 'SBS-RYL': 2, '327-D': 5, '295-C': 34, '295-E': 12, '295-B': 15, '295-G': 17, '294-A': 11, '293-B': 11, '294-C SBS-JTN': 32, 'SBS-CHLS': 2, '296-T': 17, 'KBS-LGP-CHLS': 1, 'SGH-SBS': 2, 'KMT-BLS-YPB': 1, 'BMESU-HBL': 4, '348-H': 12, 'KMT-CHLS': 0, 'KLNB-LGP-BSK': 3, '293-N': 15, '296-Q': 23, '293-C OASIS-KMT': 1, 'KBS-BDSN': 4, 'SJHS-LGP-HBL': 3, '296-F': 10, 'KLNB-LGP-KBS': 2, 'MF-4': 15, '293-C': 32, '293-D': 12, '293-M': 11, '296-M': 6, '293-L': 11, 'OASIS-4A': 3, 'OASIS-4B': 2, 'OASIS-2A': 2, 'BMT10-NRG': 1, 'SMHS-1': 6, 'HMNL-SJHS': 1, 'BMES-SBS': 3, 'KLNB-LGP-SBSP': 1, 'KLNB-LGP-SSMT': 1, 'ADT-9': 4, 'SBS-SMHSL': 3, '293 KBS-SMHS': 2, 'BMES-5': 3, 'BCGHS-9': 2, 'BCGHS-18': 2, 'VNS-03': 3, '293-E': 10, 'OASIS-2B': 2, '295-D SBS-BMT10': 1, 'CHLS-09': 3, 'GDWC-BGL': 1, '293 SBS-HMN': 7, '293 SBS-LGP-KLN': 4, '293F KMT-BMT48': 6, '293S KBS-BMT48': 6, '293 BMT10-ARMY': 2, '294-C BMT48-MGMS': 1, 'G11-BMT48-MGMS': 2, '294-D': 12, '500-A CSB-SJHSU': 3, '293-S KBS-HNS': 2, 'ARMY-4': 2, 'HALM-SBS-BMES': 1, 'SVM-SBS-BMES': 1}"
East Railway Station,13.00024247,77.61721795,0,29159203,{}
ITC Factory Banasawadi,12.99861491,77.62196905,65,29159203,"{'D10G-KMH-SBS': 2, 'D10G-SBS': 6, 'MBS-8E KLN-DML': 3, 'K-6': 41, 'MBS-8E': 10, '302 BMT10-SBS': 2, '300-H  ITICG-KBS': 1, '290-E ITCF-YHKOT': 0}"
Mosque Road,13.00031693,77.61607925,530,29159203,"{'300-E': 55, '302-C': 11, '302-J': 29, '300-B': 29, '302-GA': 19, '303-F': 21, '300-T': 11, 'KBS-BSP-HMA': 1, 'SBS-BSP-HMA': 3, 'D10G-KMH-SBS': 2, '300-D': 37, '300-E SBS-KTMLRG': 2, '302-N': 38, '276-AB BMT45-DBH': 1, '300-F': 17, '302-F': 39, 'SJHS-LGP-HBL': 3, '303-E': 32, '302-B': 40, '302-E': 14, 'OASIS-4A': 3, 'OASIS-2A': 2, 'KBS-SDSH': 1, 'SOPHIYA-15': 2, 'SBS-SVPSH': 1, 'SBS-SVPSL': 2, 'SHS-10': 2, 'BMES-5': 3, 'BCGHS-18': 2, 'STJOHN-5': 2, 'CALLBUS-05': 1, 'BELGS-46': 2, 'KBS-SVPSB': 1, '302-A': 20, 'VCS-MEBP-12 BSK-MEBP': 1, '330 SBS-ABISRO': 2, '301-G': 17, '303-G': 29, '302-G': 19, 'D10G-BMES': 1, '300-H  ITICG-KBS': 1, '301-A': 12}"
Sindhi Colony,12.99556417,77.61664061,67,29159203,"{'250-AA': 10, '126-A': 33, 'TR-7': 9, '171-H MLO-KKSD': 1, '248-T': 13, '302 ARMYS-KLNB': 1}"
Cox Town,12.99629380,77.62153345,150,29159220,"{'BTML-KMHCB': 1, 'ITPL-6K': 3, '250-AA': 10, '126-A': 33, 'TR-7': 9, '171-H MLO-KKSD': 1, 'D10G-JVH': 2, '248-T': 13, 'JVH-KRPGH': 1, '500-KK': 22, 'MBS-8': 31, 'SJHS-4A': 2, 'MBS-8E KLN-DML': 3, 'MBS-8E': 10, 'ITPL-2A': 2, 'BELGS-46': 2, 'D24-TNF-WTP': 1, 'WTP-JVH-KRP': 1, 'BEML-CTC': 1, 'VCS-MEBP-12 BSK-MEBP': 1, 'HNR-Ernst Young B': 1}"
Lake Side Hospital,12.98850204,77.61746024,7,29159220,"{'302 VSD-KLN': 4, 'LTU-IND-BSK': 1, 'MRHB-STJHS': 2}"
Lavanya Talkies,12.98601225,77.61551410,82,29159220,"{'126-A': 33, 'TR-7': 9, '171-H MLO-KKSD': 1, '248-T': 13, '197 JBN-CLP-STP': 2, 'MF-4': 15, 'LTU-IND-BSK': 1, 'BELGS-20': 2, '290-QA NRG-RKHN': 1, 'OASIS-1A': 2, 'BGHS-6': 2, 'D10G-BMES': 1}"
MEG Centre,12.98736283,77.62262061,21,29159220,"{'LTU-IND-BSK': 1, 'MRHB-STJHS': 2, 'KIAS-4': 9, 'KIAS-4A': 9}"
Shivanachetty Garden,12.98973271,77.61544035,6,29159220,"{'171-H MLO-KKSD': 1, '302 VSD-KLN': 4, 'D10G-BMES': 1}"
Sindhi Colony,12.99556417,77.61664061,67,29159220,"{'250-AA': 10, '126-A': 33, 'TR-7': 9, '171-H MLO-KKSD': 1, '248-T': 13, '302 ARMYS-KLNB': 1}"
St Johns School Thamos Cafe,12.99164776,77.61149079,7,29159220,"{'STJHS-HBLB': 2, 'MRHB-STJHS': 2, '290-E STJHS-YLKOT': 0, '500-A CSB-SJHSU': 3}"
Thomas Bakery,12.99115299,77.61423039,60,29159220,"{'126-A': 33, 'TR-7': 9, '171-H MLO-KKSD': 1, '302 VSD-KLN': 4, '248-T': 13}"
Thomas Cafe,12.99069319,77.61358827,24,29159220,"{'BMESU-HBL': 4, 'CAPGPS-7': 2, 'AMRY-2': 4, 'MSP-ARMYK': 1, 'SOPHIY-8': 2, 'BMES-5': 3, 'BCGHS-18': 2, 'BGHS-6': 2, 'MRHB-STJHS': 2, 'VCS-JFWTC-12 DPT-JFWTC': 1, 'D10G-BMES': 1}"
Hilalnagara Cross HBR Layout,13.02151040,77.62218744,1,29159044,{'D10G-DAME': 1}
Kadugondanahalli Police Station,13.02070393,77.61894458,751,29159044,"{'SBS-AMC': 0, '290-EA': 0, '290-E SBS-PTH': 0, '291-N': 16, 'TR-4': 46, '290-EB YHK-KGR': 0, '290-EB KGR-YHK': 0, 'NGW-DPJN': 6, '253-A': 12, '290-M': 8, 'DPJN-JJN-NGW': 4, '290-D': 19, '290-A': 28, '290-H': 0, 'D10G-HBR2': 1, '291-J': 26, '290-J': 0, '290-RA': 5, '290-R': 13, '290-J MSP-SBS': 0, '290-EB': 0, '290-QA': 18, '291-G': 20, '290-G': 0, '290-Q': 14, 'D10G-NGVR-JJN': 1, 'TR-4A': 10, '290-T': 11, '290-S': 13, '290-HA': 0, 'KLNB-BKC': 1, 'SBS-SDH': 2, 'PTH-SBS1': 4, '291-D': 22, '291-L': 3, '290-Z': 4, '290-P': 24, 'MBS-14': 10, 'SBS-JKR-ALSG-PTH': 1, 'CLO-RKH': 5, '291-K': 7, '291-A': 11, '291-E': 16, 'G-10': 0, '290 KBS-YLKOT': 2, '290-EY': 0, '291-R': 15, 'KLN-JJN': 1, '290-QA NRG-RKHN': 1, 'MSP-ARMYK': 1, '291-H': 21, '291-B': 2, 'OASIS-6B': 2, '290-E STJHS-YLKOT': 0, 'KBS-NGVRJ-VNS': 1, 'BEMLC-19': 3, 'BEMLB-22': 4, 'BELGS-46': 2, 'ITI-02': 2, '63 SBS-DPJN': 1, '290-F': 0, '290-N': 40, '317-K': 0, '241-CD': 11, 'TR-4 NGV-MRBS': 2, 'TR-4 KMT-NGV': 1, '290-C': 63, 'MBS-2': 17, '290EY KMT-YHKOT': 0, 'MBS2 PTH-MRHSPG': 1, 'CRISTAL-3': 1, '290-E SBS-NGW-KLN': 0, '290-E ITCF-YHKOT': 0, 'V-SBS-KNB': 1, '290-E': 52, 'PTH-SBS': 3, 'BSK-KRP-ITI': 1, '348-F': 14, 'BMSIT-3': 1, '213-D': 6, 'SBS-RJP': 2, 'SBS-HTN': 1, '348-M': 15, '375-D': 80}"
Venkateshapura Kadugondanahalli Police Station,13.01512125,77.61731724,536,29159044,"{'SBS-AMC': 0, '290-EA': 0, '290-E SBS-PTH': 0, '291-N': 16, 'TR-4': 46, '290-EB KGR-YHK': 0, '253-A': 12, '290-M': 8, 'DPJN-JJN-NGW': 4, '290-A': 28, '290-H': 0, '290-RA': 5, '290-R': 13, '290-EB': 0, '290-QA': 18, '290-G': 0, '290-Q': 14, 'TR-4A': 10, '290-T': 11, '290-HA': 0, 'SBS-SDH': 2, '291-D': 22, '291-L': 3, '290-Z': 4, '290-P': 24, 'MBS-14': 10, 'SBS-JKR-ALSG-PTH': 1, 'CLO-RKH': 5, '291-K': 7, '291-A': 11, '291-E': 16, 'G-10': 0, '290 KBS-YLKOT': 2, '290-EY': 0, '290-QA NRG-RKHN': 1, '291-H': 21, '290-E STJHS-YLKOT': 0, 'KBS-NGVRJ-VNS': 1, '290-N': 40, '317-K': 0, '241-CD': 11, 'TR-4 KMT-NGV': 1, '290-C': 63, '290EY KMT-YHKOT': 0, '290-E SBS-NGW-KLN': 0, '290-E ITCF-YHKOT': 0, 'V-SBS-KNB': 1, 'BSK-KRP-ITI': 1, '348-F': 14, 'BMSIT-3': 1, '213-D': 6, 'SBS-RJP': 2, 'SBS-HTN': 1, '375-D': 80}"
Ambedkar Medical College Shampura,13.02332136,77.61248589,80,29159046,"{'SBS-AMC': 0, 'RTNPS-ABC': 1, 'RTNPS-SMP': 1, '415-G': 18, '290-D': 19, '415-A': 2, '290-H': 0, 'D10G-HBR2': 1, '290-HA': 0, '300-V': 4, '291-E': 16, 'ITPL-2B': 2, 'D10G-DAME': 1, '348-M': 15}"
Kadugondanahalli Police Station,13.02070393,77.61894458,751,29159046,"{'SBS-AMC': 0, '290-EA': 0, '290-E SBS-PTH': 0, '291-N': 16, 'TR-4': 46, '290-EB YHK-KGR': 0, '290-EB KGR-YHK': 0, 'NGW-DPJN': 6, '253-A': 12, '290-M': 8, 'DPJN-JJN-NGW': 4, '290-D': 19, '290-A': 28, '290-H': 0, 'D10G-HBR2': 1, '291-J': 26, '290-J': 0, '290-RA': 5, '290-R': 13, '290-J MSP-SBS': 0, '290-EB': 0, '290-QA': 18, '291-G': 20, '290-G': 0, '290-Q': 14, 'D10G-NGVR-JJN': 1, 'TR-4A': 10, '290-T': 11, '290-S': 13, '290-HA': 0, 'KLNB-BKC': 1, 'SBS-SDH': 2, 'PTH-SBS1': 4, '291-D': 22, '291-L': 3, '290-Z': 4, '290-P': 24, 'MBS-14': 10, 'SBS-JKR-ALSG-PTH': 1, 'CLO-RKH': 5, '291-K': 7, '291-A': 11, '291-E': 16, 'G-10': 0, '290 KBS-YLKOT': 2, '290-EY': 0, '291-R': 15, 'KLN-JJN': 1, '290-QA NRG-RKHN': 1, 'MSP-ARMYK': 1, '291-H': 21, '291-B': 2, 'OASIS-6B': 2, '290-E STJHS-YLKOT': 0, 'KBS-NGVRJ-VNS': 1, 'BEMLC-19': 3, 'BEMLB-22': 4, 'BELGS-46': 2, 'ITI-02': 2, '63 SBS-DPJN': 1, '290-F': 0, '290-N': 40, '317-K': 0, '241-CD': 11, 'TR-4 NGV-MRBS': 2, 'TR-4 KMT-NGV': 1, '290-C': 63, 'MBS-2': 17, '290EY KMT-YHKOT': 0, 'MBS2 PTH-MRHSPG': 1, 'CRISTAL-3': 1, '290-E SBS-NGW-KLN': 0, '290-E ITCF-YHKOT': 0, 'V-SBS-KNB': 1, '290-E': 52, 'PTH-SBS': 3, 'BSK-KRP-ITI': 1, '348-F': 14, 'BMSIT-3': 1, '213-D': 6, 'SBS-RJP': 2, 'SBS-HTN': 1, '348-M': 15, '375-D': 80}"
Hilalnagara Cross HBR Layout,13.02151040,77.62218744,1,29159047,{'D10G-DAME': 1}
Kadugondanahalli Police Station,13.02070393,77.61894458,751,29159047,"{'SBS-AMC': 0, '290-EA': 0, '290-E SBS-PTH': 0, '291-N': 16, 'TR-4': 46, '290-EB YHK-KGR': 0, '290-EB KGR-YHK': 0, 'NGW-DPJN': 6, '253-A': 12, '290-M': 8, 'DPJN-JJN-NGW': 4, '290-D': 19, '290-A': 28, '290-H': 0, 'D10G-HBR2': 1, '291-J': 26, '290-J': 0, '290-RA': 5, '290-R': 13, '290-J MSP-SBS': 0, '290-EB': 0, '290-QA': 18, '291-G': 20, '290-G': 0, '290-Q': 14, 'D10G-NGVR-JJN': 1, 'TR-4A': 10, '290-T': 11, '290-S': 13, '290-HA': 0, 'KLNB-BKC': 1, 'SBS-SDH': 2, 'PTH-SBS1': 4, '291-D': 22, '291-L': 3, '290-Z': 4, '290-P': 24, 'MBS-14': 10, 'SBS-JKR-ALSG-PTH': 1, 'CLO-RKH': 5, '291-K': 7, '291-A': 11, '291-E': 16, 'G-10': 0, '290 KBS-YLKOT': 2, '290-EY': 0, '291-R': 15, 'KLN-JJN': 1, '290-QA NRG-RKHN': 1, 'MSP-ARMYK': 1, '291-H': 21, '291-B': 2, 'OASIS-6B': 2, '290-E STJHS-YLKOT': 0, 'KBS-NGVRJ-VNS': 1, 'BEMLC-19': 3, 'BEMLB-22': 4, 'BELGS-46': 2, 'ITI-02': 2, '63 SBS-DPJN': 1, '290-F': 0, '290-N': 40, '317-K': 0, '241-CD': 11, 'TR-4 NGV-MRBS': 2, 'TR-4 KMT-NGV': 1, '290-C': 63, 'MBS-2': 17, '290EY KMT-YHKOT': 0, 'MBS2 PTH-MRHSPG': 1, 'CRISTAL-3': 1, '290-E SBS-NGW-KLN': 0, '290-E ITCF-YHKOT': 0, 'V-SBS-KNB': 1, '290-E': 52, 'PTH-SBS': 3, 'BSK-KRP-ITI': 1, '348-F': 14, 'BMSIT-3': 1, '213-D': 6, 'SBS-RJP': 2, 'SBS-HTN': 1, '348-M': 15, '375-D': 80}"
Venkateshapura Kadugondanahalli Police Station,13.01512125,77.61731724,536,29159047,"{'SBS-AMC': 0, '290-EA': 0, '290-E SBS-PTH': 0, '291-N': 16, 'TR-4': 46, '290-EB KGR-YHK': 0, '253-A': 12, '290-M': 8, 'DPJN-JJN-NGW': 4, '290-A': 28, '290-H': 0, '290-RA': 5, '290-R': 13, '290-EB': 0, '290-QA': 18, '290-G': 0, '290-Q': 14, 'TR-4A': 10, '290-T': 11, '290-HA': 0, 'SBS-SDH': 2, '291-D': 22, '291-L': 3, '290-Z': 4, '290-P': 24, 'MBS-14': 10, 'SBS-JKR-ALSG-PTH': 1, 'CLO-RKH': 5, '291-K': 7, '291-A': 11, '291-E': 16, 'G-10': 0, '290 KBS-YLKOT': 2, '290-EY': 0, '290-QA NRG-RKHN': 1, '291-H': 21, '290-E STJHS-YLKOT': 0, 'KBS-NGVRJ-VNS': 1, '290-N': 40, '317-K': 0, '241-CD': 11, 'TR-4 KMT-NGV': 1, '290-C': 63, '290EY KMT-YHKOT': 0, '290-E SBS-NGW-KLN': 0, '290-E ITCF-YHKOT': 0, 'V-SBS-KNB': 1, 'BSK-KRP-ITI': 1, '348-F': 14, 'BMSIT-3': 1, '213-D': 6, 'SBS-RJP': 2, 'SBS-HTN': 1, '375-D': 80}"
Ambedkar Medical College Shampura,13.02332136,77.61248589,80,29159048,"{'SBS-AMC': 0, 'RTNPS-ABC': 1, 'RTNPS-SMP': 1, '415-G': 18, '290-D': 19, '415-A': 2, '290-H': 0, 'D10G-HBR2': 1, '290-HA': 0, '300-V': 4, '291-E': 16, 'ITPL-2B': 2, 'D10G-DAME': 1, '348-M': 15}"
Kadugondanahalli Police Station,13.02070393,77.61894458,751,29159048,"{'SBS-AMC': 0, '290-EA': 0, '290-E SBS-PTH': 0, '291-N': 16, 'TR-4': 46, '290-EB YHK-KGR': 0, '290-EB KGR-YHK': 0, 'NGW-DPJN': 6, '253-A': 12, '290-M': 8, 'DPJN-JJN-NGW': 4, '290-D': 19, '290-A': 28, '290-H': 0, 'D10G-HBR2': 1, '291-J': 26, '290-J': 0, '290-RA': 5, '290-R': 13, '290-J MSP-SBS': 0, '290-EB': 0, '290-QA': 18, '291-G': 20, '290-G': 0, '290-Q': 14, 'D10G-NGVR-JJN': 1, 'TR-4A': 10, '290-T': 11, '290-S': 13, '290-HA': 0, 'KLNB-BKC': 1, 'SBS-SDH': 2, 'PTH-SBS1': 4, '291-D': 22, '291-L': 3, '290-Z': 4, '290-P': 24, 'MBS-14': 10, 'SBS-JKR-ALSG-PTH': 1, 'CLO-RKH': 5, '291-K': 7, '291-A': 11, '291-E': 16, 'G-10': 0, '290 KBS-YLKOT': 2, '290-EY': 0, '291-R': 15, 'KLN-JJN': 1, '290-QA NRG-RKHN': 1, 'MSP-ARMYK': 1, '291-H': 21, '291-B': 2, 'OASIS-6B': 2, '290-E STJHS-YLKOT': 0, 'KBS-NGVRJ-VNS': 1, 'BEMLC-19': 3, 'BEMLB-22': 4, 'BELGS-46': 2, 'ITI-02': 2, '63 SBS-DPJN': 1, '290-F': 0, '290-N': 40, '317-K': 0, '241-CD': 11, 'TR-4 NGV-MRBS': 2, 'TR-4 KMT-NGV': 1, '290-C': 63, 'MBS-2': 17, '290EY KMT-YHKOT': 0, 'MBS2 PTH-MRHSPG': 1, 'CRISTAL-3': 1, '290-E SBS-NGW-KLN': 0, '290-E ITCF-YHKOT': 0, 'V-SBS-KNB': 1, '290-E': 52, 'PTH-SBS': 3, 'BSK-KRP-ITI': 1, '348-F': 14, 'BMSIT-3': 1, '213-D': 6, 'SBS-RJP': 2, 'SBS-HTN': 1, '348-M': 15, '375-D': 80}"
Bilal Masjid Tanary Road,13.01178374,77.61654675,0,29159073,{}
Muslim Colony,13.01059863,77.61522169,724,29159073,"{'SBS-AMC': 0, '290-EA': 0, '290-E SBS-PTH': 0, '291-N': 16, 'TR-4': 46, '290-EB YHK-KGR': 0, '290-EB KGR-YHK': 0, 'NGW-DPJN': 6, '253-A': 12, '290-M': 8, 'DPJN-JJN-NGW': 4, '290-D': 19, '290-A': 28, '290-H': 0, '291-J': 26, '290-J': 0, '290-RA': 5, '290-R': 13, '290-J MSP-SBS': 0, '290-EB': 0, '290-QA': 18, '291-G': 20, '290-G': 0, '290-Q': 14, 'D10G-NGVR-JJN': 1, 'TR-4A': 10, '290-T': 11, '290-S': 13, '290-HA': 0, 'KLNB-BKC': 1, 'SBS-SDH': 2, 'PTH-SBS1': 4, '291-D': 22, '291-L': 3, '290-Z': 4, '290-P': 24, 'MBS-14': 10, 'SBS-JKR-ALSG-PTH': 1, 'CLO-RKH': 5, '291-K': 7, '291-A': 11, '291-E': 16, 'G-10': 0, '290 KBS-YLKOT': 2, '290-EY': 0, '291-R': 15, 'KLN-JJN': 1, '290-KA KMT-PLG': 1, 'TR-4 JJN-PLG': 2, '290-QA NRG-RKHN': 1, 'MSP-ARMYK': 1, '291-H': 21, '291-B': 2, '290-E STJHS-YLKOT': 0, 'KBS-NGVRJ-VNS': 1, '63 SBS-DPJN': 1, '290-F': 0, '290-N': 40, '317-K': 0, '241-CD': 11, 'TR-4 NGV-MRBS': 2, 'TR-4 KMT-NGV': 1, '290-C': 63, 'MBS-2': 17, '290EY KMT-YHKOT': 0, 'MBS2 PTH-MRHSPG': 1, '290-E SBS-NGW-KLN': 0, '290-E ITCF-YHKOT': 0, 'V-SBS-KNB': 1, '290-E': 52, 'PTH-SBS': 3, 'BSK-KRP-ITI': 1, '348-F': 14, 'BMSIT-3': 1, '213-D': 6, 'SBS-RJP': 2, 'SBS-HTN': 1, '375-D': 80}"
P,13.01211563,77.61606932,523,29159073,"{'290-EA': 0, '290-E SBS-PTH': 0, '291-N': 16, 'TR-4': 46, '290-EB KGR-YHK': 0, '253-A': 12, '290-M': 8, 'DPJN-JJN-NGW': 4, '290-A': 28, '290-RA': 5, '290-R': 13, '290-EB': 0, '290-QA': 18, '290-Q': 14, 'TR-4A': 10, '290-T': 11, '290-HA': 0, '291-D': 22, '291-L': 3, '290-Z': 4, '290-P': 24, 'MBS-14': 10, 'SBS-JKR-ALSG-PTH': 1, 'CLO-RKH': 5, '291-K': 7, '291-A': 11, '291-E': 16, 'G-10': 0, '290 KBS-YLKOT': 2, '290-EY': 0, '290-QA NRG-RKHN': 1, '291-H': 21, '290-E STJHS-YLKOT': 0, 'KBS-NGVRJ-VNS': 1, '290-N': 40, '317-K': 0, 'TR-4 KMT-NGV': 1, '290-C': 63, '290EY KMT-YHKOT': 0, '290-E SBS-NGW-KLN': 0, '290-E ITCF-YHKOT': 0, 'V-SBS-KNB': 1, 'BSK-KRP-ITI': 1, '348-F': 14, 'BMSIT-3': 1, '213-D': 6, 'SBS-RJP': 2, 'SBS-HTN': 1, '375-D': 80}"
Pillanna Garden 9th Main,13.01192877,77.61757806,3,29159073,"{'290-KA KMT-PLG': 1, 'TR-4 JJN-PLG': 2}"
Venkateshapura Kadugondanahalli Police Station,13.01512125,77.61731724,536,29159073,"{'SBS-AMC': 0, '290-EA': 0, '290-E SBS-PTH': 0, '291-N': 16, 'TR-4': 46, '290-EB KGR-YHK': 0, '253-A': 12, '290-M': 8, 'DPJN-JJN-NGW': 4, '290-A': 28, '290-H': 0, '290-RA': 5, '290-R': 13, '290-EB': 0, '290-QA': 18, '290-G': 0, '290-Q': 14, 'TR-4A': 10, '290-T': 11, '290-HA': 0, 'SBS-SDH': 2, '291-D': 22, '291-L': 3, '290-Z': 4, '290-P': 24, 'MBS-14': 10, 'SBS-JKR-ALSG-PTH': 1, 'CLO-RKH': 5, '291-K': 7, '291-A': 11, '291-E': 16, 'G-10': 0, '290 KBS-YLKOT': 2, '290-EY': 0, '290-QA NRG-RKHN': 1, '291-H': 21, '290-E STJHS-YLKOT': 0, 'KBS-NGVRJ-VNS': 1, '290-N': 40, '317-K': 0, '241-CD': 11, 'TR-4 KMT-NGV': 1, '290-C': 63, '290EY KMT-YHKOT': 0, '290-E SBS-NGW-KLN': 0, '290-E ITCF-YHKOT': 0, 'V-SBS-KNB': 1, 'BSK-KRP-ITI': 1, '348-F': 14, 'BMSIT-3': 1, '213-D': 6, 'SBS-RJP': 2, 'SBS-HTN': 1, '375-D': 80}"
Bilal Masjid Tanary Road,13.01178374,77.61654675,0,29159074,{}
Muslim Colony,13.01059863,77.61522169,724,29159074,"{'SBS-AMC': 0, '290-EA': 0, '290-E SBS-PTH': 0, '291-N': 16, 'TR-4': 46, '290-EB YHK-KGR': 0, '290-EB KGR-YHK': 0, 'NGW-DPJN': 6, '253-A': 12, '290-M': 8, 'DPJN-JJN-NGW': 4, '290-D': 19, '290-A': 28, '290-H': 0, '291-J': 26, '290-J': 0, '290-RA': 5, '290-R': 13, '290-J MSP-SBS': 0, '290-EB': 0, '290-QA': 18, '291-G': 20, '290-G': 0, '290-Q': 14, 'D10G-NGVR-JJN': 1, 'TR-4A': 10, '290-T': 11, '290-S': 13, '290-HA': 0, 'KLNB-BKC': 1, 'SBS-SDH': 2, 'PTH-SBS1': 4, '291-D': 22, '291-L': 3, '290-Z': 4, '290-P': 24, 'MBS-14': 10, 'SBS-JKR-ALSG-PTH': 1, 'CLO-RKH': 5, '291-K': 7, '291-A': 11, '291-E': 16, 'G-10': 0, '290 KBS-YLKOT': 2, '290-EY': 0, '291-R': 15, 'KLN-JJN': 1, '290-KA KMT-PLG': 1, 'TR-4 JJN-PLG': 2, '290-QA NRG-RKHN': 1, 'MSP-ARMYK': 1, '291-H': 21, '291-B': 2, '290-E STJHS-YLKOT': 0, 'KBS-NGVRJ-VNS': 1, '63 SBS-DPJN': 1, '290-F': 0, '290-N': 40, '317-K': 0, '241-CD': 11, 'TR-4 NGV-MRBS': 2, 'TR-4 KMT-NGV': 1, '290-C': 63, 'MBS-2': 17, '290EY KMT-YHKOT': 0, 'MBS2 PTH-MRHSPG': 1, '290-E SBS-NGW-KLN': 0, '290-E ITCF-YHKOT': 0, 'V-SBS-KNB': 1, '290-E': 52, 'PTH-SBS': 3, 'BSK-KRP-ITI': 1, '348-F': 14, 'BMSIT-3': 1, '213-D': 6, 'SBS-RJP': 2, 'SBS-HTN': 1, '375-D': 80}"
P,13.01211563,77.61606932,523,29159074,"{'290-EA': 0, '290-E SBS-PTH': 0, '291-N': 16, 'TR-4': 46, '290-EB KGR-YHK': 0, '253-A': 12, '290-M': 8, 'DPJN-JJN-NGW': 4, '290-A': 28, '290-RA': 5, '290-R': 13, '290-EB': 0, '290-QA': 18, '290-Q': 14, 'TR-4A': 10, '290-T': 11, '290-HA': 0, '291-D': 22, '291-L': 3, '290-Z': 4, '290-P': 24, 'MBS-14': 10, 'SBS-JKR-ALSG-PTH': 1, 'CLO-RKH': 5, '291-K': 7, '291-A': 11, '291-E': 16, 'G-10': 0, '290 KBS-YLKOT': 2, '290-EY': 0, '290-QA NRG-RKHN': 1, '291-H': 21, '290-E STJHS-YLKOT': 0, 'KBS-NGVRJ-VNS': 1, '290-N': 40, '317-K': 0, 'TR-4 KMT-NGV': 1, '290-C': 63, '290EY KMT-YHKOT': 0, '290-E SBS-NGW-KLN': 0, '290-E ITCF-YHKOT': 0, 'V-SBS-KNB': 1, 'BSK-KRP-ITI': 1, '348-F': 14, 'BMSIT-3': 1, '213-D': 6, 'SBS-RJP': 2, 'SBS-HTN': 1, '375-D': 80}"
Pillanna Garden 9th Main,13.01192877,77.61757806,3,29159074,"{'290-KA KMT-PLG': 1, 'TR-4 JJN-PLG': 2}"
Venkateshapura Kadugondanahalli Police Station,13.01512125,77.61731724,536,29159074,"{'SBS-AMC': 0, '290-EA': 0, '290-E SBS-PTH': 0, '291-N': 16, 'TR-4': 46, '290-EB KGR-YHK': 0, '253-A': 12, '290-M': 8, 'DPJN-JJN-NGW': 4, '290-A': 28, '290-H': 0, '290-RA': 5, '290-R': 13, '290-EB': 0, '290-QA': 18, '290-G': 0, '290-Q': 14, 'TR-4A': 10, '290-T': 11, '290-HA': 0, 'SBS-SDH': 2, '291-D': 22, '291-L': 3, '290-Z': 4, '290-P': 24, 'MBS-14': 10, 'SBS-JKR-ALSG-PTH': 1, 'CLO-RKH': 5, '291-K': 7, '291-A': 11, '291-E': 16, 'G-10': 0, '290 KBS-YLKOT': 2, '290-EY': 0, '290-QA NRG-RKHN': 1, '291-H': 21, '290-E STJHS-YLKOT': 0, 'KBS-NGVRJ-VNS': 1, '290-N': 40, '317-K': 0, '241-CD': 11, 'TR-4 KMT-NGV': 1, '290-C': 63, '290EY KMT-YHKOT': 0, '290-E SBS-NGW-KLN': 0, '290-E ITCF-YHKOT': 0, 'V-SBS-KNB': 1, 'BSK-KRP-ITI': 1, '348-F': 14, 'BMSIT-3': 1, '213-D': 6, 'SBS-RJP': 2, 'SBS-HTN': 1, '375-D': 80}"
Bilal Masjid Tanary Road,13.01178374,77.61654675,0,29159075,{}
P,13.01211563,77.61606932,523,29159075,"{'290-EA': 0, '290-E SBS-PTH': 0, '291-N': 16, 'TR-4': 46, '290-EB KGR-YHK': 0, '253-A': 12, '290-M': 8, 'DPJN-JJN-NGW': 4, '290-A': 28, '290-RA': 5, '290-R': 13, '290-EB': 0, '290-QA': 18, '290-Q': 14, 'TR-4A': 10, '290-T': 11, '290-HA': 0, '291-D': 22, '291-L': 3, '290-Z': 4, '290-P': 24, 'MBS-14': 10, 'SBS-JKR-ALSG-PTH': 1, 'CLO-RKH': 5, '291-K': 7, '291-A': 11, '291-E': 16, 'G-10': 0, '290 KBS-YLKOT': 2, '290-EY': 0, '290-QA NRG-RKHN': 1, '291-H': 21, '290-E STJHS-YLKOT': 0, 'KBS-NGVRJ-VNS': 1, '290-N': 40, '317-K': 0, 'TR-4 KMT-NGV': 1, '290-C': 63, '290EY KMT-YHKOT': 0, '290-E SBS-NGW-KLN': 0, '290-E ITCF-YHKOT': 0, 'V-SBS-KNB': 1, 'BSK-KRP-ITI': 1, '348-F': 14, 'BMSIT-3': 1, '213-D': 6, 'SBS-RJP': 2, 'SBS-HTN': 1, '375-D': 80}"
Pillanna Garden 9th Main,13.01192877,77.61757806,3,29159075,"{'290-KA KMT-PLG': 1, 'TR-4 JJN-PLG': 2}"
Venkateshapura Kadugondanahalli Police Station,13.01512125,77.61731724,536,29159075,"{'SBS-AMC': 0, '290-EA': 0, '290-E SBS-PTH': 0, '291-N': 16, 'TR-4': 46, '290-EB KGR-YHK': 0, '253-A': 12, '290-M': 8, 'DPJN-JJN-NGW': 4, '290-A': 28, '290-H': 0, '290-RA': 5, '290-R': 13, '290-EB': 0, '290-QA': 18, '290-G': 0, '290-Q': 14, 'TR-4A': 10, '290-T': 11, '290-HA': 0, 'SBS-SDH': 2, '291-D': 22, '291-L': 3, '290-Z': 4, '290-P': 24, 'MBS-14': 10, 'SBS-JKR-ALSG-PTH': 1, 'CLO-RKH': 5, '291-K': 7, '291-A': 11, '291-E': 16, 'G-10': 0, '290 KBS-YLKOT': 2, '290-EY': 0, '290-QA NRG-RKHN': 1, '291-H': 21, '290-E STJHS-YLKOT': 0, 'KBS-NGVRJ-VNS': 1, '290-N': 40, '317-K': 0, '241-CD': 11, 'TR-4 KMT-NGV': 1, '290-C': 63, '290EY KMT-YHKOT': 0, '290-E SBS-NGW-KLN': 0, '290-E ITCF-YHKOT': 0, 'V-SBS-KNB': 1, 'BSK-KRP-ITI': 1, '348-F': 14, 'BMSIT-3': 1, '213-D': 6, 'SBS-RJP': 2, 'SBS-HTN': 1, '375-D': 80}"
Kadugondanahalli Police Station,13.02070393,77.61894458,751,29159076,"{'SBS-AMC': 0, '290-EA': 0, '290-E SBS-PTH': 0, '291-N': 16, 'TR-4': 46, '290-EB YHK-KGR': 0, '290-EB KGR-YHK': 0, 'NGW-DPJN': 6, '253-A': 12, '290-M': 8, 'DPJN-JJN-NGW': 4, '290-D': 19, '290-A': 28, '290-H': 0, 'D10G-HBR2': 1, '291-J': 26, '290-J': 0, '290-RA': 5, '290-R': 13, '290-J MSP-SBS': 0, '290-EB': 0, '290-QA': 18, '291-G': 20, '290-G': 0, '290-Q': 14, 'D10G-NGVR-JJN': 1, 'TR-4A': 10, '290-T': 11, '290-S': 13, '290-HA': 0, 'KLNB-BKC': 1, 'SBS-SDH': 2, 'PTH-SBS1': 4, '291-D': 22, '291-L': 3, '290-Z': 4, '290-P': 24, 'MBS-14': 10, 'SBS-JKR-ALSG-PTH': 1, 'CLO-RKH': 5, '291-K': 7, '291-A': 11, '291-E': 16, 'G-10': 0, '290 KBS-YLKOT': 2, '290-EY': 0, '291-R': 15, 'KLN-JJN': 1, '290-QA NRG-RKHN': 1, 'MSP-ARMYK': 1, '291-H': 21, '291-B': 2, 'OASIS-6B': 2, '290-E STJHS-YLKOT': 0, 'KBS-NGVRJ-VNS': 1, 'BEMLC-19': 3, 'BEMLB-22': 4, 'BELGS-46': 2, 'ITI-02': 2, '63 SBS-DPJN': 1, '290-F': 0, '290-N': 40, '317-K': 0, '241-CD': 11, 'TR-4 NGV-MRBS': 2, 'TR-4 KMT-NGV': 1, '290-C': 63, 'MBS-2': 17, '290EY KMT-YHKOT': 0, 'MBS2 PTH-MRHSPG': 1, 'CRISTAL-3': 1, '290-E SBS-NGW-KLN': 0, '290-E ITCF-YHKOT': 0, 'V-SBS-KNB': 1, '290-E': 52, 'PTH-SBS': 3, 'BSK-KRP-ITI': 1, '348-F': 14, 'BMSIT-3': 1, '213-D': 6, 'SBS-RJP': 2, 'SBS-HTN': 1, '348-M': 15, '375-D': 80}"
P,13.01211563,77.61606932,523,29159076,"{'290-EA': 0, '290-E SBS-PTH': 0, '291-N': 16, 'TR-4': 46, '290-EB KGR-YHK': 0, '253-A': 12, '290-M': 8, 'DPJN-JJN-NGW': 4, '290-A': 28, '290-RA': 5, '290-R': 13, '290-EB': 0, '290-QA': 18, '290-Q': 14, 'TR-4A': 10, '290-T': 11, '290-HA': 0, '291-D': 22, '291-L': 3, '290-Z': 4, '290-P': 24, 'MBS-14': 10, 'SBS-JKR-ALSG-PTH': 1, 'CLO-RKH': 5, '291-K': 7, '291-A': 11, '291-E': 16, 'G-10': 0, '290 KBS-YLKOT': 2, '290-EY': 0, '290-QA NRG-RKHN': 1, '291-H': 21, '290-E STJHS-YLKOT': 0, 'KBS-NGVRJ-VNS': 1, '290-N': 40, '317-K': 0, 'TR-4 KMT-NGV': 1, '290-C': 63, '290EY KMT-YHKOT': 0, '290-E SBS-NGW-KLN': 0, '290-E ITCF-YHKOT': 0, 'V-SBS-KNB': 1, 'BSK-KRP-ITI': 1, '348-F': 14, 'BMSIT-3': 1, '213-D': 6, 'SBS-RJP': 2, 'SBS-HTN': 1, '375-D': 80}"
Pillanna Garden 9th Main,13.01192877,77.61757806,3,29159076,"{'290-KA KMT-PLG': 1, 'TR-4 JJN-PLG': 2}"
Venkateshapura Kadugondanahalli Police Station,13.01512125,77.61731724,536,29159076,"{'SBS-AMC': 0, '290-EA': 0, '290-E SBS-PTH': 0, '291-N': 16, 'TR-4': 46, '290-EB KGR-YHK': 0, '253-A': 12, '290-M': 8, 'DPJN-JJN-NGW': 4, '290-A': 28, '290-H': 0, '290-RA': 5, '290-R': 13, '290-EB': 0, '290-QA': 18, '290-G': 0, '290-Q': 14, 'TR-4A': 10, '290-T': 11, '290-HA': 0, 'SBS-SDH': 2, '291-D': 22, '291-L': 3, '290-Z': 4, '290-P': 24, 'MBS-14': 10, 'SBS-JKR-ALSG-PTH': 1, 'CLO-RKH': 5, '291-K': 7, '291-A': 11, '291-E': 16, 'G-10': 0, '290 KBS-YLKOT': 2, '290-EY': 0, '290-QA NRG-RKHN': 1, '291-H': 21, '290-E STJHS-YLKOT': 0, 'KBS-NGVRJ-VNS': 1, '290-N': 40, '317-K': 0, '241-CD': 11, 'TR-4 KMT-NGV': 1, '290-C': 63, '290EY KMT-YHKOT': 0, '290-E SBS-NGW-KLN': 0, '290-E ITCF-YHKOT': 0, 'V-SBS-KNB': 1, 'BSK-KRP-ITI': 1, '348-F': 14, 'BMSIT-3': 1, '213-D': 6, 'SBS-RJP': 2, 'SBS-HTN': 1, '375-D': 80}"
Kadugondanahalli Police Station,13.02070393,77.61894458,751,29159077,"{'SBS-AMC': 0, '290-EA': 0, '290-E SBS-PTH': 0, '291-N': 16, 'TR-4': 46, '290-EB YHK-KGR': 0, '290-EB KGR-YHK': 0, 'NGW-DPJN': 6, '253-A': 12, '290-M': 8, 'DPJN-JJN-NGW': 4, '290-D': 19, '290-A': 28, '290-H': 0, 'D10G-HBR2': 1, '291-J': 26, '290-J': 0, '290-RA': 5, '290-R': 13, '290-J MSP-SBS': 0, '290-EB': 0, '290-QA': 18, '291-G': 20, '290-G': 0, '290-Q': 14, 'D10G-NGVR-JJN': 1, 'TR-4A': 10, '290-T': 11, '290-S': 13, '290-HA': 0, 'KLNB-BKC': 1, 'SBS-SDH': 2, 'PTH-SBS1': 4, '291-D': 22, '291-L': 3, '290-Z': 4, '290-P': 24, 'MBS-14': 10, 'SBS-JKR-ALSG-PTH': 1, 'CLO-RKH': 5, '291-K': 7, '291-A': 11, '291-E': 16, 'G-10': 0, '290 KBS-YLKOT': 2, '290-EY': 0, '291-R': 15, 'KLN-JJN': 1, '290-QA NRG-RKHN': 1, 'MSP-ARMYK': 1, '291-H': 21, '291-B': 2, 'OASIS-6B': 2, '290-E STJHS-YLKOT': 0, 'KBS-NGVRJ-VNS': 1, 'BEMLC-19': 3, 'BEMLB-22': 4, 'BELGS-46': 2, 'ITI-02': 2, '63 SBS-DPJN': 1, '290-F': 0, '290-N': 40, '317-K': 0, '241-CD': 11, 'TR-4 NGV-MRBS': 2, 'TR-4 KMT-NGV': 1, '290-C': 63, 'MBS-2': 17, '290EY KMT-YHKOT': 0, 'MBS2 PTH-MRHSPG': 1, 'CRISTAL-3': 1, '290-E SBS-NGW-KLN': 0, '290-E ITCF-YHKOT': 0, 'V-SBS-KNB': 1, '290-E': 52, 'PTH-SBS': 3, 'BSK-KRP-ITI': 1, '348-F': 14, 'BMSIT-3': 1, '213-D': 6, 'SBS-RJP': 2, 'SBS-HTN': 1, '348-M': 15, '375-D': 80}"
Venkateshapura Kadugondanahalli Police Station,13.01512125,77.61731724,536,29159077,"{'SBS-AMC': 0, '290-EA': 0, '290-E SBS-PTH': 0, '291-N': 16, 'TR-4': 46, '290-EB KGR-YHK': 0, '253-A': 12, '290-M': 8, 'DPJN-JJN-NGW': 4, '290-A': 28, '290-H': 0, '290-RA': 5, '290-R': 13, '290-EB': 0, '290-QA': 18, '290-G': 0, '290-Q': 14, 'TR-4A': 10, '290-T': 11, '290-HA': 0, 'SBS-SDH': 2, '291-D': 22, '291-L': 3, '290-Z': 4, '290-P': 24, 'MBS-14': 10, 'SBS-JKR-ALSG-PTH': 1, 'CLO-RKH': 5, '291-K': 7, '291-A': 11, '291-E': 16, 'G-10': 0, '290 KBS-YLKOT': 2, '290-EY': 0, '290-QA NRG-RKHN': 1, '291-H': 21, '290-E STJHS-YLKOT': 0, 'KBS-NGVRJ-VNS': 1, '290-N': 40, '317-K': 0, '241-CD': 11, 'TR-4 KMT-NGV': 1, '290-C': 63, '290EY KMT-YHKOT': 0, '290-E SBS-NGW-KLN': 0, '290-E ITCF-YHKOT': 0, 'V-SBS-KNB': 1, 'BSK-KRP-ITI': 1, '348-F': 14, 'BMSIT-3': 1, '213-D': 6, 'SBS-RJP': 2, 'SBS-HTN': 1, '375-D': 80}"
Hilalnagara Cross HBR Layout,13.02151040,77.62218744,1,29159078,{'D10G-DAME': 1}
Kadugondanahalli Police Station,13.02070393,77.61894458,751,29159078,"{'SBS-AMC': 0, '290-EA': 0, '290-E SBS-PTH': 0, '291-N': 16, 'TR-4': 46, '290-EB YHK-KGR': 0, '290-EB KGR-YHK': 0, 'NGW-DPJN': 6, '253-A': 12, '290-M': 8, 'DPJN-JJN-NGW': 4, '290-D': 19, '290-A': 28, '290-H': 0, 'D10G-HBR2': 1, '291-J': 26, '290-J': 0, '290-RA': 5, '290-R': 13, '290-J MSP-SBS': 0, '290-EB': 0, '290-QA': 18, '291-G': 20, '290-G': 0, '290-Q': 14, 'D10G-NGVR-JJN': 1, 'TR-4A': 10, '290-T': 11, '290-S': 13, '290-HA': 0, 'KLNB-BKC': 1, 'SBS-SDH': 2, 'PTH-SBS1': 4, '291-D': 22, '291-L': 3, '290-Z': 4, '290-P': 24, 'MBS-14': 10, 'SBS-JKR-ALSG-PTH': 1, 'CLO-RKH': 5, '291-K': 7, '291-A': 11, '291-E': 16, 'G-10': 0, '290 KBS-YLKOT': 2, '290-EY': 0, '291-R': 15, 'KLN-JJN': 1, '290-QA NRG-RKHN': 1, 'MSP-ARMYK': 1, '291-H': 21, '291-B': 2, 'OASIS-6B': 2, '290-E STJHS-YLKOT': 0, 'KBS-NGVRJ-VNS': 1, 'BEMLC-19': 3, 'BEMLB-22': 4, 'BELGS-46': 2, 'ITI-02': 2, '63 SBS-DPJN': 1, '290-F': 0, '290-N': 40, '317-K': 0, '241-CD': 11, 'TR-4 NGV-MRBS': 2, 'TR-4 KMT-NGV': 1, '290-C': 63, 'MBS-2': 17, '290EY KMT-YHKOT': 0, 'MBS2 PTH-MRHSPG': 1, 'CRISTAL-3': 1, '290-E SBS-NGW-KLN': 0, '290-E ITCF-YHKOT': 0, 'V-SBS-KNB': 1, '290-E': 52, 'PTH-SBS': 3, 'BSK-KRP-ITI': 1, '348-F': 14, 'BMSIT-3': 1, '213-D': 6, 'SBS-RJP': 2, 'SBS-HTN': 1, '348-M': 15, '375-D': 80}"
Venkateshapura Kadugondanahalli Police Station,13.01512125,77.61731724,536,29159078,"{'SBS-AMC': 0, '290-EA': 0, '290-E SBS-PTH': 0, '291-N': 16, 'TR-4': 46, '290-EB KGR-YHK': 0, '253-A': 12, '290-M': 8, 'DPJN-JJN-NGW': 4, '290-A': 28, '290-H': 0, '290-RA': 5, '290-R': 13, '290-EB': 0, '290-QA': 18, '290-G': 0, '290-Q': 14, 'TR-4A': 10, '290-T': 11, '290-HA': 0, 'SBS-SDH': 2, '291-D': 22, '291-L': 3, '290-Z': 4, '290-P': 24, 'MBS-14': 10, 'SBS-JKR-ALSG-PTH': 1, 'CLO-RKH': 5, '291-K': 7, '291-A': 11, '291-E': 16, 'G-10': 0, '290 KBS-YLKOT': 2, '290-EY': 0, '290-QA NRG-RKHN': 1, '291-H': 21, '290-E STJHS-YLKOT': 0, 'KBS-NGVRJ-VNS': 1, '290-N': 40, '317-K': 0, '241-CD': 11, 'TR-4 KMT-NGV': 1, '290-C': 63, '290EY KMT-YHKOT': 0, '290-E SBS-NGW-KLN': 0, '290-E ITCF-YHKOT': 0, 'V-SBS-KNB': 1, 'BSK-KRP-ITI': 1, '348-F': 14, 'BMSIT-3': 1, '213-D': 6, 'SBS-RJP': 2, 'SBS-HTN': 1, '375-D': 80}"
Kadugondanahalli Police Station,13.02070393,77.61894458,751,29159079,"{'SBS-AMC': 0, '290-EA': 0, '290-E SBS-PTH': 0, '291-N': 16, 'TR-4': 46, '290-EB YHK-KGR': 0, '290-EB KGR-YHK': 0, 'NGW-DPJN': 6, '253-A': 12, '290-M': 8, 'DPJN-JJN-NGW': 4, '290-D': 19, '290-A': 28, '290-H': 0, 'D10G-HBR2': 1, '291-J': 26, '290-J': 0, '290-RA': 5, '290-R': 13, '290-J MSP-SBS': 0, '290-EB': 0, '290-QA': 18, '291-G': 20, '290-G': 0, '290-Q': 14, 'D10G-NGVR-JJN': 1, 'TR-4A': 10, '290-T': 11, '290-S': 13, '290-HA': 0, 'KLNB-BKC': 1, 'SBS-SDH': 2, 'PTH-SBS1': 4, '291-D': 22, '291-L': 3, '290-Z': 4, '290-P': 24, 'MBS-14': 10, 'SBS-JKR-ALSG-PTH': 1, 'CLO-RKH': 5, '291-K': 7, '291-A': 11, '291-E': 16, 'G-10': 0, '290 KBS-YLKOT': 2, '290-EY': 0, '291-R': 15, 'KLN-JJN': 1, '290-QA NRG-RKHN': 1, 'MSP-ARMYK': 1, '291-H': 21, '291-B': 2, 'OASIS-6B': 2, '290-E STJHS-YLKOT': 0, 'KBS-NGVRJ-VNS': 1, 'BEMLC-19': 3, 'BEMLB-22': 4, 'BELGS-46': 2, 'ITI-02': 2, '63 SBS-DPJN': 1, '290-F': 0, '290-N': 40, '317-K': 0, '241-CD': 11, 'TR-4 NGV-MRBS': 2, 'TR-4 KMT-NGV': 1, '290-C': 63, 'MBS-2': 17, '290EY KMT-YHKOT': 0, 'MBS2 PTH-MRHSPG': 1, 'CRISTAL-3': 1, '290-E SBS-NGW-KLN': 0, '290-E ITCF-YHKOT': 0, 'V-SBS-KNB': 1, '290-E': 52, 'PTH-SBS': 3, 'BSK-KRP-ITI': 1, '348-F': 14, 'BMSIT-3': 1, '213-D': 6, 'SBS-RJP': 2, 'SBS-HTN': 1, '348-M': 15, '375-D': 80}"
Venkateshapura Kadugondanahalli Police Station,13.01512125,77.61731724,536,29159079,"{'SBS-AMC': 0, '290-EA': 0, '290-E SBS-PTH': 0, '291-N': 16, 'TR-4': 46, '290-EB KGR-YHK': 0, '253-A': 12, '290-M': 8, 'DPJN-JJN-NGW': 4, '290-A': 28, '290-H': 0, '290-RA': 5, '290-R': 13, '290-EB': 0, '290-QA': 18, '290-G': 0, '290-Q': 14, 'TR-4A': 10, '290-T': 11, '290-HA': 0, 'SBS-SDH': 2, '291-D': 22, '291-L': 3, '290-Z': 4, '290-P': 24, 'MBS-14': 10, 'SBS-JKR-ALSG-PTH': 1, 'CLO-RKH': 5, '291-K': 7, '291-A': 11, '291-E': 16, 'G-10': 0, '290 KBS-YLKOT': 2, '290-EY': 0, '290-QA NRG-RKHN': 1, '291-H': 21, '290-E STJHS-YLKOT': 0, 'KBS-NGVRJ-VNS': 1, '290-N': 40, '317-K': 0, '241-CD': 11, 'TR-4 KMT-NGV': 1, '290-C': 63, '290EY KMT-YHKOT': 0, '290-E SBS-NGW-KLN': 0, '290-E ITCF-YHKOT': 0, 'V-SBS-KNB': 1, 'BSK-KRP-ITI': 1, '348-F': 14, 'BMSIT-3': 1, '213-D': 6, 'SBS-RJP': 2, 'SBS-HTN': 1, '375-D': 80}"
Ambedkar Medical College Shampura,13.02332136,77.61248589,80,29159080,"{'SBS-AMC': 0, 'RTNPS-ABC': 1, 'RTNPS-SMP': 1, '415-G': 18, '290-D': 19, '415-A': 2, '290-H': 0, 'D10G-HBR2': 1, '290-HA': 0, '300-V': 4, '291-E': 16, 'ITPL-2B': 2, 'D10G-DAME': 1, '348-M': 15}"
Kadugondanahalli Police Station,13.02070393,77.61894458,751,29159080,"{'SBS-AMC': 0, '290-EA': 0, '290-E SBS-PTH': 0, '291-N': 16, 'TR-4': 46, '290-EB YHK-KGR': 0, '290-EB KGR-YHK': 0, 'NGW-DPJN': 6, '253-A': 12, '290-M': 8, 'DPJN-JJN-NGW': 4, '290-D': 19, '290-A': 28, '290-H': 0, 'D10G-HBR2': 1, '291-J': 26, '290-J': 0, '290-RA': 5, '290-R': 13, '290-J MSP-SBS': 0, '290-EB': 0, '290-QA': 18, '291-G': 20, '290-G': 0, '290-Q': 14, 'D10G-NGVR-JJN': 1, 'TR-4A': 10, '290-T': 11, '290-S': 13, '290-HA': 0, 'KLNB-BKC': 1, 'SBS-SDH': 2, 'PTH-SBS1': 4, '291-D': 22, '291-L': 3, '290-Z': 4, '290-P': 24, 'MBS-14': 10, 'SBS-JKR-ALSG-PTH': 1, 'CLO-RKH': 5, '291-K': 7, '291-A': 11, '291-E': 16, 'G-10': 0, '290 KBS-YLKOT': 2, '290-EY': 0, '291-R': 15, 'KLN-JJN': 1, '290-QA NRG-RKHN': 1, 'MSP-ARMYK': 1, '291-H': 21, '291-B': 2, 'OASIS-6B': 2, '290-E STJHS-YLKOT': 0, 'KBS-NGVRJ-VNS': 1, 'BEMLC-19': 3, 'BEMLB-22': 4, 'BELGS-46': 2, 'ITI-02': 2, '63 SBS-DPJN': 1, '290-F': 0, '290-N': 40, '317-K': 0, '241-CD': 11, 'TR-4 NGV-MRBS': 2, 'TR-4 KMT-NGV': 1, '290-C': 63, 'MBS-2': 17, '290EY KMT-YHKOT': 0, 'MBS2 PTH-MRHSPG': 1, 'CRISTAL-3': 1, '290-E SBS-NGW-KLN': 0, '290-E ITCF-YHKOT': 0, 'V-SBS-KNB': 1, '290-E': 52, 'PTH-SBS': 3, 'BSK-KRP-ITI': 1, '348-F': 14, 'BMSIT-3': 1, '213-D': 6, 'SBS-RJP': 2, 'SBS-HTN': 1, '348-M': 15, '375-D': 80}"
Venkateshapura Kadugondanahalli Police Station,13.01512125,77.61731724,536,29159080,"{'SBS-AMC': 0, '290-EA': 0, '290-E SBS-PTH': 0, '291-N': 16, 'TR-4': 46, '290-EB KGR-YHK': 0, '253-A': 12, '290-M': 8, 'DPJN-JJN-NGW': 4, '290-A': 28, '290-H': 0, '290-RA': 5, '290-R': 13, '290-EB': 0, '290-QA': 18, '290-G': 0, '290-Q': 14, 'TR-4A': 10, '290-T': 11, '290-HA': 0, 'SBS-SDH': 2, '291-D': 22, '291-L': 3, '290-Z': 4, '290-P': 24, 'MBS-14': 10, 'SBS-JKR-ALSG-PTH': 1, 'CLO-RKH': 5, '291-K': 7, '291-A': 11, '291-E': 16, 'G-10': 0, '290 KBS-YLKOT': 2, '290-EY': 0, '290-QA NRG-RKHN': 1, '291-H': 21, '290-E STJHS-YLKOT': 0, 'KBS-NGVRJ-VNS': 1, '290-N': 40, '317-K': 0, '241-CD': 11, 'TR-4 KMT-NGV': 1, '290-C': 63, '290EY KMT-YHKOT': 0, '290-E SBS-NGW-KLN': 0, '290-E ITCF-YHKOT': 0, 'V-SBS-KNB': 1, 'BSK-KRP-ITI': 1, '348-F': 14, 'BMSIT-3': 1, '213-D': 6, 'SBS-RJP': 2, 'SBS-HTN': 1, '375-D': 80}"
Bilal Masjid Tanary Road,13.01178374,77.61654675,0,29159159,{}
Clarence School,13.00226912,77.61665130,1946,29159159,"{'327-C': 14, '301-E': 39, '300-E': 55, '300-D': 37, '300-H': 48, 'SBS-D10G': 31, '295-D': 21, 'KBS-D10G': 8, '302-C': 11, '293-P': 12, '296-V': 13, 'D10G-MRG': 2, 'G-11': 35, '296-C': 18, 'KLN-LGP-SBS': 14, '292-E': 12, 'D10G-SBS': 6, '292-C': 30, '401-M NLO-CLO': 1, '302-J': 29, '300-B': 29, 'KBS-HNR-CHLS': 3, '302-GA': 19, '303-F': 21, 'MGMS-KLN': 2, '292-D': 17, '293-H': 19, '292-B': 12, '293-A': 16, '79-K': 13, 'SBS-KLN': 27, '294-F': 9, '294-B': 0, '300-DA': 15, '294-E': 18, '294-H': 26, 'KBS-KLN': 6, '295-A': 14, '296-N': 17, '293-R': 13, '293-S': 32, '300-T': 11, '293-K': 13, '296-A': 17, '296-B': 19, '296-D': 26, '296-K': 4, '293-F': 11, 'SBS-HNS': 3, '293-J': 11, 'SBS-RYL': 2, '327-D': 5, '295-C': 34, '300-A': 14, '295-E': 12, '295-B': 15, '295-G': 17, 'KBS-BSP-HMA': 1, 'SBS-BSP-HMA': 3, '294-A': 11, '293-B': 11, '294-C SBS-JTN': 32, 'SBS-CHLS': 2, '296-T': 17, 'KBS-LGP-CHLS': 1, 'SGH-SBS': 2, 'G-11 SNBS-BLR': 1, '301-F': 6, '300-P': 46, '300-E SBS-KTMLRG': 2, 'KMT-BLS-YPB': 1, '300-C': 19, 'SBS-BPS-KLK': 2, 'VSD-BSP-KLK': 1, '293-G': 30, '215-NB': 12, 'D10G-SOPHIA': 1, 'BMESU-HBL': 4, '242-GA KBS-EWC': 2, '302-D': 35, '300-K': 13, '348-H': 12, '302-N': 38, 'KMT-CHLS': 0, 'KLNB-LGP-BSK': 3, '276-AB BMT45-DBH': 1, '293-N': 15, '300-F': 17, '296-Q': 23, '302 SBS-KLN': 3, '80-F': 35, '302 VSD-KLN': 4, '293-C OASIS-KMT': 1, 'KBS-BDSN': 4, '302-F': 39, 'SJHS-LGP-HBL': 3, '296-F': 10, 'KLNB-LGP-KBS': 2, 'MF-4': 15, '303-E': 32, '302-B': 40, '293-C': 32, '302-E': 14, '303-C': 24, '293-D': 12, '293-M': 11, '296-M': 6, '293-L': 11, '314-N': 26, 'BMT10-NRG': 1, 'KBS-SDSH': 1, 'HMNL-SJHS': 1, 'BMES-SBS': 3, 'KLNB-LGP-SBSP': 1, 'KLNB-LGP-SSMT': 1, 'SBS-SVPSH': 1, 'SBS-SMHSL': 3, '293 KBS-SMHS': 2, 'SBS-SVPSL': 2, 'SOPHIYA-1': 2, '296 SBS-BMESL': 1, 'BCGHS-18': 2, 'VNS-03': 3, '302 BMT10-SBS': 2, '293-E': 10, 'OASIS-2B': 2, 'D24-TNF-WTP': 1, 'KBS-SVPSB': 1, '295-D SBS-BMT10': 1, '302-A': 20, 'GDWC-BGL': 1, '129 KBS-BNWRS': 1, '293 SBS-HMN': 7, '293 SBS-LGP-KLN': 4, '330 SBS-ABISRO': 2, '301-D': 18, '301-G': 17, '303-G': 29, '302-G': 19, '293G SBS-BMT48': 16, '293F KMT-BMT48': 6, '293S KBS-BMT48': 6, 'ARMY-3': 3, 'D10G-BMES': 1, '293 BMT10-ARMY': 2, '295-KMT-D48': 2, '300-H  KBS-ITICG': 3, '294-C BMT48-MGMS': 1, 'CRISTAL-3': 1, 'G11-BMT48-MGMS': 2, '294-D': 12, '290-E ITCF-YHKOT': 0, '500-A CSB-SJHSU': 3, '293-S KBS-HNS': 2, 'HALM-SBS-BMES': 1, 'SVM-SBS-BMES': 1, '301-A': 12, 'AMRY-2': 4}"
Muslim Colony,13.01059863,77.61522169,724,29159159,"{'SBS-AMC': 0, '290-EA': 0, '290-E SBS-PTH': 0, '291-N': 16, 'TR-4': 46, '290-EB YHK-KGR': 0, '290-EB KGR-YHK': 0, 'NGW-DPJN': 6, '253-A': 12, '290-M': 8, 'DPJN-JJN-NGW': 4, '290-D': 19, '290-A': 28, '290-H': 0, '291-J': 26, '290-J': 0, '290-RA': 5, '290-R': 13, '290-J MSP-SBS': 0, '290-EB': 0, '290-QA': 18, '291-G': 20, '290-G': 0, '290-Q': 14, 'D10G-NGVR-JJN': 1, 'TR-4A': 10, '290-T': 11, '290-S': 13, '290-HA': 0, 'KLNB-BKC': 1, 'SBS-SDH': 2, 'PTH-SBS1': 4, '291-D': 22, '291-L': 3, '290-Z': 4, '290-P': 24, 'MBS-14': 10, 'SBS-JKR-ALSG-PTH': 1, 'CLO-RKH': 5, '291-K': 7, '291-A': 11, '291-E': 16, 'G-10': 0, '290 KBS-YLKOT': 2, '290-EY': 0, '291-R': 15, 'KLN-JJN': 1, '290-KA KMT-PLG': 1, 'TR-4 JJN-PLG': 2, '290-QA NRG-RKHN': 1, 'MSP-ARMYK': 1, '291-H': 21, '291-B': 2, '290-E STJHS-YLKOT': 0, 'KBS-NGVRJ-VNS': 1, '63 SBS-DPJN': 1, '290-F': 0, '290-N': 40, '317-K': 0, '241-CD': 11, 'TR-4 NGV-MRBS': 2, 'TR-4 KMT-NGV': 1, '290-C': 63, 'MBS-2': 17, '290EY KMT-YHKOT': 0, 'MBS2 PTH-MRHSPG': 1, '290-E SBS-NGW-KLN': 0, '290-E ITCF-YHKOT': 0, 'V-SBS-KNB': 1, '290-E': 52, 'PTH-SBS': 3, 'BSK-KRP-ITI': 1, '348-F': 14, 'BMSIT-3': 1, '213-D': 6, 'SBS-RJP': 2, 'SBS-HTN': 1, '375-D': 80}"
P,13.01211563,77.61606932,523,29159159,"{'290-EA': 0, '290-E SBS-PTH': 0, '291-N': 16, 'TR-4': 46, '290-EB KGR-YHK': 0, '253-A': 12, '290-M': 8, 'DPJN-JJN-NGW': 4, '290-A': 28, '290-RA': 5, '290-R': 13, '290-EB': 0, '290-QA': 18, '290-Q': 14, 'TR-4A': 10, '290-T': 11, '290-HA': 0, '291-D': 22, '291-L': 3, '290-Z': 4, '290-P': 24, 'MBS-14': 10, 'SBS-JKR-ALSG-PTH': 1, 'CLO-RKH': 5, '291-K': 7, '291-A': 11, '291-E': 16, 'G-10': 0, '290 KBS-YLKOT': 2, '290-EY': 0, '290-QA NRG-RKHN': 1, '291-H': 21, '290-E STJHS-YLKOT': 0, 'KBS-NGVRJ-VNS': 1, '290-N': 40, '317-K': 0, 'TR-4 KMT-NGV': 1, '290-C': 63, '290EY KMT-YHKOT': 0, '290-E SBS-NGW-KLN': 0, '290-E ITCF-YHKOT': 0, 'V-SBS-KNB': 1, 'BSK-KRP-ITI': 1, '348-F': 14, 'BMSIT-3': 1, '213-D': 6, 'SBS-RJP': 2, 'SBS-HTN': 1, '375-D': 80}"
Periyar Nagara Circle Tannery Road,13.00864575,77.61331335,539,29159159,"{'SBS-AMC': 0, '290-EA': 0, '290-E SBS-PTH': 0, '291-N': 16, 'TR-4': 46, '290-EB KGR-YHK': 0, '253-A': 12, '290-M': 8, 'DPJN-JJN-NGW': 4, '290-A': 28, '290-H': 0, '290-RA': 5, '290-R': 13, '290-EB': 0, '290-QA': 18, '290-G': 0, '290-Q': 14, 'TR-4A': 10, '290-T': 11, '290-HA': 0, 'SBS-SDH': 2, '291-D': 22, '291-L': 3, '290-Z': 4, '290-P': 24, 'MBS-14': 10, 'SBS-JKR-ALSG-PTH': 1, 'CLO-RKH': 5, '291-K': 7, '291-A': 11, '291-E': 16, 'G-10': 0, '290 KBS-YLKOT': 2, '290-EY': 0, '290-KA KMT-PLG': 1, 'TR-4 JJN-PLG': 2, '290-QA NRG-RKHN': 1, '291-H': 21, '290-E STJHS-YLKOT': 0, 'KBS-NGVRJ-VNS': 1, '290-N': 40, '317-K': 0, '241-CD': 11, 'TR-4 KMT-NGV': 1, '290-C': 63, '290EY KMT-YHKOT': 0, '290-E SBS-NGW-KLN': 0, '290-E ITCF-YHKOT': 0, 'V-SBS-KNB': 1, 'BSK-KRP-ITI': 1, '348-F': 14, 'BMSIT-3': 1, '213-D': 6, 'SBS-RJP': 2, 'SBS-HTN': 1, '375-D': 80}"
Pillanna Garden 9th Main,13.01192877,77.61757806,3,29159159,"{'290-KA KMT-PLG': 1, 'TR-4 JJN-PLG': 2}"
Tannery Road Canara Bank,13.00680094,77.61247259,480,29159159,"{'SBS-AMC': 0, '290-EA': 0, '290-E SBS-PTH': 0, '291-N': 16, 'TR-4': 46, '290-EB KGR-YHK': 0, '253-A': 12, '290-M': 8, 'DPJN-JJN-NGW': 4, '290-A': 28, '290-R': 13, '290-EB': 0, '290-QA': 18, '290-G': 0, '290-Q': 14, 'TR-4A': 10, '290-T': 11, '290-HA': 0, '291-D': 22, '291-L': 3, '290-Z': 4, '290-P': 24, 'MBS-14': 10, 'SBS-JKR-ALSG-PTH': 1, 'CLO-RKH': 5, '291-K': 7, '291-A': 11, '291-E': 16, 'G-10': 0, '290 KBS-YLKOT': 2, '290-EY': 0, '290-KA KMT-PLG': 1, 'TR-4 JJN-PLG': 2, '290-QA NRG-RKHN': 1, '291-H': 21, '290-E STJHS-YLKOT': 0, 'KBS-NGVRJ-VNS': 1, '317-K': 0, 'TR-4 KMT-NGV': 1, '290-C': 63, '290EY KMT-YHKOT': 0, '290-E SBS-NGW-KLN': 0, '290-E ITCF-YHKOT': 0, 'V-SBS-KNB': 1, 'BSK-KRP-ITI': 1, '348-F': 14, '213-D': 6, 'SBS-RJP': 2, 'SBS-HTN': 1, '375-D': 80}"
Bilal Masjid Tanary Road,13.01178374,77.61654675,0,29159161,{}
Charls School Toll Gate,13.00608723,77.62093865,985,29159161,"{'SBS-D10G': 31, '295-D': 21, 'KBS-D10G': 8, '293-P': 12, '296-V': 13, 'D10G-MRG': 2, 'D10G-JVH': 2, 'G-11': 35, '296-C': 18, 'KLN-LGP-SBS': 14, '292-E': 12, 'D10G-SBS': 6, '292-C': 30, '401-M NLO-CLO': 1, 'KBS-HNR-CHLS': 3, 'MGMS-KLN': 2, '292-D': 17, '293-H': 19, '292-B': 12, '293-A': 16, '294-F': 9, '294-B': 0, '294-E': 18, '294-H': 26, 'KBS-KLN': 6, '295-A': 14, '296-N': 17, '293-R': 13, '293-S': 32, '293-K': 13, '296-A': 17, '296-B': 19, '296-D': 26, '296-K': 4, '293-F': 11, 'SBS-HNS': 3, '293-J': 11, 'SBS-RYL': 2, '327-D': 5, '295-C': 34, '295-E': 12, '295-B': 15, '295-G': 17, '294-A': 11, '293-B': 11, '294-C SBS-JTN': 32, 'SBS-CHLS': 2, '296-T': 17, 'KBS-LGP-CHLS': 1, 'SGH-SBS': 2, 'KMT-BLS-YPB': 1, '293-G': 30, 'D10G-SOPHIA': 1, 'BMESU-HBL': 4, '348-H': 12, 'KMT-CHLS': 0, 'KLNB-LGP-BSK': 3, '293-N': 15, '296-Q': 23, '293-C OASIS-KMT': 1, 'SJHS-LGP-HBL': 3, '296-F': 10, 'KLNB-LGP-KBS': 2, 'MF-4': 15, '293-C': 32, '293-D': 12, '293-M': 11, '296-M': 6, '293-L': 11, '314-N': 26, 'BMT10-NRG': 1, 'HMNL-SJHS': 1, 'BMES-SBS': 3, 'KLNB-LGP-SBSP': 1, 'KLNB-LGP-SSMT': 1, 'SBS-SMHSL': 3, '293 KBS-SMHS': 2, '296 SBS-BMESL': 1, '293-E': 10, '295-D SBS-BMT10': 1, 'GDWC-BGL': 1, '293 SBS-HMN': 7, '293 SBS-LGP-KLN': 4, '293G SBS-BMT48': 16, '293F KMT-BMT48': 6, '293S KBS-BMT48': 6, 'D10G-BMES': 1, '293 BMT10-ARMY': 2, '295-KMT-D48': 2, '294-C BMT48-MGMS': 1, 'G11-BMT48-MGMS': 2, '294-D': 12, 'HNR-Ernst Young B': 1, '500-A CSB-SJHSU': 3, '293-S KBS-HNS': 2, 'BMT10-DRDO2': 1, 'HALM-SBS-BMES': 1, 'SVM-SBS-BMES': 1}"
Muslim Colony,13.01059863,77.61522169,724,29159161,"{'SBS-AMC': 0, '290-EA': 0, '290-E SBS-PTH': 0, '291-N': 16, 'TR-4': 46, '290-EB YHK-KGR': 0, '290-EB KGR-YHK': 0, 'NGW-DPJN': 6, '253-A': 12, '290-M': 8, 'DPJN-JJN-NGW': 4, '290-D': 19, '290-A': 28, '290-H': 0, '291-J': 26, '290-J': 0, '290-RA': 5, '290-R': 13, '290-J MSP-SBS': 0, '290-EB': 0, '290-QA': 18, '291-G': 20, '290-G': 0, '290-Q': 14, 'D10G-NGVR-JJN': 1, 'TR-4A': 10, '290-T': 11, '290-S': 13, '290-HA': 0, 'KLNB-BKC': 1, 'SBS-SDH': 2, 'PTH-SBS1': 4, '291-D': 22, '291-L': 3, '290-Z': 4, '290-P': 24, 'MBS-14': 10, 'SBS-JKR-ALSG-PTH': 1, 'CLO-RKH': 5, '291-K': 7, '291-A': 11, '291-E': 16, 'G-10': 0, '290 KBS-YLKOT': 2, '290-EY': 0, '291-R': 15, 'KLN-JJN': 1, '290-KA KMT-PLG': 1, 'TR-4 JJN-PLG': 2, '290-QA NRG-RKHN': 1, 'MSP-ARMYK': 1, '291-H': 21, '291-B': 2, '290-E STJHS-YLKOT': 0, 'KBS-NGVRJ-VNS': 1, '63 SBS-DPJN': 1, '290-F': 0, '290-N': 40, '317-K': 0, '241-CD': 11, 'TR-4 NGV-MRBS': 2, 'TR-4 KMT-NGV': 1, '290-C': 63, 'MBS-2': 17, '290EY KMT-YHKOT': 0, 'MBS2 PTH-MRHSPG': 1, '290-E SBS-NGW-KLN': 0, '290-E ITCF-YHKOT': 0, 'V-SBS-KNB': 1, '290-E': 52, 'PTH-SBS': 3, 'BSK-KRP-ITI': 1, '348-F': 14, 'BMSIT-3': 1, '213-D': 6, 'SBS-RJP': 2, 'SBS-HTN': 1, '375-D': 80}"
P,13.01211563,77.61606932,523,29159161,"{'290-EA': 0, '290-E SBS-PTH': 0, '291-N': 16, 'TR-4': 46, '290-EB KGR-YHK': 0, '253-A': 12, '290-M': 8, 'DPJN-JJN-NGW': 4, '290-A': 28, '290-RA': 5, '290-R': 13, '290-EB': 0, '290-QA': 18, '290-Q': 14, 'TR-4A': 10, '290-T': 11, '290-HA': 0, '291-D': 22, '291-L': 3, '290-Z': 4, '290-P': 24, 'MBS-14': 10, 'SBS-JKR-ALSG-PTH': 1, 'CLO-RKH': 5, '291-K': 7, '291-A': 11, '291-E': 16, 'G-10': 0, '290 KBS-YLKOT': 2, '290-EY': 0, '290-QA NRG-RKHN': 1, '291-H': 21, '290-E STJHS-YLKOT': 0, 'KBS-NGVRJ-VNS': 1, '290-N': 40, '317-K': 0, 'TR-4 KMT-NGV': 1, '290-C': 63, '290EY KMT-YHKOT': 0, '290-E SBS-NGW-KLN': 0, '290-E ITCF-YHKOT': 0, 'V-SBS-KNB': 1, 'BSK-KRP-ITI': 1, '348-F': 14, 'BMSIT-3': 1, '213-D': 6, 'SBS-RJP': 2, 'SBS-HTN': 1, '375-D': 80}"
Periyar Nagara Circle Tannery Road,13.00864575,77.61331335,539,29159161,"{'SBS-AMC': 0, '290-EA': 0, '290-E SBS-PTH': 0, '291-N': 16, 'TR-4': 46, '290-EB KGR-YHK': 0, '253-A': 12, '290-M': 8, 'DPJN-JJN-NGW': 4, '290-A': 28, '290-H': 0, '290-RA': 5, '290-R': 13, '290-EB': 0, '290-QA': 18, '290-G': 0, '290-Q': 14, 'TR-4A': 10, '290-T': 11, '290-HA': 0, 'SBS-SDH': 2, '291-D': 22, '291-L': 3, '290-Z': 4, '290-P': 24, 'MBS-14': 10, 'SBS-JKR-ALSG-PTH': 1, 'CLO-RKH': 5, '291-K': 7, '291-A': 11, '291-E': 16, 'G-10': 0, '290 KBS-YLKOT': 2, '290-EY': 0, '290-KA KMT-PLG': 1, 'TR-4 JJN-PLG': 2, '290-QA NRG-RKHN': 1, '291-H': 21, '290-E STJHS-YLKOT': 0, 'KBS-NGVRJ-VNS': 1, '290-N': 40, '317-K': 0, '241-CD': 11, 'TR-4 KMT-NGV': 1, '290-C': 63, '290EY KMT-YHKOT': 0, '290-E SBS-NGW-KLN': 0, '290-E ITCF-YHKOT': 0, 'V-SBS-KNB': 1, 'BSK-KRP-ITI': 1, '348-F': 14, 'BMSIT-3': 1, '213-D': 6, 'SBS-RJP': 2, 'SBS-HTN': 1, '375-D': 80}"
Pillanna Garden 9th Main,13.01192877,77.61757806,3,29159161,"{'290-KA KMT-PLG': 1, 'TR-4 JJN-PLG': 2}"
Tannery Road Canara Bank,13.00680094,77.61247259,480,29159161,"{'SBS-AMC': 0, '290-EA': 0, '290-E SBS-PTH': 0, '291-N': 16, 'TR-4': 46, '290-EB KGR-YHK': 0, '253-A': 12, '290-M': 8, 'DPJN-JJN-NGW': 4, '290-A': 28, '290-R': 13, '290-EB': 0, '290-QA': 18, '290-G': 0, '290-Q': 14, 'TR-4A': 10, '290-T': 11, '290-HA': 0, '291-D': 22, '291-L': 3, '290-Z': 4, '290-P': 24, 'MBS-14': 10, 'SBS-JKR-ALSG-PTH': 1, 'CLO-RKH': 5, '291-K': 7, '291-A': 11, '291-E': 16, 'G-10': 0, '290 KBS-YLKOT': 2, '290-EY': 0, '290-KA KMT-PLG': 1, 'TR-4 JJN-PLG': 2, '290-QA NRG-RKHN': 1, '291-H': 21, '290-E STJHS-YLKOT': 0, 'KBS-NGVRJ-VNS': 1, '317-K': 0, 'TR-4 KMT-NGV': 1, '290-C': 63, '290EY KMT-YHKOT': 0, '290-E SBS-NGW-KLN': 0, '290-E ITCF-YHKOT': 0, 'V-SBS-KNB': 1, 'BSK-KRP-ITI': 1, '348-F': 14, '213-D': 6, 'SBS-RJP': 2, 'SBS-HTN': 1, '375-D': 80}"
Bilal Masjid Tanary Road,13.01178374,77.61654675,0,29159162,{}
Muslim Colony,13.01059863,77.61522169,724,29159162,"{'SBS-AMC': 0, '290-EA': 0, '290-E SBS-PTH': 0, '291-N': 16, 'TR-4': 46, '290-EB YHK-KGR': 0, '290-EB KGR-YHK': 0, 'NGW-DPJN': 6, '253-A': 12, '290-M': 8, 'DPJN-JJN-NGW': 4, '290-D': 19, '290-A': 28, '290-H': 0, '291-J': 26, '290-J': 0, '290-RA': 5, '290-R': 13, '290-J MSP-SBS': 0, '290-EB': 0, '290-QA': 18, '291-G': 20, '290-G': 0, '290-Q': 14, 'D10G-NGVR-JJN': 1, 'TR-4A': 10, '290-T': 11, '290-S': 13, '290-HA': 0, 'KLNB-BKC': 1, 'SBS-SDH': 2, 'PTH-SBS1': 4, '291-D': 22, '291-L': 3, '290-Z': 4, '290-P': 24, 'MBS-14': 10, 'SBS-JKR-ALSG-PTH': 1, 'CLO-RKH': 5, '291-K': 7, '291-A': 11, '291-E': 16, 'G-10': 0, '290 KBS-YLKOT': 2, '290-EY': 0, '291-R': 15, 'KLN-JJN': 1, '290-KA KMT-PLG': 1, 'TR-4 JJN-PLG': 2, '290-QA NRG-RKHN': 1, 'MSP-ARMYK': 1, '291-H': 21, '291-B': 2, '290-E STJHS-YLKOT': 0, 'KBS-NGVRJ-VNS': 1, '63 SBS-DPJN': 1, '290-F': 0, '290-N': 40, '317-K': 0, '241-CD': 11, 'TR-4 NGV-MRBS': 2, 'TR-4 KMT-NGV': 1, '290-C': 63, 'MBS-2': 17, '290EY KMT-YHKOT': 0, 'MBS2 PTH-MRHSPG': 1, '290-E SBS-NGW-KLN': 0, '290-E ITCF-YHKOT': 0, 'V-SBS-KNB': 1, '290-E': 52, 'PTH-SBS': 3, 'BSK-KRP-ITI': 1, '348-F': 14, 'BMSIT-3': 1, '213-D': 6, 'SBS-RJP': 2, 'SBS-HTN': 1, '375-D': 80}"
P,13.01211563,77.61606932,523,29159162,"{'290-EA': 0, '290-E SBS-PTH': 0, '291-N': 16, 'TR-4': 46, '290-EB KGR-YHK': 0, '253-A': 12, '290-M': 8, 'DPJN-JJN-NGW': 4, '290-A': 28, '290-RA': 5, '290-R': 13, '290-EB': 0, '290-QA': 18, '290-Q': 14, 'TR-4A': 10, '290-T': 11, '290-HA': 0, '291-D': 22, '291-L': 3, '290-Z': 4, '290-P': 24, 'MBS-14': 10, 'SBS-JKR-ALSG-PTH': 1, 'CLO-RKH': 5, '291-K': 7, '291-A': 11, '291-E': 16, 'G-10': 0, '290 KBS-YLKOT': 2, '290-EY': 0, '290-QA NRG-RKHN': 1, '291-H': 21, '290-E STJHS-YLKOT': 0, 'KBS-NGVRJ-VNS': 1, '290-N': 40, '317-K': 0, 'TR-4 KMT-NGV': 1, '290-C': 63, '290EY KMT-YHKOT': 0, '290-E SBS-NGW-KLN': 0, '290-E ITCF-YHKOT': 0, 'V-SBS-KNB': 1, 'BSK-KRP-ITI': 1, '348-F': 14, 'BMSIT-3': 1, '213-D': 6, 'SBS-RJP': 2, 'SBS-HTN': 1, '375-D': 80}"
Periyar Nagara Circle Tannery Road,13.00864575,77.61331335,539,29159162,"{'SBS-AMC': 0, '290-EA': 0, '290-E SBS-PTH': 0, '291-N': 16, 'TR-4': 46, '290-EB KGR-YHK': 0, '253-A': 12, '290-M': 8, 'DPJN-JJN-NGW': 4, '290-A': 28, '290-H': 0, '290-RA': 5, '290-R': 13, '290-EB': 0, '290-QA': 18, '290-G': 0, '290-Q': 14, 'TR-4A': 10, '290-T': 11, '290-HA': 0, 'SBS-SDH': 2, '291-D': 22, '291-L': 3, '290-Z': 4, '290-P': 24, 'MBS-14': 10, 'SBS-JKR-ALSG-PTH': 1, 'CLO-RKH': 5, '291-K': 7, '291-A': 11, '291-E': 16, 'G-10': 0, '290 KBS-YLKOT': 2, '290-EY': 0, '290-KA KMT-PLG': 1, 'TR-4 JJN-PLG': 2, '290-QA NRG-RKHN': 1, '291-H': 21, '290-E STJHS-YLKOT': 0, 'KBS-NGVRJ-VNS': 1, '290-N': 40, '317-K': 0, '241-CD': 11, 'TR-4 KMT-NGV': 1, '290-C': 63, '290EY KMT-YHKOT': 0, '290-E SBS-NGW-KLN': 0, '290-E ITCF-YHKOT': 0, 'V-SBS-KNB': 1, 'BSK-KRP-ITI': 1, '348-F': 14, 'BMSIT-3': 1, '213-D': 6, 'SBS-RJP': 2, 'SBS-HTN': 1, '375-D': 80}"
Pillanna Garden 9th Main,13.01192877,77.61757806,3,29159162,"{'290-KA KMT-PLG': 1, 'TR-4 JJN-PLG': 2}"
Tannery Road Canara Bank,13.00680094,77.61247259,480,29159162,"{'SBS-AMC': 0, '290-EA': 0, '290-E SBS-PTH': 0, '291-N': 16, 'TR-4': 46, '290-EB KGR-YHK': 0, '253-A': 12, '290-M': 8, 'DPJN-JJN-NGW': 4, '290-A': 28, '290-R': 13, '290-EB': 0, '290-QA': 18, '290-G': 0, '290-Q': 14, 'TR-4A': 10, '290-T': 11, '290-HA': 0, '291-D': 22, '291-L': 3, '290-Z': 4, '290-P': 24, 'MBS-14': 10, 'SBS-JKR-ALSG-PTH': 1, 'CLO-RKH': 5, '291-K': 7, '291-A': 11, '291-E': 16, 'G-10': 0, '290 KBS-YLKOT': 2, '290-EY': 0, '290-KA KMT-PLG': 1, 'TR-4 JJN-PLG': 2, '290-QA NRG-RKHN': 1, '291-H': 21, '290-E STJHS-YLKOT': 0, 'KBS-NGVRJ-VNS': 1, '317-K': 0, 'TR-4 KMT-NGV': 1, '290-C': 63, '290EY KMT-YHKOT': 0, '290-E SBS-NGW-KLN': 0, '290-E ITCF-YHKOT': 0, 'V-SBS-KNB': 1, 'BSK-KRP-ITI': 1, '348-F': 14, '213-D': 6, 'SBS-RJP': 2, 'SBS-HTN': 1, '375-D': 80}"
Bilal Masjid Tanary Road,13.01178374,77.61654675,0,29159163,{}
Muslim Colony,13.01059863,77.61522169,724,29159163,"{'SBS-AMC': 0, '290-EA': 0, '290-E SBS-PTH': 0, '291-N': 16, 'TR-4': 46, '290-EB YHK-KGR': 0, '290-EB KGR-YHK': 0, 'NGW-DPJN': 6, '253-A': 12, '290-M': 8, 'DPJN-JJN-NGW': 4, '290-D': 19, '290-A': 28, '290-H': 0, '291-J': 26, '290-J': 0, '290-RA': 5, '290-R': 13, '290-J MSP-SBS': 0, '290-EB': 0, '290-QA': 18, '291-G': 20, '290-G': 0, '290-Q': 14, 'D10G-NGVR-JJN': 1, 'TR-4A': 10, '290-T': 11, '290-S': 13, '290-HA': 0, 'KLNB-BKC': 1, 'SBS-SDH': 2, 'PTH-SBS1': 4, '291-D': 22, '291-L': 3, '290-Z': 4, '290-P': 24, 'MBS-14': 10, 'SBS-JKR-ALSG-PTH': 1, 'CLO-RKH': 5, '291-K': 7, '291-A': 11, '291-E': 16, 'G-10': 0, '290 KBS-YLKOT': 2, '290-EY': 0, '291-R': 15, 'KLN-JJN': 1, '290-KA KMT-PLG': 1, 'TR-4 JJN-PLG': 2, '290-QA NRG-RKHN': 1, 'MSP-ARMYK': 1, '291-H': 21, '291-B': 2, '290-E STJHS-YLKOT': 0, 'KBS-NGVRJ-VNS': 1, '63 SBS-DPJN': 1, '290-F': 0, '290-N': 40, '317-K': 0, '241-CD': 11, 'TR-4 NGV-MRBS': 2, 'TR-4 KMT-NGV': 1, '290-C': 63, 'MBS-2': 17, '290EY KMT-YHKOT': 0, 'MBS2 PTH-MRHSPG': 1, '290-E SBS-NGW-KLN': 0, '290-E ITCF-YHKOT': 0, 'V-SBS-KNB': 1, '290-E': 52, 'PTH-SBS': 3, 'BSK-KRP-ITI': 1, '348-F': 14, 'BMSIT-3': 1, '213-D': 6, 'SBS-RJP': 2, 'SBS-HTN': 1, '375-D': 80}"
P,13.01211563,77.61606932,523,29159163,"{'290-EA': 0, '290-E SBS-PTH': 0, '291-N': 16, 'TR-4': 46, '290-EB KGR-YHK': 0, '253-A': 12, '290-M': 8, 'DPJN-JJN-NGW': 4, '290-A': 28, '290-RA': 5, '290-R': 13, '290-EB': 0, '290-QA': 18, '290-Q': 14, 'TR-4A': 10, '290-T': 11, '290-HA': 0, '291-D': 22, '291-L': 3, '290-Z': 4, '290-P': 24, 'MBS-14': 10, 'SBS-JKR-ALSG-PTH': 1, 'CLO-RKH': 5, '291-K': 7, '291-A': 11, '291-E': 16, 'G-10': 0, '290 KBS-YLKOT': 2, '290-EY': 0, '290-QA NRG-RKHN': 1, '291-H': 21, '290-E STJHS-YLKOT': 0, 'KBS-NGVRJ-VNS': 1, '290-N': 40, '317-K': 0, 'TR-4 KMT-NGV': 1, '290-C': 63, '290EY KMT-YHKOT': 0, '290-E SBS-NGW-KLN': 0, '290-E ITCF-YHKOT': 0, 'V-SBS-KNB': 1, 'BSK-KRP-ITI': 1, '348-F': 14, 'BMSIT-3': 1, '213-D': 6, 'SBS-RJP': 2, 'SBS-HTN': 1, '375-D': 80}"
Periyar Nagara Circle Tannery Road,13.00864575,77.61331335,539,29159163,"{'SBS-AMC': 0, '290-EA': 0, '290-E SBS-PTH': 0, '291-N': 16, 'TR-4': 46, '290-EB KGR-YHK': 0, '253-A': 12, '290-M': 8, 'DPJN-JJN-NGW': 4, '290-A': 28, '290-H': 0, '290-RA': 5, '290-R': 13, '290-EB': 0, '290-QA': 18, '290-G': 0, '290-Q': 14, 'TR-4A': 10, '290-T': 11, '290-HA': 0, 'SBS-SDH': 2, '291-D': 22, '291-L': 3, '290-Z': 4, '290-P': 24, 'MBS-14': 10, 'SBS-JKR-ALSG-PTH': 1, 'CLO-RKH': 5, '291-K': 7, '291-A': 11, '291-E': 16, 'G-10': 0, '290 KBS-YLKOT': 2, '290-EY': 0, '290-KA KMT-PLG': 1, 'TR-4 JJN-PLG': 2, '290-QA NRG-RKHN': 1, '291-H': 21, '290-E STJHS-YLKOT': 0, 'KBS-NGVRJ-VNS': 1, '290-N': 40, '317-K': 0, '241-CD': 11, 'TR-4 KMT-NGV': 1, '290-C': 63, '290EY KMT-YHKOT': 0, '290-E SBS-NGW-KLN': 0, '290-E ITCF-YHKOT': 0, 'V-SBS-KNB': 1, 'BSK-KRP-ITI': 1, '348-F': 14, 'BMSIT-3': 1, '213-D': 6, 'SBS-RJP': 2, 'SBS-HTN': 1, '375-D': 80}"
Pillanna Garden 9th Main,13.01192877,77.61757806,3,29159163,"{'290-KA KMT-PLG': 1, 'TR-4 JJN-PLG': 2}"
Tannery Road Canara Bank,13.00680094,77.61247259,480,29159163,"{'SBS-AMC': 0, '290-EA': 0, '290-E SBS-PTH': 0, '291-N': 16, 'TR-4': 46, '290-EB KGR-YHK': 0, '253-A': 12, '290-M': 8, 'DPJN-JJN-NGW': 4, '290-A': 28, '290-R': 13, '290-EB': 0, '290-QA': 18, '290-G': 0, '290-Q': 14, 'TR-4A': 10, '290-T': 11, '290-HA': 0, '291-D': 22, '291-L': 3, '290-Z': 4, '290-P': 24, 'MBS-14': 10, 'SBS-JKR-ALSG-PTH': 1, 'CLO-RKH': 5, '291-K': 7, '291-A': 11, '291-E': 16, 'G-10': 0, '290 KBS-YLKOT': 2, '290-EY': 0, '290-KA KMT-PLG': 1, 'TR-4 JJN-PLG': 2, '290-QA NRG-RKHN': 1, '291-H': 21, '290-E STJHS-YLKOT': 0, 'KBS-NGVRJ-VNS': 1, '317-K': 0, 'TR-4 KMT-NGV': 1, '290-C': 63, '290EY KMT-YHKOT': 0, '290-E SBS-NGW-KLN': 0, '290-E ITCF-YHKOT': 0, 'V-SBS-KNB': 1, 'BSK-KRP-ITI': 1, '348-F': 14, '213-D': 6, 'SBS-RJP': 2, 'SBS-HTN': 1, '375-D': 80}"
Bilal Masjid Tanary Road,13.01178374,77.61654675,0,29159164,{}
Charls School Toll Gate,13.00608723,77.62093865,985,29159164,"{'SBS-D10G': 31, '295-D': 21, 'KBS-D10G': 8, '293-P': 12, '296-V': 13, 'D10G-MRG': 2, 'D10G-JVH': 2, 'G-11': 35, '296-C': 18, 'KLN-LGP-SBS': 14, '292-E': 12, 'D10G-SBS': 6, '292-C': 30, '401-M NLO-CLO': 1, 'KBS-HNR-CHLS': 3, 'MGMS-KLN': 2, '292-D': 17, '293-H': 19, '292-B': 12, '293-A': 16, '294-F': 9, '294-B': 0, '294-E': 18, '294-H': 26, 'KBS-KLN': 6, '295-A': 14, '296-N': 17, '293-R': 13, '293-S': 32, '293-K': 13, '296-A': 17, '296-B': 19, '296-D': 26, '296-K': 4, '293-F': 11, 'SBS-HNS': 3, '293-J': 11, 'SBS-RYL': 2, '327-D': 5, '295-C': 34, '295-E': 12, '295-B': 15, '295-G': 17, '294-A': 11, '293-B': 11, '294-C SBS-JTN': 32, 'SBS-CHLS': 2, '296-T': 17, 'KBS-LGP-CHLS': 1, 'SGH-SBS': 2, 'KMT-BLS-YPB': 1, '293-G': 30, 'D10G-SOPHIA': 1, 'BMESU-HBL': 4, '348-H': 12, 'KMT-CHLS': 0, 'KLNB-LGP-BSK': 3, '293-N': 15, '296-Q': 23, '293-C OASIS-KMT': 1, 'SJHS-LGP-HBL': 3, '296-F': 10, 'KLNB-LGP-KBS': 2, 'MF-4': 15, '293-C': 32, '293-D': 12, '293-M': 11, '296-M': 6, '293-L': 11, '314-N': 26, 'BMT10-NRG': 1, 'HMNL-SJHS': 1, 'BMES-SBS': 3, 'KLNB-LGP-SBSP': 1, 'KLNB-LGP-SSMT': 1, 'SBS-SMHSL': 3, '293 KBS-SMHS': 2, '296 SBS-BMESL': 1, '293-E': 10, '295-D SBS-BMT10': 1, 'GDWC-BGL': 1, '293 SBS-HMN': 7, '293 SBS-LGP-KLN': 4, '293G SBS-BMT48': 16, '293F KMT-BMT48': 6, '293S KBS-BMT48': 6, 'D10G-BMES': 1, '293 BMT10-ARMY': 2, '295-KMT-D48': 2, '294-C BMT48-MGMS': 1, 'G11-BMT48-MGMS': 2, '294-D': 12, 'HNR-Ernst Young B': 1, '500-A CSB-SJHSU': 3, '293-S KBS-HNS': 2, 'BMT10-DRDO2': 1, 'HALM-SBS-BMES': 1, 'SVM-SBS-BMES': 1}"
Devis Road,13.00327455,77.61898018,932,29159164,"{'SBS-D10G': 31, '295-D': 21, '293-P': 12, '296-V': 13, 'G-11': 35, '296-C': 18, 'KLN-LGP-SBS': 14, '292-E': 12, 'D10G-SBS': 6, '292-C': 30, '401-M NLO-CLO': 1, 'KBS-HNR-CHLS': 3, 'MGMS-KLN': 2, '292-D': 17, '293-H': 19, '292-B': 12, '293-A': 16, '294-F': 9, '294-B': 0, '294-E': 18, '294-H': 26, 'KBS-KLN': 6, '295-A': 14, '296-N': 17, '293-R': 13, '293-S': 32, '293-K': 13, '296-A': 17, '296-B': 19, '296-D': 26, '296-K': 4, '293-F': 11, 'SBS-HNS': 3, '293-J': 11, 'SBS-RYL': 2, '327-D': 5, '295-C': 34, '295-E': 12, '295-B': 15, '295-G': 17, '294-A': 11, '293-B': 11, '294-C SBS-JTN': 32, 'SBS-CHLS': 2, '296-T': 17, 'KBS-LGP-CHLS': 1, 'SGH-SBS': 2, 'KMT-BLS-YPB': 1, 'BMESU-HBL': 4, '348-H': 12, 'KMT-CHLS': 0, 'KLNB-LGP-BSK': 3, '293-N': 15, '296-Q': 23, '293-C OASIS-KMT': 1, 'KBS-BDSN': 4, 'SJHS-LGP-HBL': 3, '296-F': 10, 'KLNB-LGP-KBS': 2, 'MF-4': 15, '293-C': 32, '293-D': 12, '293-M': 11, '296-M': 6, '293-L': 11, 'OASIS-4A': 3, 'OASIS-4B': 2, 'OASIS-2A': 2, 'BMT10-NRG': 1, 'SMHS-1': 6, 'HMNL-SJHS': 1, 'BMES-SBS': 3, 'KLNB-LGP-SBSP': 1, 'KLNB-LGP-SSMT': 1, 'ADT-9': 4, 'SBS-SMHSL': 3, '293 KBS-SMHS': 2, 'BMES-5': 3, 'BCGHS-9': 2, 'BCGHS-18': 2, 'VNS-03': 3, '293-E': 10, 'OASIS-2B': 2, '295-D SBS-BMT10': 1, 'CHLS-09': 3, 'GDWC-BGL': 1, '293 SBS-HMN': 7, '293 SBS-LGP-KLN': 4, '293F KMT-BMT48': 6, '293S KBS-BMT48': 6, '293 BMT10-ARMY': 2, '294-C BMT48-MGMS': 1, 'G11-BMT48-MGMS': 2, '294-D': 12, '500-A CSB-SJHSU': 3, '293-S KBS-HNS': 2, 'ARMY-4': 2, 'HALM-SBS-BMES': 1, 'SVM-SBS-BMES': 1}"
Lingarajapura Bridge,13.00898839,77.62319770,989,29159164,"{'SBS-D10G': 31, '295-D': 21, 'KBS-D10G': 8, '293-P': 12, '296-V': 13, 'D10G-MRG': 2, 'D10G-JVH': 2, 'G-11': 35, '296-C': 18, 'KLN-LGP-SBS': 14, '292-E': 12, 'D10G-SBS': 6, '292-C': 30, '401-M NLO-CLO': 1, 'KBS-HNR-CHLS': 3, 'MGMS-KLN': 2, '292-D': 17, '293-H': 19, '292-B': 12, '293-A': 16, '294-F': 9, '294-B': 0, '294-E': 18, '294-H': 26, 'KBS-KLN': 6, '295-A': 14, '296-N': 17, '293-R': 13, '293-S': 32, '293-K': 13, '296-A': 17, '296-B': 19, '296-D': 26, '296-K': 4, '293-F': 11, 'SBS-HNS': 3, '293-J': 11, 'SBS-RYL': 2, '327-D': 5, '295-C': 34, '295-E': 12, '295-B': 15, '295-G': 17, '294-A': 11, '293-B': 11, '294-C SBS-JTN': 32, 'SBS-CHLS': 2, '296-T': 17, 'KBS-LGP-CHLS': 1, 'SGH-SBS': 2, 'G-11 SNBS-BLR': 1, 'KMT-BLS-YPB': 1, '293-G': 30, 'BMESU-HBL': 4, '348-H': 12, 'KMT-CHLS': 0, 'KLNB-LGP-BSK': 3, '293-N': 15, '296-Q': 23, '293-C OASIS-KMT': 1, 'KBS-BDSN': 4, 'SJHS-LGP-HBL': 3, '296-F': 10, 'KLNB-LGP-KBS': 2, 'MF-4': 15, '293-C': 32, '293-D': 12, '293-M': 11, '296-M': 6, '293-L': 11, '314-N': 26, 'BMT10-NRG': 1, 'HMNL-SJHS': 1, 'BMES-SBS': 3, 'KLNB-LGP-SBSP': 1, 'KLNB-LGP-SSMT': 1, 'SBS-SMHSL': 3, '293 KBS-SMHS': 2, '296 SBS-BMESL': 1, '293-E': 10, '295-D SBS-BMT10': 1, 'GDWC-BGL': 1, '293 SBS-HMN': 7, '293 SBS-LGP-KLN': 4, '293G SBS-BMT48': 16, '293F KMT-BMT48': 6, '293S KBS-BMT48': 6, 'D10G-BMES': 1, '293 BMT10-ARMY': 2, '295-KMT-D48': 2, '294-C BMT48-MGMS': 1, 'G11-BMT48-MGMS': 2, '294-D': 12, 'HNR-Ernst Young B': 1, '500-A CSB-SJHSU': 3, '293-S KBS-HNS': 2, 'BMT10-DRDO2': 1, 'HALM-SBS-BMES': 1, 'SVM-SBS-BMES': 1}"
Muslim Colony,13.01059863,77.61522169,724,29159164,"{'SBS-AMC': 0, '290-EA': 0, '290-E SBS-PTH': 0, '291-N': 16, 'TR-4': 46, '290-EB YHK-KGR': 0, '290-EB KGR-YHK': 0, 'NGW-DPJN': 6, '253-A': 12, '290-M': 8, 'DPJN-JJN-NGW': 4, '290-D': 19, '290-A': 28, '290-H': 0, '291-J': 26, '290-J': 0, '290-RA': 5, '290-R': 13, '290-J MSP-SBS': 0, '290-EB': 0, '290-QA': 18, '291-G': 20, '290-G': 0, '290-Q': 14, 'D10G-NGVR-JJN': 1, 'TR-4A': 10, '290-T': 11, '290-S': 13, '290-HA': 0, 'KLNB-BKC': 1, 'SBS-SDH': 2, 'PTH-SBS1': 4, '291-D': 22, '291-L': 3, '290-Z': 4, '290-P': 24, 'MBS-14': 10, 'SBS-JKR-ALSG-PTH': 1, 'CLO-RKH': 5, '291-K': 7, '291-A': 11, '291-E': 16, 'G-10': 0, '290 KBS-YLKOT': 2, '290-EY': 0, '291-R': 15, 'KLN-JJN': 1, '290-KA KMT-PLG': 1, 'TR-4 JJN-PLG': 2, '290-QA NRG-RKHN': 1, 'MSP-ARMYK': 1, '291-H': 21, '291-B': 2, '290-E STJHS-YLKOT': 0, 'KBS-NGVRJ-VNS': 1, '63 SBS-DPJN': 1, '290-F': 0, '290-N': 40, '317-K': 0, '241-CD': 11, 'TR-4 NGV-MRBS': 2, 'TR-4 KMT-NGV': 1, '290-C': 63, 'MBS-2': 17, '290EY KMT-YHKOT': 0, 'MBS2 PTH-MRHSPG': 1, '290-E SBS-NGW-KLN': 0, '290-E ITCF-YHKOT': 0, 'V-SBS-KNB': 1, '290-E': 52, 'PTH-SBS': 3, 'BSK-KRP-ITI': 1, '348-F': 14, 'BMSIT-3': 1, '213-D': 6, 'SBS-RJP': 2, 'SBS-HTN': 1, '375-D': 80}"
P,13.01211563,77.61606932,523,29159164,"{'290-EA': 0, '290-E SBS-PTH': 0, '291-N': 16, 'TR-4': 46, '290-EB KGR-YHK': 0, '253-A': 12, '290-M': 8, 'DPJN-JJN-NGW': 4, '290-A': 28, '290-RA': 5, '290-R': 13, '290-EB': 0, '290-QA': 18, '290-Q': 14, 'TR-4A': 10, '290-T': 11, '290-HA': 0, '291-D': 22, '291-L': 3, '290-Z': 4, '290-P': 24, 'MBS-14': 10, 'SBS-JKR-ALSG-PTH': 1, 'CLO-RKH': 5, '291-K': 7, '291-A': 11, '291-E': 16, 'G-10': 0, '290 KBS-YLKOT': 2, '290-EY': 0, '290-QA NRG-RKHN': 1, '291-H': 21, '290-E STJHS-YLKOT': 0, 'KBS-NGVRJ-VNS': 1, '290-N': 40, '317-K': 0, 'TR-4 KMT-NGV': 1, '290-C': 63, '290EY KMT-YHKOT': 0, '290-E SBS-NGW-KLN': 0, '290-E ITCF-YHKOT': 0, 'V-SBS-KNB': 1, 'BSK-KRP-ITI': 1, '348-F': 14, 'BMSIT-3': 1, '213-D': 6, 'SBS-RJP': 2, 'SBS-HTN': 1, '375-D': 80}"
Pillanna Garden 9th Main,13.01192877,77.61757806,3,29159164,"{'290-KA KMT-PLG': 1, 'TR-4 JJN-PLG': 2}"
Bilal Masjid Tanary Road,13.01178374,77.61654675,0,29159165,{}
Charls School Toll Gate,13.00608723,77.62093865,985,29159165,"{'SBS-D10G': 31, '295-D': 21, 'KBS-D10G': 8, '293-P': 12, '296-V': 13, 'D10G-MRG': 2, 'D10G-JVH': 2, 'G-11': 35, '296-C': 18, 'KLN-LGP-SBS': 14, '292-E': 12, 'D10G-SBS': 6, '292-C': 30, '401-M NLO-CLO': 1, 'KBS-HNR-CHLS': 3, 'MGMS-KLN': 2, '292-D': 17, '293-H': 19, '292-B': 12, '293-A': 16, '294-F': 9, '294-B': 0, '294-E': 18, '294-H': 26, 'KBS-KLN': 6, '295-A': 14, '296-N': 17, '293-R': 13, '293-S': 32, '293-K': 13, '296-A': 17, '296-B': 19, '296-D': 26, '296-K': 4, '293-F': 11, 'SBS-HNS': 3, '293-J': 11, 'SBS-RYL': 2, '327-D': 5, '295-C': 34, '295-E': 12, '295-B': 15, '295-G': 17, '294-A': 11, '293-B': 11, '294-C SBS-JTN': 32, 'SBS-CHLS': 2, '296-T': 17, 'KBS-LGP-CHLS': 1, 'SGH-SBS': 2, 'KMT-BLS-YPB': 1, '293-G': 30, 'D10G-SOPHIA': 1, 'BMESU-HBL': 4, '348-H': 12, 'KMT-CHLS': 0, 'KLNB-LGP-BSK': 3, '293-N': 15, '296-Q': 23, '293-C OASIS-KMT': 1, 'SJHS-LGP-HBL': 3, '296-F': 10, 'KLNB-LGP-KBS': 2, 'MF-4': 15, '293-C': 32, '293-D': 12, '293-M': 11, '296-M': 6, '293-L': 11, '314-N': 26, 'BMT10-NRG': 1, 'HMNL-SJHS': 1, 'BMES-SBS': 3, 'KLNB-LGP-SBSP': 1, 'KLNB-LGP-SSMT': 1, 'SBS-SMHSL': 3, '293 KBS-SMHS': 2, '296 SBS-BMESL': 1, '293-E': 10, '295-D SBS-BMT10': 1, 'GDWC-BGL': 1, '293 SBS-HMN': 7, '293 SBS-LGP-KLN': 4, '293G SBS-BMT48': 16, '293F KMT-BMT48': 6, '293S KBS-BMT48': 6, 'D10G-BMES': 1, '293 BMT10-ARMY': 2, '295-KMT-D48': 2, '294-C BMT48-MGMS': 1, 'G11-BMT48-MGMS': 2, '294-D': 12, 'HNR-Ernst Young B': 1, '500-A CSB-SJHSU': 3, '293-S KBS-HNS': 2, 'BMT10-DRDO2': 1, 'HALM-SBS-BMES': 1, 'SVM-SBS-BMES': 1}"
Muslim Colony,13.01059863,77.61522169,724,29159165,"{'SBS-AMC': 0, '290-EA': 0, '290-E SBS-PTH': 0, '291-N': 16, 'TR-4': 46, '290-EB YHK-KGR': 0, '290-EB KGR-YHK': 0, 'NGW-DPJN': 6, '253-A': 12, '290-M': 8, 'DPJN-JJN-NGW': 4, '290-D': 19, '290-A': 28, '290-H': 0, '291-J': 26, '290-J': 0, '290-RA': 5, '290-R': 13, '290-J MSP-SBS': 0, '290-EB': 0, '290-QA': 18, '291-G': 20, '290-G': 0, '290-Q': 14, 'D10G-NGVR-JJN': 1, 'TR-4A': 10, '290-T': 11, '290-S': 13, '290-HA': 0, 'KLNB-BKC': 1, 'SBS-SDH': 2, 'PTH-SBS1': 4, '291-D': 22, '291-L': 3, '290-Z': 4, '290-P': 24, 'MBS-14': 10, 'SBS-JKR-ALSG-PTH': 1, 'CLO-RKH': 5, '291-K': 7, '291-A': 11, '291-E': 16, 'G-10': 0, '290 KBS-YLKOT': 2, '290-EY': 0, '291-R': 15, 'KLN-JJN': 1, '290-KA KMT-PLG': 1, 'TR-4 JJN-PLG': 2, '290-QA NRG-RKHN': 1, 'MSP-ARMYK': 1, '291-H': 21, '291-B': 2, '290-E STJHS-YLKOT': 0, 'KBS-NGVRJ-VNS': 1, '63 SBS-DPJN': 1, '290-F': 0, '290-N': 40, '317-K': 0, '241-CD': 11, 'TR-4 NGV-MRBS': 2, 'TR-4 KMT-NGV': 1, '290-C': 63, 'MBS-2': 17, '290EY KMT-YHKOT': 0, 'MBS2 PTH-MRHSPG': 1, '290-E SBS-NGW-KLN': 0, '290-E ITCF-YHKOT': 0, 'V-SBS-KNB': 1, '290-E': 52, 'PTH-SBS': 3, 'BSK-KRP-ITI': 1, '348-F': 14, 'BMSIT-3': 1, '213-D': 6, 'SBS-RJP': 2, 'SBS-HTN': 1, '375-D': 80}"
P,13.01211563,77.61606932,523,29159165,"{'290-EA': 0, '290-E SBS-PTH': 0, '291-N': 16, 'TR-4': 46, '290-EB KGR-YHK': 0, '253-A': 12, '290-M': 8, 'DPJN-JJN-NGW': 4, '290-A': 28, '290-RA': 5, '290-R': 13, '290-EB': 0, '290-QA': 18, '290-Q': 14, 'TR-4A': 10, '290-T': 11, '290-HA': 0, '291-D': 22, '291-L': 3, '290-Z': 4, '290-P': 24, 'MBS-14': 10, 'SBS-JKR-ALSG-PTH': 1, 'CLO-RKH': 5, '291-K': 7, '291-A': 11, '291-E': 16, 'G-10': 0, '290 KBS-YLKOT': 2, '290-EY': 0, '290-QA NRG-RKHN': 1, '291-H': 21, '290-E STJHS-YLKOT': 0, 'KBS-NGVRJ-VNS': 1, '290-N': 40, '317-K': 0, 'TR-4 KMT-NGV': 1, '290-C': 63, '290EY KMT-YHKOT': 0, '290-E SBS-NGW-KLN': 0, '290-E ITCF-YHKOT': 0, 'V-SBS-KNB': 1, 'BSK-KRP-ITI': 1, '348-F': 14, 'BMSIT-3': 1, '213-D': 6, 'SBS-RJP': 2, 'SBS-HTN': 1, '375-D': 80}"
Periyar Nagara Circle Tannery Road,13.00864575,77.61331335,539,29159165,"{'SBS-AMC': 0, '290-EA': 0, '290-E SBS-PTH': 0, '291-N': 16, 'TR-4': 46, '290-EB KGR-YHK': 0, '253-A': 12, '290-M': 8, 'DPJN-JJN-NGW': 4, '290-A': 28, '290-H': 0, '290-RA': 5, '290-R': 13, '290-EB': 0, '290-QA': 18, '290-G': 0, '290-Q': 14, 'TR-4A': 10, '290-T': 11, '290-HA': 0, 'SBS-SDH': 2, '291-D': 22, '291-L': 3, '290-Z': 4, '290-P': 24, 'MBS-14': 10, 'SBS-JKR-ALSG-PTH': 1, 'CLO-RKH': 5, '291-K': 7, '291-A': 11, '291-E': 16, 'G-10': 0, '290 KBS-YLKOT': 2, '290-EY': 0, '290-KA KMT-PLG': 1, 'TR-4 JJN-PLG': 2, '290-QA NRG-RKHN': 1, '291-H': 21, '290-E STJHS-YLKOT': 0, 'KBS-NGVRJ-VNS': 1, '290-N': 40, '317-K': 0, '241-CD': 11, 'TR-4 KMT-NGV': 1, '290-C': 63, '290EY KMT-YHKOT': 0, '290-E SBS-NGW-KLN': 0, '290-E ITCF-YHKOT': 0, 'V-SBS-KNB': 1, 'BSK-KRP-ITI': 1, '348-F': 14, 'BMSIT-3': 1, '213-D': 6, 'SBS-RJP': 2, 'SBS-HTN': 1, '375-D': 80}"
Pillanna Garden 9th Main,13.01192877,77.61757806,3,29159165,"{'290-KA KMT-PLG': 1, 'TR-4 JJN-PLG': 2}"
Bilal Masjid Tanary Road,13.01178374,77.61654675,0,29159166,{}
Charls School Toll Gate,13.00608723,77.62093865,985,29159166,"{'SBS-D10G': 31, '295-D': 21, 'KBS-D10G': 8, '293-P': 12, '296-V': 13, 'D10G-MRG': 2, 'D10G-JVH': 2, 'G-11': 35, '296-C': 18, 'KLN-LGP-SBS': 14, '292-E': 12, 'D10G-SBS': 6, '292-C': 30, '401-M NLO-CLO': 1, 'KBS-HNR-CHLS': 3, 'MGMS-KLN': 2, '292-D': 17, '293-H': 19, '292-B': 12, '293-A': 16, '294-F': 9, '294-B': 0, '294-E': 18, '294-H': 26, 'KBS-KLN': 6, '295-A': 14, '296-N': 17, '293-R': 13, '293-S': 32, '293-K': 13, '296-A': 17, '296-B': 19, '296-D': 26, '296-K': 4, '293-F': 11, 'SBS-HNS': 3, '293-J': 11, 'SBS-RYL': 2, '327-D': 5, '295-C': 34, '295-E': 12, '295-B': 15, '295-G': 17, '294-A': 11, '293-B': 11, '294-C SBS-JTN': 32, 'SBS-CHLS': 2, '296-T': 17, 'KBS-LGP-CHLS': 1, 'SGH-SBS': 2, 'KMT-BLS-YPB': 1, '293-G': 30, 'D10G-SOPHIA': 1, 'BMESU-HBL': 4, '348-H': 12, 'KMT-CHLS': 0, 'KLNB-LGP-BSK': 3, '293-N': 15, '296-Q': 23, '293-C OASIS-KMT': 1, 'SJHS-LGP-HBL': 3, '296-F': 10, 'KLNB-LGP-KBS': 2, 'MF-4': 15, '293-C': 32, '293-D': 12, '293-M': 11, '296-M': 6, '293-L': 11, '314-N': 26, 'BMT10-NRG': 1, 'HMNL-SJHS': 1, 'BMES-SBS': 3, 'KLNB-LGP-SBSP': 1, 'KLNB-LGP-SSMT': 1, 'SBS-SMHSL': 3, '293 KBS-SMHS': 2, '296 SBS-BMESL': 1, '293-E': 10, '295-D SBS-BMT10': 1, 'GDWC-BGL': 1, '293 SBS-HMN': 7, '293 SBS-LGP-KLN': 4, '293G SBS-BMT48': 16, '293F KMT-BMT48': 6, '293S KBS-BMT48': 6, 'D10G-BMES': 1, '293 BMT10-ARMY': 2, '295-KMT-D48': 2, '294-C BMT48-MGMS': 1, 'G11-BMT48-MGMS': 2, '294-D': 12, 'HNR-Ernst Young B': 1, '500-A CSB-SJHSU': 3, '293-S KBS-HNS': 2, 'BMT10-DRDO2': 1, 'HALM-SBS-BMES': 1, 'SVM-SBS-BMES': 1}"
Devis Road,13.00327455,77.61898018,932,29159166,"{'SBS-D10G': 31, '295-D': 21, '293-P': 12, '296-V': 13, 'G-11': 35, '296-C': 18, 'KLN-LGP-SBS': 14, '292-E': 12, 'D10G-SBS': 6, '292-C': 30, '401-M NLO-CLO': 1, 'KBS-HNR-CHLS': 3, 'MGMS-KLN': 2, '292-D': 17, '293-H': 19, '292-B': 12, '293-A': 16, '294-F': 9, '294-B': 0, '294-E': 18, '294-H': 26, 'KBS-KLN': 6, '295-A': 14, '296-N': 17, '293-R': 13, '293-S': 32, '293-K': 13, '296-A': 17, '296-B': 19, '296-D': 26, '296-K': 4, '293-F': 11, 'SBS-HNS': 3, '293-J': 11, 'SBS-RYL': 2, '327-D': 5, '295-C': 34, '295-E': 12, '295-B': 15, '295-G': 17, '294-A': 11, '293-B': 11, '294-C SBS-JTN': 32, 'SBS-CHLS': 2, '296-T': 17, 'KBS-LGP-CHLS': 1, 'SGH-SBS': 2, 'KMT-BLS-YPB': 1, 'BMESU-HBL': 4, '348-H': 12, 'KMT-CHLS': 0, 'KLNB-LGP-BSK': 3, '293-N': 15, '296-Q': 23, '293-C OASIS-KMT': 1, 'KBS-BDSN': 4, 'SJHS-LGP-HBL': 3, '296-F': 10, 'KLNB-LGP-KBS': 2, 'MF-4': 15, '293-C': 32, '293-D': 12, '293-M': 11, '296-M': 6, '293-L': 11, 'OASIS-4A': 3, 'OASIS-4B': 2, 'OASIS-2A': 2, 'BMT10-NRG': 1, 'SMHS-1': 6, 'HMNL-SJHS': 1, 'BMES-SBS': 3, 'KLNB-LGP-SBSP': 1, 'KLNB-LGP-SSMT': 1, 'ADT-9': 4, 'SBS-SMHSL': 3, '293 KBS-SMHS': 2, 'BMES-5': 3, 'BCGHS-9': 2, 'BCGHS-18': 2, 'VNS-03': 3, '293-E': 10, 'OASIS-2B': 2, '295-D SBS-BMT10': 1, 'CHLS-09': 3, 'GDWC-BGL': 1, '293 SBS-HMN': 7, '293 SBS-LGP-KLN': 4, '293F KMT-BMT48': 6, '293S KBS-BMT48': 6, '293 BMT10-ARMY': 2, '294-C BMT48-MGMS': 1, 'G11-BMT48-MGMS': 2, '294-D': 12, '500-A CSB-SJHSU': 3, '293-S KBS-HNS': 2, 'ARMY-4': 2, 'HALM-SBS-BMES': 1, 'SVM-SBS-BMES': 1}"
Muslim Colony,13.01059863,77.61522169,724,29159166,"{'SBS-AMC': 0, '290-EA': 0, '290-E SBS-PTH': 0, '291-N': 16, 'TR-4': 46, '290-EB YHK-KGR': 0, '290-EB KGR-YHK': 0, 'NGW-DPJN': 6, '253-A': 12, '290-M': 8, 'DPJN-JJN-NGW': 4, '290-D': 19, '290-A': 28, '290-H': 0, '291-J': 26, '290-J': 0, '290-RA': 5, '290-R': 13, '290-J MSP-SBS': 0, '290-EB': 0, '290-QA': 18, '291-G': 20, '290-G': 0, '290-Q': 14, 'D10G-NGVR-JJN': 1, 'TR-4A': 10, '290-T': 11, '290-S': 13, '290-HA': 0, 'KLNB-BKC': 1, 'SBS-SDH': 2, 'PTH-SBS1': 4, '291-D': 22, '291-L': 3, '290-Z': 4, '290-P': 24, 'MBS-14': 10, 'SBS-JKR-ALSG-PTH': 1, 'CLO-RKH': 5, '291-K': 7, '291-A': 11, '291-E': 16, 'G-10': 0, '290 KBS-YLKOT': 2, '290-EY': 0, '291-R': 15, 'KLN-JJN': 1, '290-KA KMT-PLG': 1, 'TR-4 JJN-PLG': 2, '290-QA NRG-RKHN': 1, 'MSP-ARMYK': 1, '291-H': 21, '291-B': 2, '290-E STJHS-YLKOT': 0, 'KBS-NGVRJ-VNS': 1, '63 SBS-DPJN': 1, '290-F': 0, '290-N': 40, '317-K': 0, '241-CD': 11, 'TR-4 NGV-MRBS': 2, 'TR-4 KMT-NGV': 1, '290-C': 63, 'MBS-2': 17, '290EY KMT-YHKOT': 0, 'MBS2 PTH-MRHSPG': 1, '290-E SBS-NGW-KLN': 0, '290-E ITCF-YHKOT': 0, 'V-SBS-KNB': 1, '290-E': 52, 'PTH-SBS': 3, 'BSK-KRP-ITI': 1, '348-F': 14, 'BMSIT-3': 1, '213-D': 6, 'SBS-RJP': 2, 'SBS-HTN': 1, '375-D': 80}"
P,13.01211563,77.61606932,523,29159166,"{'290-EA': 0, '290-E SBS-PTH': 0, '291-N': 16, 'TR-4': 46, '290-EB KGR-YHK': 0, '253-A': 12, '290-M': 8, 'DPJN-JJN-NGW': 4, '290-A': 28, '290-RA': 5, '290-R': 13, '290-EB': 0, '290-QA': 18, '290-Q': 14, 'TR-4A': 10, '290-T': 11, '290-HA': 0, '291-D': 22, '291-L': 3, '290-Z': 4, '290-P': 24, 'MBS-14': 10, 'SBS-JKR-ALSG-PTH': 1, 'CLO-RKH': 5, '291-K': 7, '291-A': 11, '291-E': 16, 'G-10': 0, '290 KBS-YLKOT': 2, '290-EY': 0, '290-QA NRG-RKHN': 1, '291-H': 21, '290-E STJHS-YLKOT': 0, 'KBS-NGVRJ-VNS': 1, '290-N': 40, '317-K': 0, 'TR-4 KMT-NGV': 1, '290-C': 63, '290EY KMT-YHKOT': 0, '290-E SBS-NGW-KLN': 0, '290-E ITCF-YHKOT': 0, 'V-SBS-KNB': 1, 'BSK-KRP-ITI': 1, '348-F': 14, 'BMSIT-3': 1, '213-D': 6, 'SBS-RJP': 2, 'SBS-HTN': 1, '375-D': 80}"
Periyar Nagara Circle Tannery Road,13.00864575,77.61331335,539,29159166,"{'SBS-AMC': 0, '290-EA': 0, '290-E SBS-PTH': 0, '291-N': 16, 'TR-4': 46, '290-EB KGR-YHK': 0, '253-A': 12, '290-M': 8, 'DPJN-JJN-NGW': 4, '290-A': 28, '290-H': 0, '290-RA': 5, '290-R': 13, '290-EB': 0, '290-QA': 18, '290-G': 0, '290-Q': 14, 'TR-4A': 10, '290-T': 11, '290-HA': 0, 'SBS-SDH': 2, '291-D': 22, '291-L': 3, '290-Z': 4, '290-P': 24, 'MBS-14': 10, 'SBS-JKR-ALSG-PTH': 1, 'CLO-RKH': 5, '291-K': 7, '291-A': 11, '291-E': 16, 'G-10': 0, '290 KBS-YLKOT': 2, '290-EY': 0, '290-KA KMT-PLG': 1, 'TR-4 JJN-PLG': 2, '290-QA NRG-RKHN': 1, '291-H': 21, '290-E STJHS-YLKOT': 0, 'KBS-NGVRJ-VNS': 1, '290-N': 40, '317-K': 0, '241-CD': 11, 'TR-4 KMT-NGV': 1, '290-C': 63, '290EY KMT-YHKOT': 0, '290-E SBS-NGW-KLN': 0, '290-E ITCF-YHKOT': 0, 'V-SBS-KNB': 1, 'BSK-KRP-ITI': 1, '348-F': 14, 'BMSIT-3': 1, '213-D': 6, 'SBS-RJP': 2, 'SBS-HTN': 1, '375-D': 80}"
Pillanna Garden 9th Main,13.01192877,77.61757806,3,29159166,"{'290-KA KMT-PLG': 1, 'TR-4 JJN-PLG': 2}"
Tannery Road Canara Bank,13.00680094,77.61247259,480,29159166,"{'SBS-AMC': 0, '290-EA': 0, '290-E SBS-PTH': 0, '291-N': 16, 'TR-4': 46, '290-EB KGR-YHK': 0, '253-A': 12, '290-M': 8, 'DPJN-JJN-NGW': 4, '290-A': 28, '290-R': 13, '290-EB': 0, '290-QA': 18, '290-G': 0, '290-Q': 14, 'TR-4A': 10, '290-T': 11, '290-HA': 0, '291-D': 22, '291-L': 3, '290-Z': 4, '290-P': 24, 'MBS-14': 10, 'SBS-JKR-ALSG-PTH': 1, 'CLO-RKH': 5, '291-K': 7, '291-A': 11, '291-E': 16, 'G-10': 0, '290 KBS-YLKOT': 2, '290-EY': 0, '290-KA KMT-PLG': 1, 'TR-4 JJN-PLG': 2, '290-QA NRG-RKHN': 1, '291-H': 21, '290-E STJHS-YLKOT': 0, 'KBS-NGVRJ-VNS': 1, '317-K': 0, 'TR-4 KMT-NGV': 1, '290-C': 63, '290EY KMT-YHKOT': 0, '290-E SBS-NGW-KLN': 0, '290-E ITCF-YHKOT': 0, 'V-SBS-KNB': 1, 'BSK-KRP-ITI': 1, '348-F': 14, '213-D': 6, 'SBS-RJP': 2, 'SBS-HTN': 1, '375-D': 80}"
Charls School Toll Gate,13.00608723,77.62093865,985,29159168,"{'SBS-D10G': 31, '295-D': 21, 'KBS-D10G': 8, '293-P': 12, '296-V': 13, 'D10G-MRG': 2, 'D10G-JVH': 2, 'G-11': 35, '296-C': 18, 'KLN-LGP-SBS': 14, '292-E': 12, 'D10G-SBS': 6, '292-C': 30, '401-M NLO-CLO': 1, 'KBS-HNR-CHLS': 3, 'MGMS-KLN': 2, '292-D': 17, '293-H': 19, '292-B': 12, '293-A': 16, '294-F': 9, '294-B': 0, '294-E': 18, '294-H': 26, 'KBS-KLN': 6, '295-A': 14, '296-N': 17, '293-R': 13, '293-S': 32, '293-K': 13, '296-A': 17, '296-B': 19, '296-D': 26, '296-K': 4, '293-F': 11, 'SBS-HNS': 3, '293-J': 11, 'SBS-RYL': 2, '327-D': 5, '295-C': 34, '295-E': 12, '295-B': 15, '295-G': 17, '294-A': 11, '293-B': 11, '294-C SBS-JTN': 32, 'SBS-CHLS': 2, '296-T': 17, 'KBS-LGP-CHLS': 1, 'SGH-SBS': 2, 'KMT-BLS-YPB': 1, '293-G': 30, 'D10G-SOPHIA': 1, 'BMESU-HBL': 4, '348-H': 12, 'KMT-CHLS': 0, 'KLNB-LGP-BSK': 3, '293-N': 15, '296-Q': 23, '293-C OASIS-KMT': 1, 'SJHS-LGP-HBL': 3, '296-F': 10, 'KLNB-LGP-KBS': 2, 'MF-4': 15, '293-C': 32, '293-D': 12, '293-M': 11, '296-M': 6, '293-L': 11, '314-N': 26, 'BMT10-NRG': 1, 'HMNL-SJHS': 1, 'BMES-SBS': 3, 'KLNB-LGP-SBSP': 1, 'KLNB-LGP-SSMT': 1, 'SBS-SMHSL': 3, '293 KBS-SMHS': 2, '296 SBS-BMESL': 1, '293-E': 10, '295-D SBS-BMT10': 1, 'GDWC-BGL': 1, '293 SBS-HMN': 7, '293 SBS-LGP-KLN': 4, '293G SBS-BMT48': 16, '293F KMT-BMT48': 6, '293S KBS-BMT48': 6, 'D10G-BMES': 1, '293 BMT10-ARMY': 2, '295-KMT-D48': 2, '294-C BMT48-MGMS': 1, 'G11-BMT48-MGMS': 2, '294-D': 12, 'HNR-Ernst Young B': 1, '500-A CSB-SJHSU': 3, '293-S KBS-HNS': 2, 'BMT10-DRDO2': 1, 'HALM-SBS-BMES': 1, 'SVM-SBS-BMES': 1}"
Devis Road,13.00327455,77.61898018,932,29159168,"{'SBS-D10G': 31, '295-D': 21, '293-P': 12, '296-V': 13, 'G-11': 35, '296-C': 18, 'KLN-LGP-SBS': 14, '292-E': 12, 'D10G-SBS': 6, '292-C': 30, '401-M NLO-CLO': 1, 'KBS-HNR-CHLS': 3, 'MGMS-KLN': 2, '292-D': 17, '293-H': 19, '292-B': 12, '293-A': 16, '294-F': 9, '294-B': 0, '294-E': 18, '294-H': 26, 'KBS-KLN': 6, '295-A': 14, '296-N': 17, '293-R': 13, '293-S': 32, '293-K': 13, '296-A': 17, '296-B': 19, '296-D': 26, '296-K': 4, '293-F': 11, 'SBS-HNS': 3, '293-J': 11, 'SBS-RYL': 2, '327-D': 5, '295-C': 34, '295-E': 12, '295-B': 15, '295-G': 17, '294-A': 11, '293-B': 11, '294-C SBS-JTN': 32, 'SBS-CHLS': 2, '296-T': 17, 'KBS-LGP-CHLS': 1, 'SGH-SBS': 2, 'KMT-BLS-YPB': 1, 'BMESU-HBL': 4, '348-H': 12, 'KMT-CHLS': 0, 'KLNB-LGP-BSK': 3, '293-N': 15, '296-Q': 23, '293-C OASIS-KMT': 1, 'KBS-BDSN': 4, 'SJHS-LGP-HBL': 3, '296-F': 10, 'KLNB-LGP-KBS': 2, 'MF-4': 15, '293-C': 32, '293-D': 12, '293-M': 11, '296-M': 6, '293-L': 11, 'OASIS-4A': 3, 'OASIS-4B': 2, 'OASIS-2A': 2, 'BMT10-NRG': 1, 'SMHS-1': 6, 'HMNL-SJHS': 1, 'BMES-SBS': 3, 'KLNB-LGP-SBSP': 1, 'KLNB-LGP-SSMT': 1, 'ADT-9': 4, 'SBS-SMHSL': 3, '293 KBS-SMHS': 2, 'BMES-5': 3, 'BCGHS-9': 2, 'BCGHS-18': 2, 'VNS-03': 3, '293-E': 10, 'OASIS-2B': 2, '295-D SBS-BMT10': 1, 'CHLS-09': 3, 'GDWC-BGL': 1, '293 SBS-HMN': 7, '293 SBS-LGP-KLN': 4, '293F KMT-BMT48': 6, '293S KBS-BMT48': 6, '293 BMT10-ARMY': 2, '294-C BMT48-MGMS': 1, 'G11-BMT48-MGMS': 2, '294-D': 12, '500-A CSB-SJHSU': 3, '293-S KBS-HNS': 2, 'ARMY-4': 2, 'HALM-SBS-BMES': 1, 'SVM-SBS-BMES': 1}"
Lingarajapura Bridge,13.00898839,77.62319770,989,29159168,"{'SBS-D10G': 31, '295-D': 21, 'KBS-D10G': 8, '293-P': 12, '296-V': 13, 'D10G-MRG': 2, 'D10G-JVH': 2, 'G-11': 35, '296-C': 18, 'KLN-LGP-SBS': 14, '292-E': 12, 'D10G-SBS': 6, '292-C': 30, '401-M NLO-CLO': 1, 'KBS-HNR-CHLS': 3, 'MGMS-KLN': 2, '292-D': 17, '293-H': 19, '292-B': 12, '293-A': 16, '294-F': 9, '294-B': 0, '294-E': 18, '294-H': 26, 'KBS-KLN': 6, '295-A': 14, '296-N': 17, '293-R': 13, '293-S': 32, '293-K': 13, '296-A': 17, '296-B': 19, '296-D': 26, '296-K': 4, '293-F': 11, 'SBS-HNS': 3, '293-J': 11, 'SBS-RYL': 2, '327-D': 5, '295-C': 34, '295-E': 12, '295-B': 15, '295-G': 17, '294-A': 11, '293-B': 11, '294-C SBS-JTN': 32, 'SBS-CHLS': 2, '296-T': 17, 'KBS-LGP-CHLS': 1, 'SGH-SBS': 2, 'G-11 SNBS-BLR': 1, 'KMT-BLS-YPB': 1, '293-G': 30, 'BMESU-HBL': 4, '348-H': 12, 'KMT-CHLS': 0, 'KLNB-LGP-BSK': 3, '293-N': 15, '296-Q': 23, '293-C OASIS-KMT': 1, 'KBS-BDSN': 4, 'SJHS-LGP-HBL': 3, '296-F': 10, 'KLNB-LGP-KBS': 2, 'MF-4': 15, '293-C': 32, '293-D': 12, '293-M': 11, '296-M': 6, '293-L': 11, '314-N': 26, 'BMT10-NRG': 1, 'HMNL-SJHS': 1, 'BMES-SBS': 3, 'KLNB-LGP-SBSP': 1, 'KLNB-LGP-SSMT': 1, 'SBS-SMHSL': 3, '293 KBS-SMHS': 2, '296 SBS-BMESL': 1, '293-E': 10, '295-D SBS-BMT10': 1, 'GDWC-BGL': 1, '293 SBS-HMN': 7, '293 SBS-LGP-KLN': 4, '293G SBS-BMT48': 16, '293F KMT-BMT48': 6, '293S KBS-BMT48': 6, 'D10G-BMES': 1, '293 BMT10-ARMY': 2, '295-KMT-D48': 2, '294-C BMT48-MGMS': 1, 'G11-BMT48-MGMS': 2, '294-D': 12, 'HNR-Ernst Young B': 1, '500-A CSB-SJHSU': 3, '293-S KBS-HNS': 2, 'BMT10-DRDO2': 1, 'HALM-SBS-BMES': 1, 'SVM-SBS-BMES': 1}"
Bilal Masjid Tanary Road,13.01178374,77.61654675,0,29159169,{}
Charls School Toll Gate,13.00608723,77.62093865,985,29159169,"{'SBS-D10G': 31, '295-D': 21, 'KBS-D10G': 8, '293-P': 12, '296-V': 13, 'D10G-MRG': 2, 'D10G-JVH': 2, 'G-11': 35, '296-C': 18, 'KLN-LGP-SBS': 14, '292-E': 12, 'D10G-SBS': 6, '292-C': 30, '401-M NLO-CLO': 1, 'KBS-HNR-CHLS': 3, 'MGMS-KLN': 2, '292-D': 17, '293-H': 19, '292-B': 12, '293-A': 16, '294-F': 9, '294-B': 0, '294-E': 18, '294-H': 26, 'KBS-KLN': 6, '295-A': 14, '296-N': 17, '293-R': 13, '293-S': 32, '293-K': 13, '296-A': 17, '296-B': 19, '296-D': 26, '296-K': 4, '293-F': 11, 'SBS-HNS': 3, '293-J': 11, 'SBS-RYL': 2, '327-D': 5, '295-C': 34, '295-E': 12, '295-B': 15, '295-G': 17, '294-A': 11, '293-B': 11, '294-C SBS-JTN': 32, 'SBS-CHLS': 2, '296-T': 17, 'KBS-LGP-CHLS': 1, 'SGH-SBS': 2, 'KMT-BLS-YPB': 1, '293-G': 30, 'D10G-SOPHIA': 1, 'BMESU-HBL': 4, '348-H': 12, 'KMT-CHLS': 0, 'KLNB-LGP-BSK': 3, '293-N': 15, '296-Q': 23, '293-C OASIS-KMT': 1, 'SJHS-LGP-HBL': 3, '296-F': 10, 'KLNB-LGP-KBS': 2, 'MF-4': 15, '293-C': 32, '293-D': 12, '293-M': 11, '296-M': 6, '293-L': 11, '314-N': 26, 'BMT10-NRG': 1, 'HMNL-SJHS': 1, 'BMES-SBS': 3, 'KLNB-LGP-SBSP': 1, 'KLNB-LGP-SSMT': 1, 'SBS-SMHSL': 3, '293 KBS-SMHS': 2, '296 SBS-BMESL': 1, '293-E': 10, '295-D SBS-BMT10': 1, 'GDWC-BGL': 1, '293 SBS-HMN': 7, '293 SBS-LGP-KLN': 4, '293G SBS-BMT48': 16, '293F KMT-BMT48': 6, '293S KBS-BMT48': 6, 'D10G-BMES': 1, '293 BMT10-ARMY': 2, '295-KMT-D48': 2, '294-C BMT48-MGMS': 1, 'G11-BMT48-MGMS': 2, '294-D': 12, 'HNR-Ernst Young B': 1, '500-A CSB-SJHSU': 3, '293-S KBS-HNS': 2, 'BMT10-DRDO2': 1, 'HALM-SBS-BMES': 1, 'SVM-SBS-BMES': 1}"
Lingarajapura Bridge,13.00898839,77.62319770,989,29159169,"{'SBS-D10G': 31, '295-D': 21, 'KBS-D10G': 8, '293-P': 12, '296-V': 13, 'D10G-MRG': 2, 'D10G-JVH': 2, 'G-11': 35, '296-C': 18, 'KLN-LGP-SBS': 14, '292-E': 12, 'D10G-SBS': 6, '292-C': 30, '401-M NLO-CLO': 1, 'KBS-HNR-CHLS': 3, 'MGMS-KLN': 2, '292-D': 17, '293-H': 19, '292-B': 12, '293-A': 16, '294-F': 9, '294-B': 0, '294-E': 18, '294-H': 26, 'KBS-KLN': 6, '295-A': 14, '296-N': 17, '293-R': 13, '293-S': 32, '293-K': 13, '296-A': 17, '296-B': 19, '296-D': 26, '296-K': 4, '293-F': 11, 'SBS-HNS': 3, '293-J': 11, 'SBS-RYL': 2, '327-D': 5, '295-C': 34, '295-E': 12, '295-B': 15, '295-G': 17, '294-A': 11, '293-B': 11, '294-C SBS-JTN': 32, 'SBS-CHLS': 2, '296-T': 17, 'KBS-LGP-CHLS': 1, 'SGH-SBS': 2, 'G-11 SNBS-BLR': 1, 'KMT-BLS-YPB': 1, '293-G': 30, 'BMESU-HBL': 4, '348-H': 12, 'KMT-CHLS': 0, 'KLNB-LGP-BSK': 3, '293-N': 15, '296-Q': 23, '293-C OASIS-KMT': 1, 'KBS-BDSN': 4, 'SJHS-LGP-HBL': 3, '296-F': 10, 'KLNB-LGP-KBS': 2, 'MF-4': 15, '293-C': 32, '293-D': 12, '293-M': 11, '296-M': 6, '293-L': 11, '314-N': 26, 'BMT10-NRG': 1, 'HMNL-SJHS': 1, 'BMES-SBS': 3, 'KLNB-LGP-SBSP': 1, 'KLNB-LGP-SSMT': 1, 'SBS-SMHSL': 3, '293 KBS-SMHS': 2, '296 SBS-BMESL': 1, '293-E': 10, '295-D SBS-BMT10': 1, 'GDWC-BGL': 1, '293 SBS-HMN': 7, '293 SBS-LGP-KLN': 4, '293G SBS-BMT48': 16, '293F KMT-BMT48': 6, '293S KBS-BMT48': 6, 'D10G-BMES': 1, '293 BMT10-ARMY': 2, '295-KMT-D48': 2, '294-C BMT48-MGMS': 1, 'G11-BMT48-MGMS': 2, '294-D': 12, 'HNR-Ernst Young B': 1, '500-A CSB-SJHSU': 3, '293-S KBS-HNS': 2, 'BMT10-DRDO2': 1, 'HALM-SBS-BMES': 1, 'SVM-SBS-BMES': 1}"
Muslim Colony,13.01059863,77.61522169,724,29159169,"{'SBS-AMC': 0, '290-EA': 0, '290-E SBS-PTH': 0, '291-N': 16, 'TR-4': 46, '290-EB YHK-KGR': 0, '290-EB KGR-YHK': 0, 'NGW-DPJN': 6, '253-A': 12, '290-M': 8, 'DPJN-JJN-NGW': 4, '290-D': 19, '290-A': 28, '290-H': 0, '291-J': 26, '290-J': 0, '290-RA': 5, '290-R': 13, '290-J MSP-SBS': 0, '290-EB': 0, '290-QA': 18, '291-G': 20, '290-G': 0, '290-Q': 14, 'D10G-NGVR-JJN': 1, 'TR-4A': 10, '290-T': 11, '290-S': 13, '290-HA': 0, 'KLNB-BKC': 1, 'SBS-SDH': 2, 'PTH-SBS1': 4, '291-D': 22, '291-L': 3, '290-Z': 4, '290-P': 24, 'MBS-14': 10, 'SBS-JKR-ALSG-PTH': 1, 'CLO-RKH': 5, '291-K': 7, '291-A': 11, '291-E': 16, 'G-10': 0, '290 KBS-YLKOT': 2, '290-EY': 0, '291-R': 15, 'KLN-JJN': 1, '290-KA KMT-PLG': 1, 'TR-4 JJN-PLG': 2, '290-QA NRG-RKHN': 1, 'MSP-ARMYK': 1, '291-H': 21, '291-B': 2, '290-E STJHS-YLKOT': 0, 'KBS-NGVRJ-VNS': 1, '63 SBS-DPJN': 1, '290-F': 0, '290-N': 40, '317-K': 0, '241-CD': 11, 'TR-4 NGV-MRBS': 2, 'TR-4 KMT-NGV': 1, '290-C': 63, 'MBS-2': 17, '290EY KMT-YHKOT': 0, 'MBS2 PTH-MRHSPG': 1, '290-E SBS-NGW-KLN': 0, '290-E ITCF-YHKOT': 0, 'V-SBS-KNB': 1, '290-E': 52, 'PTH-SBS': 3, 'BSK-KRP-ITI': 1, '348-F': 14, 'BMSIT-3': 1, '213-D': 6, 'SBS-RJP': 2, 'SBS-HTN': 1, '375-D': 80}"
P,13.01211563,77.61606932,523,29159169,"{'290-EA': 0, '290-E SBS-PTH': 0, '291-N': 16, 'TR-4': 46, '290-EB KGR-YHK': 0, '253-A': 12, '290-M': 8, 'DPJN-JJN-NGW': 4, '290-A': 28, '290-RA': 5, '290-R': 13, '290-EB': 0, '290-QA': 18, '290-Q': 14, 'TR-4A': 10, '290-T': 11, '290-HA': 0, '291-D': 22, '291-L': 3, '290-Z': 4, '290-P': 24, 'MBS-14': 10, 'SBS-JKR-ALSG-PTH': 1, 'CLO-RKH': 5, '291-K': 7, '291-A': 11, '291-E': 16, 'G-10': 0, '290 KBS-YLKOT': 2, '290-EY': 0, '290-QA NRG-RKHN': 1, '291-H': 21, '290-E STJHS-YLKOT': 0, 'KBS-NGVRJ-VNS': 1, '290-N': 40, '317-K': 0, 'TR-4 KMT-NGV': 1, '290-C': 63, '290EY KMT-YHKOT': 0, '290-E SBS-NGW-KLN': 0, '290-E ITCF-YHKOT': 0, 'V-SBS-KNB': 1, 'BSK-KRP-ITI': 1, '348-F': 14, 'BMSIT-3': 1, '213-D': 6, 'SBS-RJP': 2, 'SBS-HTN': 1, '375-D': 80}"
Periyar Nagara Circle Tannery Road,13.00864575,77.61331335,539,29159169,"{'SBS-AMC': 0, '290-EA': 0, '290-E SBS-PTH': 0, '291-N': 16, 'TR-4': 46, '290-EB KGR-YHK': 0, '253-A': 12, '290-M': 8, 'DPJN-JJN-NGW': 4, '290-A': 28, '290-H': 0, '290-RA': 5, '290-R': 13, '290-EB': 0, '290-QA': 18, '290-G': 0, '290-Q': 14, 'TR-4A': 10, '290-T': 11, '290-HA': 0, 'SBS-SDH': 2, '291-D': 22, '291-L': 3, '290-Z': 4, '290-P': 24, 'MBS-14': 10, 'SBS-JKR-ALSG-PTH': 1, 'CLO-RKH': 5, '291-K': 7, '291-A': 11, '291-E': 16, 'G-10': 0, '290 KBS-YLKOT': 2, '290-EY': 0, '290-KA KMT-PLG': 1, 'TR-4 JJN-PLG': 2, '290-QA NRG-RKHN': 1, '291-H': 21, '290-E STJHS-YLKOT': 0, 'KBS-NGVRJ-VNS': 1, '290-N': 40, '317-K': 0, '241-CD': 11, 'TR-4 KMT-NGV': 1, '290-C': 63, '290EY KMT-YHKOT': 0, '290-E SBS-NGW-KLN': 0, '290-E ITCF-YHKOT': 0, 'V-SBS-KNB': 1, 'BSK-KRP-ITI': 1, '348-F': 14, 'BMSIT-3': 1, '213-D': 6, 'SBS-RJP': 2, 'SBS-HTN': 1, '375-D': 80}"
Pillanna Garden 9th Main,13.01192877,77.61757806,3,29159169,"{'290-KA KMT-PLG': 1, 'TR-4 JJN-PLG': 2}"
Bilal Masjid Tanary Road,13.01178374,77.61654675,0,29159171,{}
Charls School Toll Gate,13.00608723,77.62093865,985,29159171,"{'SBS-D10G': 31, '295-D': 21, 'KBS-D10G': 8, '293-P': 12, '296-V': 13, 'D10G-MRG': 2, 'D10G-JVH': 2, 'G-11': 35, '296-C': 18, 'KLN-LGP-SBS': 14, '292-E': 12, 'D10G-SBS': 6, '292-C': 30, '401-M NLO-CLO': 1, 'KBS-HNR-CHLS': 3, 'MGMS-KLN': 2, '292-D': 17, '293-H': 19, '292-B': 12, '293-A': 16, '294-F': 9, '294-B': 0, '294-E': 18, '294-H': 26, 'KBS-KLN': 6, '295-A': 14, '296-N': 17, '293-R': 13, '293-S': 32, '293-K': 13, '296-A': 17, '296-B': 19, '296-D': 26, '296-K': 4, '293-F': 11, 'SBS-HNS': 3, '293-J': 11, 'SBS-RYL': 2, '327-D': 5, '295-C': 34, '295-E': 12, '295-B': 15, '295-G': 17, '294-A': 11, '293-B': 11, '294-C SBS-JTN': 32, 'SBS-CHLS': 2, '296-T': 17, 'KBS-LGP-CHLS': 1, 'SGH-SBS': 2, 'KMT-BLS-YPB': 1, '293-G': 30, 'D10G-SOPHIA': 1, 'BMESU-HBL': 4, '348-H': 12, 'KMT-CHLS': 0, 'KLNB-LGP-BSK': 3, '293-N': 15, '296-Q': 23, '293-C OASIS-KMT': 1, 'SJHS-LGP-HBL': 3, '296-F': 10, 'KLNB-LGP-KBS': 2, 'MF-4': 15, '293-C': 32, '293-D': 12, '293-M': 11, '296-M': 6, '293-L': 11, '314-N': 26, 'BMT10-NRG': 1, 'HMNL-SJHS': 1, 'BMES-SBS': 3, 'KLNB-LGP-SBSP': 1, 'KLNB-LGP-SSMT': 1, 'SBS-SMHSL': 3, '293 KBS-SMHS': 2, '296 SBS-BMESL': 1, '293-E': 10, '295-D SBS-BMT10': 1, 'GDWC-BGL': 1, '293 SBS-HMN': 7, '293 SBS-LGP-KLN': 4, '293G SBS-BMT48': 16, '293F KMT-BMT48': 6, '293S KBS-BMT48': 6, 'D10G-BMES': 1, '293 BMT10-ARMY': 2, '295-KMT-D48': 2, '294-C BMT48-MGMS': 1, 'G11-BMT48-MGMS': 2, '294-D': 12, 'HNR-Ernst Young B': 1, '500-A CSB-SJHSU': 3, '293-S KBS-HNS': 2, 'BMT10-DRDO2': 1, 'HALM-SBS-BMES': 1, 'SVM-SBS-BMES': 1}"
Devis Road,13.00327455,77.61898018,932,29159171,"{'SBS-D10G': 31, '295-D': 21, '293-P': 12, '296-V': 13, 'G-11': 35, '296-C': 18, 'KLN-LGP-SBS': 14, '292-E': 12, 'D10G-SBS': 6, '292-C': 30, '401-M NLO-CLO': 1, 'KBS-HNR-CHLS': 3, 'MGMS-KLN': 2, '292-D': 17, '293-H': 19, '292-B': 12, '293-A': 16, '294-F': 9, '294-B': 0, '294-E': 18, '294-H': 26, 'KBS-KLN': 6, '295-A': 14, '296-N': 17, '293-R': 13, '293-S': 32, '293-K': 13, '296-A': 17, '296-B': 19, '296-D': 26, '296-K': 4, '293-F': 11, 'SBS-HNS': 3, '293-J': 11, 'SBS-RYL': 2, '327-D': 5, '295-C': 34, '295-E': 12, '295-B': 15, '295-G': 17, '294-A': 11, '293-B': 11, '294-C SBS-JTN': 32, 'SBS-CHLS': 2, '296-T': 17, 'KBS-LGP-CHLS': 1, 'SGH-SBS': 2, 'KMT-BLS-YPB': 1, 'BMESU-HBL': 4, '348-H': 12, 'KMT-CHLS': 0, 'KLNB-LGP-BSK': 3, '293-N': 15, '296-Q': 23, '293-C OASIS-KMT': 1, 'KBS-BDSN': 4, 'SJHS-LGP-HBL': 3, '296-F': 10, 'KLNB-LGP-KBS': 2, 'MF-4': 15, '293-C': 32, '293-D': 12, '293-M': 11, '296-M': 6, '293-L': 11, 'OASIS-4A': 3, 'OASIS-4B': 2, 'OASIS-2A': 2, 'BMT10-NRG': 1, 'SMHS-1': 6, 'HMNL-SJHS': 1, 'BMES-SBS': 3, 'KLNB-LGP-SBSP': 1, 'KLNB-LGP-SSMT': 1, 'ADT-9': 4, 'SBS-SMHSL': 3, '293 KBS-SMHS': 2, 'BMES-5': 3, 'BCGHS-9': 2, 'BCGHS-18': 2, 'VNS-03': 3, '293-E': 10, 'OASIS-2B': 2, '295-D SBS-BMT10': 1, 'CHLS-09': 3, 'GDWC-BGL': 1, '293 SBS-HMN': 7, '293 SBS-LGP-KLN': 4, '293F KMT-BMT48': 6, '293S KBS-BMT48': 6, '293 BMT10-ARMY': 2, '294-C BMT48-MGMS': 1, 'G11-BMT48-MGMS': 2, '294-D': 12, '500-A CSB-SJHSU': 3, '293-S KBS-HNS': 2, 'ARMY-4': 2, 'HALM-SBS-BMES': 1, 'SVM-SBS-BMES': 1}"
Muslim Colony,13.01059863,77.61522169,724,29159171,"{'SBS-AMC': 0, '290-EA': 0, '290-E SBS-PTH': 0, '291-N': 16, 'TR-4': 46, '290-EB YHK-KGR': 0, '290-EB KGR-YHK': 0, 'NGW-DPJN': 6, '253-A': 12, '290-M': 8, 'DPJN-JJN-NGW': 4, '290-D': 19, '290-A': 28, '290-H': 0, '291-J': 26, '290-J': 0, '290-RA': 5, '290-R': 13, '290-J MSP-SBS': 0, '290-EB': 0, '290-QA': 18, '291-G': 20, '290-G': 0, '290-Q': 14, 'D10G-NGVR-JJN': 1, 'TR-4A': 10, '290-T': 11, '290-S': 13, '290-HA': 0, 'KLNB-BKC': 1, 'SBS-SDH': 2, 'PTH-SBS1': 4, '291-D': 22, '291-L': 3, '290-Z': 4, '290-P': 24, 'MBS-14': 10, 'SBS-JKR-ALSG-PTH': 1, 'CLO-RKH': 5, '291-K': 7, '291-A': 11, '291-E': 16, 'G-10': 0, '290 KBS-YLKOT': 2, '290-EY': 0, '291-R': 15, 'KLN-JJN': 1, '290-KA KMT-PLG': 1, 'TR-4 JJN-PLG': 2, '290-QA NRG-RKHN': 1, 'MSP-ARMYK': 1, '291-H': 21, '291-B': 2, '290-E STJHS-YLKOT': 0, 'KBS-NGVRJ-VNS': 1, '63 SBS-DPJN': 1, '290-F': 0, '290-N': 40, '317-K': 0, '241-CD': 11, 'TR-4 NGV-MRBS': 2, 'TR-4 KMT-NGV': 1, '290-C': 63, 'MBS-2': 17, '290EY KMT-YHKOT': 0, 'MBS2 PTH-MRHSPG': 1, '290-E SBS-NGW-KLN': 0, '290-E ITCF-YHKOT': 0, 'V-SBS-KNB': 1, '290-E': 52, 'PTH-SBS': 3, 'BSK-KRP-ITI': 1, '348-F': 14, 'BMSIT-3': 1, '213-D': 6, 'SBS-RJP': 2, 'SBS-HTN': 1, '375-D': 80}"
P,13.01211563,77.61606932,523,29159171,"{'290-EA': 0, '290-E SBS-PTH': 0, '291-N': 16, 'TR-4': 46, '290-EB KGR-YHK': 0, '253-A': 12, '290-M': 8, 'DPJN-JJN-NGW': 4, '290-A': 28, '290-RA': 5, '290-R': 13, '290-EB': 0, '290-QA': 18, '290-Q': 14, 'TR-4A': 10, '290-T': 11, '290-HA': 0, '291-D': 22, '291-L': 3, '290-Z': 4, '290-P': 24, 'MBS-14': 10, 'SBS-JKR-ALSG-PTH': 1, 'CLO-RKH': 5, '291-K': 7, '291-A': 11, '291-E': 16, 'G-10': 0, '290 KBS-YLKOT': 2, '290-EY': 0, '290-QA NRG-RKHN': 1, '291-H': 21, '290-E STJHS-YLKOT': 0, 'KBS-NGVRJ-VNS': 1, '290-N': 40, '317-K': 0, 'TR-4 KMT-NGV': 1, '290-C': 63, '290EY KMT-YHKOT': 0, '290-E SBS-NGW-KLN': 0, '290-E ITCF-YHKOT': 0, 'V-SBS-KNB': 1, 'BSK-KRP-ITI': 1, '348-F': 14, 'BMSIT-3': 1, '213-D': 6, 'SBS-RJP': 2, 'SBS-HTN': 1, '375-D': 80}"
Periyar Nagara Circle Tannery Road,13.00864575,77.61331335,539,29159171,"{'SBS-AMC': 0, '290-EA': 0, '290-E SBS-PTH': 0, '291-N': 16, 'TR-4': 46, '290-EB KGR-YHK': 0, '253-A': 12, '290-M': 8, 'DPJN-JJN-NGW': 4, '290-A': 28, '290-H': 0, '290-RA': 5, '290-R': 13, '290-EB': 0, '290-QA': 18, '290-G': 0, '290-Q': 14, 'TR-4A': 10, '290-T': 11, '290-HA': 0, 'SBS-SDH': 2, '291-D': 22, '291-L': 3, '290-Z': 4, '290-P': 24, 'MBS-14': 10, 'SBS-JKR-ALSG-PTH': 1, 'CLO-RKH': 5, '291-K': 7, '291-A': 11, '291-E': 16, 'G-10': 0, '290 KBS-YLKOT': 2, '290-EY': 0, '290-KA KMT-PLG': 1, 'TR-4 JJN-PLG': 2, '290-QA NRG-RKHN': 1, '291-H': 21, '290-E STJHS-YLKOT': 0, 'KBS-NGVRJ-VNS': 1, '290-N': 40, '317-K': 0, '241-CD': 11, 'TR-4 KMT-NGV': 1, '290-C': 63, '290EY KMT-YHKOT': 0, '290-E SBS-NGW-KLN': 0, '290-E ITCF-YHKOT': 0, 'V-SBS-KNB': 1, 'BSK-KRP-ITI': 1, '348-F': 14, 'BMSIT-3': 1, '213-D': 6, 'SBS-RJP': 2, 'SBS-HTN': 1, '375-D': 80}"
Pillanna Garden 9th Main,13.01192877,77.61757806,3,29159171,"{'290-KA KMT-PLG': 1, 'TR-4 JJN-PLG': 2}"
Bilal Masjid Tanary Road,13.01178374,77.61654675,0,29159172,{}
Charls School Toll Gate,13.00608723,77.62093865,985,29159172,"{'SBS-D10G': 31, '295-D': 21, 'KBS-D10G': 8, '293-P': 12, '296-V': 13, 'D10G-MRG': 2, 'D10G-JVH': 2, 'G-11': 35, '296-C': 18, 'KLN-LGP-SBS': 14, '292-E': 12, 'D10G-SBS': 6, '292-C': 30, '401-M NLO-CLO': 1, 'KBS-HNR-CHLS': 3, 'MGMS-KLN': 2, '292-D': 17, '293-H': 19, '292-B': 12, '293-A': 16, '294-F': 9, '294-B': 0, '294-E': 18, '294-H': 26, 'KBS-KLN': 6, '295-A': 14, '296-N': 17, '293-R': 13, '293-S': 32, '293-K': 13, '296-A': 17, '296-B': 19, '296-D': 26, '296-K': 4, '293-F': 11, 'SBS-HNS': 3, '293-J': 11, 'SBS-RYL': 2, '327-D': 5, '295-C': 34, '295-E': 12, '295-B': 15, '295-G': 17, '294-A': 11, '293-B': 11, '294-C SBS-JTN': 32, 'SBS-CHLS': 2, '296-T': 17, 'KBS-LGP-CHLS': 1, 'SGH-SBS': 2, 'KMT-BLS-YPB': 1, '293-G': 30, 'D10G-SOPHIA': 1, 'BMESU-HBL': 4, '348-H': 12, 'KMT-CHLS': 0, 'KLNB-LGP-BSK': 3, '293-N': 15, '296-Q': 23, '293-C OASIS-KMT': 1, 'SJHS-LGP-HBL': 3, '296-F': 10, 'KLNB-LGP-KBS': 2, 'MF-4': 15, '293-C': 32, '293-D': 12, '293-M': 11, '296-M': 6, '293-L': 11, '314-N': 26, 'BMT10-NRG': 1, 'HMNL-SJHS': 1, 'BMES-SBS': 3, 'KLNB-LGP-SBSP': 1, 'KLNB-LGP-SSMT': 1, 'SBS-SMHSL': 3, '293 KBS-SMHS': 2, '296 SBS-BMESL': 1, '293-E': 10, '295-D SBS-BMT10': 1, 'GDWC-BGL': 1, '293 SBS-HMN': 7, '293 SBS-LGP-KLN': 4, '293G SBS-BMT48': 16, '293F KMT-BMT48': 6, '293S KBS-BMT48': 6, 'D10G-BMES': 1, '293 BMT10-ARMY': 2, '295-KMT-D48': 2, '294-C BMT48-MGMS': 1, 'G11-BMT48-MGMS': 2, '294-D': 12, 'HNR-Ernst Young B': 1, '500-A CSB-SJHSU': 3, '293-S KBS-HNS': 2, 'BMT10-DRDO2': 1, 'HALM-SBS-BMES': 1, 'SVM-SBS-BMES': 1}"
Lingarajapura Bridge,13.00898839,77.62319770,989,29159172,"{'SBS-D10G': 31, '295-D': 21, 'KBS-D10G': 8, '293-P': 12, '296-V': 13, 'D10G-MRG': 2, 'D10G-JVH': 2, 'G-11': 35, '296-C': 18, 'KLN-LGP-SBS': 14, '292-E': 12, 'D10G-SBS': 6, '292-C': 30, '401-M NLO-CLO': 1, 'KBS-HNR-CHLS': 3, 'MGMS-KLN': 2, '292-D': 17, '293-H': 19, '292-B': 12, '293-A': 16, '294-F': 9, '294-B': 0, '294-E': 18, '294-H': 26, 'KBS-KLN': 6, '295-A': 14, '296-N': 17, '293-R': 13, '293-S': 32, '293-K': 13, '296-A': 17, '296-B': 19, '296-D': 26, '296-K': 4, '293-F': 11, 'SBS-HNS': 3, '293-J': 11, 'SBS-RYL': 2, '327-D': 5, '295-C': 34, '295-E': 12, '295-B': 15, '295-G': 17, '294-A': 11, '293-B': 11, '294-C SBS-JTN': 32, 'SBS-CHLS': 2, '296-T': 17, 'KBS-LGP-CHLS': 1, 'SGH-SBS': 2, 'G-11 SNBS-BLR': 1, 'KMT-BLS-YPB': 1, '293-G': 30, 'BMESU-HBL': 4, '348-H': 12, 'KMT-CHLS': 0, 'KLNB-LGP-BSK': 3, '293-N': 15, '296-Q': 23, '293-C OASIS-KMT': 1, 'KBS-BDSN': 4, 'SJHS-LGP-HBL': 3, '296-F': 10, 'KLNB-LGP-KBS': 2, 'MF-4': 15, '293-C': 32, '293-D': 12, '293-M': 11, '296-M': 6, '293-L': 11, '314-N': 26, 'BMT10-NRG': 1, 'HMNL-SJHS': 1, 'BMES-SBS': 3, 'KLNB-LGP-SBSP': 1, 'KLNB-LGP-SSMT': 1, 'SBS-SMHSL': 3, '293 KBS-SMHS': 2, '296 SBS-BMESL': 1, '293-E': 10, '295-D SBS-BMT10': 1, 'GDWC-BGL': 1, '293 SBS-HMN': 7, '293 SBS-LGP-KLN': 4, '293G SBS-BMT48': 16, '293F KMT-BMT48': 6, '293S KBS-BMT48': 6, 'D10G-BMES': 1, '293 BMT10-ARMY': 2, '295-KMT-D48': 2, '294-C BMT48-MGMS': 1, 'G11-BMT48-MGMS': 2, '294-D': 12, 'HNR-Ernst Young B': 1, '500-A CSB-SJHSU': 3, '293-S KBS-HNS': 2, 'BMT10-DRDO2': 1, 'HALM-SBS-BMES': 1, 'SVM-SBS-BMES': 1}"
Muslim Colony,13.01059863,77.61522169,724,29159172,"{'SBS-AMC': 0, '290-EA': 0, '290-E SBS-PTH': 0, '291-N': 16, 'TR-4': 46, '290-EB YHK-KGR': 0, '290-EB KGR-YHK': 0, 'NGW-DPJN': 6, '253-A': 12, '290-M': 8, 'DPJN-JJN-NGW': 4, '290-D': 19, '290-A': 28, '290-H': 0, '291-J': 26, '290-J': 0, '290-RA': 5, '290-R': 13, '290-J MSP-SBS': 0, '290-EB': 0, '290-QA': 18, '291-G': 20, '290-G': 0, '290-Q': 14, 'D10G-NGVR-JJN': 1, 'TR-4A': 10, '290-T': 11, '290-S': 13, '290-HA': 0, 'KLNB-BKC': 1, 'SBS-SDH': 2, 'PTH-SBS1': 4, '291-D': 22, '291-L': 3, '290-Z': 4, '290-P': 24, 'MBS-14': 10, 'SBS-JKR-ALSG-PTH': 1, 'CLO-RKH': 5, '291-K': 7, '291-A': 11, '291-E': 16, 'G-10': 0, '290 KBS-YLKOT': 2, '290-EY': 0, '291-R': 15, 'KLN-JJN': 1, '290-KA KMT-PLG': 1, 'TR-4 JJN-PLG': 2, '290-QA NRG-RKHN': 1, 'MSP-ARMYK': 1, '291-H': 21, '291-B': 2, '290-E STJHS-YLKOT': 0, 'KBS-NGVRJ-VNS': 1, '63 SBS-DPJN': 1, '290-F': 0, '290-N': 40, '317-K': 0, '241-CD': 11, 'TR-4 NGV-MRBS': 2, 'TR-4 KMT-NGV': 1, '290-C': 63, 'MBS-2': 17, '290EY KMT-YHKOT': 0, 'MBS2 PTH-MRHSPG': 1, '290-E SBS-NGW-KLN': 0, '290-E ITCF-YHKOT': 0, 'V-SBS-KNB': 1, '290-E': 52, 'PTH-SBS': 3, 'BSK-KRP-ITI': 1, '348-F': 14, 'BMSIT-3': 1, '213-D': 6, 'SBS-RJP': 2, 'SBS-HTN': 1, '375-D': 80}"
P,13.01211563,77.61606932,523,29159172,"{'290-EA': 0, '290-E SBS-PTH': 0, '291-N': 16, 'TR-4': 46, '290-EB KGR-YHK': 0, '253-A': 12, '290-M': 8, 'DPJN-JJN-NGW': 4, '290-A': 28, '290-RA': 5, '290-R': 13, '290-EB': 0, '290-QA': 18, '290-Q': 14, 'TR-4A': 10, '290-T': 11, '290-HA': 0, '291-D': 22, '291-L': 3, '290-Z': 4, '290-P': 24, 'MBS-14': 10, 'SBS-JKR-ALSG-PTH': 1, 'CLO-RKH': 5, '291-K': 7, '291-A': 11, '291-E': 16, 'G-10': 0, '290 KBS-YLKOT': 2, '290-EY': 0, '290-QA NRG-RKHN': 1, '291-H': 21, '290-E STJHS-YLKOT': 0, 'KBS-NGVRJ-VNS': 1, '290-N': 40, '317-K': 0, 'TR-4 KMT-NGV': 1, '290-C': 63, '290EY KMT-YHKOT': 0, '290-E SBS-NGW-KLN': 0, '290-E ITCF-YHKOT': 0, 'V-SBS-KNB': 1, 'BSK-KRP-ITI': 1, '348-F': 14, 'BMSIT-3': 1, '213-D': 6, 'SBS-RJP': 2, 'SBS-HTN': 1, '375-D': 80}"
Periyar Nagara Circle Tannery Road,13.00864575,77.61331335,539,29159172,"{'SBS-AMC': 0, '290-EA': 0, '290-E SBS-PTH': 0, '291-N': 16, 'TR-4': 46, '290-EB KGR-YHK': 0, '253-A': 12, '290-M': 8, 'DPJN-JJN-NGW': 4, '290-A': 28, '290-H': 0, '290-RA': 5, '290-R': 13, '290-EB': 0, '290-QA': 18, '290-G': 0, '290-Q': 14, 'TR-4A': 10, '290-T': 11, '290-HA': 0, 'SBS-SDH': 2, '291-D': 22, '291-L': 3, '290-Z': 4, '290-P': 24, 'MBS-14': 10, 'SBS-JKR-ALSG-PTH': 1, 'CLO-RKH': 5, '291-K': 7, '291-A': 11, '291-E': 16, 'G-10': 0, '290 KBS-YLKOT': 2, '290-EY': 0, '290-KA KMT-PLG': 1, 'TR-4 JJN-PLG': 2, '290-QA NRG-RKHN': 1, '291-H': 21, '290-E STJHS-YLKOT': 0, 'KBS-NGVRJ-VNS': 1, '290-N': 40, '317-K': 0, '241-CD': 11, 'TR-4 KMT-NGV': 1, '290-C': 63, '290EY KMT-YHKOT': 0, '290-E SBS-NGW-KLN': 0, '290-E ITCF-YHKOT': 0, 'V-SBS-KNB': 1, 'BSK-KRP-ITI': 1, '348-F': 14, 'BMSIT-3': 1, '213-D': 6, 'SBS-RJP': 2, 'SBS-HTN': 1, '375-D': 80}"
Pillanna Garden 9th Main,13.01192877,77.61757806,3,29159172,"{'290-KA KMT-PLG': 1, 'TR-4 JJN-PLG': 2}"
Bilal Masjid Tanary Road,13.01178374,77.61654675,0,29159173,{}
Charls School Toll Gate,13.00608723,77.62093865,985,29159173,"{'SBS-D10G': 31, '295-D': 21, 'KBS-D10G': 8, '293-P': 12, '296-V': 13, 'D10G-MRG': 2, 'D10G-JVH': 2, 'G-11': 35, '296-C': 18, 'KLN-LGP-SBS': 14, '292-E': 12, 'D10G-SBS': 6, '292-C': 30, '401-M NLO-CLO': 1, 'KBS-HNR-CHLS': 3, 'MGMS-KLN': 2, '292-D': 17, '293-H': 19, '292-B': 12, '293-A': 16, '294-F': 9, '294-B': 0, '294-E': 18, '294-H': 26, 'KBS-KLN': 6, '295-A': 14, '296-N': 17, '293-R': 13, '293-S': 32, '293-K': 13, '296-A': 17, '296-B': 19, '296-D': 26, '296-K': 4, '293-F': 11, 'SBS-HNS': 3, '293-J': 11, 'SBS-RYL': 2, '327-D': 5, '295-C': 34, '295-E': 12, '295-B': 15, '295-G': 17, '294-A': 11, '293-B': 11, '294-C SBS-JTN': 32, 'SBS-CHLS': 2, '296-T': 17, 'KBS-LGP-CHLS': 1, 'SGH-SBS': 2, 'KMT-BLS-YPB': 1, '293-G': 30, 'D10G-SOPHIA': 1, 'BMESU-HBL': 4, '348-H': 12, 'KMT-CHLS': 0, 'KLNB-LGP-BSK': 3, '293-N': 15, '296-Q': 23, '293-C OASIS-KMT': 1, 'SJHS-LGP-HBL': 3, '296-F': 10, 'KLNB-LGP-KBS': 2, 'MF-4': 15, '293-C': 32, '293-D': 12, '293-M': 11, '296-M': 6, '293-L': 11, '314-N': 26, 'BMT10-NRG': 1, 'HMNL-SJHS': 1, 'BMES-SBS': 3, 'KLNB-LGP-SBSP': 1, 'KLNB-LGP-SSMT': 1, 'SBS-SMHSL': 3, '293 KBS-SMHS': 2, '296 SBS-BMESL': 1, '293-E': 10, '295-D SBS-BMT10': 1, 'GDWC-BGL': 1, '293 SBS-HMN': 7, '293 SBS-LGP-KLN': 4, '293G SBS-BMT48': 16, '293F KMT-BMT48': 6, '293S KBS-BMT48': 6, 'D10G-BMES': 1, '293 BMT10-ARMY': 2, '295-KMT-D48': 2, '294-C BMT48-MGMS': 1, 'G11-BMT48-MGMS': 2, '294-D': 12, 'HNR-Ernst Young B': 1, '500-A CSB-SJHSU': 3, '293-S KBS-HNS': 2, 'BMT10-DRDO2': 1, 'HALM-SBS-BMES': 1, 'SVM-SBS-BMES': 1}"
Devis Road,13.00327455,77.61898018,932,29159173,"{'SBS-D10G': 31, '295-D': 21, '293-P': 12, '296-V': 13, 'G-11': 35, '296-C': 18, 'KLN-LGP-SBS': 14, '292-E': 12, 'D10G-SBS': 6, '292-C': 30, '401-M NLO-CLO': 1, 'KBS-HNR-CHLS': 3, 'MGMS-KLN': 2, '292-D': 17, '293-H': 19, '292-B': 12, '293-A': 16, '294-F': 9, '294-B': 0, '294-E': 18, '294-H': 26, 'KBS-KLN': 6, '295-A': 14, '296-N': 17, '293-R': 13, '293-S': 32, '293-K': 13, '296-A': 17, '296-B': 19, '296-D': 26, '296-K': 4, '293-F': 11, 'SBS-HNS': 3, '293-J': 11, 'SBS-RYL': 2, '327-D': 5, '295-C': 34, '295-E': 12, '295-B': 15, '295-G': 17, '294-A': 11, '293-B': 11, '294-C SBS-JTN': 32, 'SBS-CHLS': 2, '296-T': 17, 'KBS-LGP-CHLS': 1, 'SGH-SBS': 2, 'KMT-BLS-YPB': 1, 'BMESU-HBL': 4, '348-H': 12, 'KMT-CHLS': 0, 'KLNB-LGP-BSK': 3, '293-N': 15, '296-Q': 23, '293-C OASIS-KMT': 1, 'KBS-BDSN': 4, 'SJHS-LGP-HBL': 3, '296-F': 10, 'KLNB-LGP-KBS': 2, 'MF-4': 15, '293-C': 32, '293-D': 12, '293-M': 11, '296-M': 6, '293-L': 11, 'OASIS-4A': 3, 'OASIS-4B': 2, 'OASIS-2A': 2, 'BMT10-NRG': 1, 'SMHS-1': 6, 'HMNL-SJHS': 1, 'BMES-SBS': 3, 'KLNB-LGP-SBSP': 1, 'KLNB-LGP-SSMT': 1, 'ADT-9': 4, 'SBS-SMHSL': 3, '293 KBS-SMHS': 2, 'BMES-5': 3, 'BCGHS-9': 2, 'BCGHS-18': 2, 'VNS-03': 3, '293-E': 10, 'OASIS-2B': 2, '295-D SBS-BMT10': 1, 'CHLS-09': 3, 'GDWC-BGL': 1, '293 SBS-HMN': 7, '293 SBS-LGP-KLN': 4, '293F KMT-BMT48': 6, '293S KBS-BMT48': 6, '293 BMT10-ARMY': 2, '294-C BMT48-MGMS': 1, 'G11-BMT48-MGMS': 2, '294-D': 12, '500-A CSB-SJHSU': 3, '293-S KBS-HNS': 2, 'ARMY-4': 2, 'HALM-SBS-BMES': 1, 'SVM-SBS-BMES': 1}"
Lingarajapura Bridge,13.00898839,77.62319770,989,29159173,"{'SBS-D10G': 31, '295-D': 21, 'KBS-D10G': 8, '293-P': 12, '296-V': 13, 'D10G-MRG': 2, 'D10G-JVH': 2, 'G-11': 35, '296-C': 18, 'KLN-LGP-SBS': 14, '292-E': 12, 'D10G-SBS': 6, '292-C': 30, '401-M NLO-CLO': 1, 'KBS-HNR-CHLS': 3, 'MGMS-KLN': 2, '292-D': 17, '293-H': 19, '292-B': 12, '293-A': 16, '294-F': 9, '294-B': 0, '294-E': 18, '294-H': 26, 'KBS-KLN': 6, '295-A': 14, '296-N': 17, '293-R': 13, '293-S': 32, '293-K': 13, '296-A': 17, '296-B': 19, '296-D': 26, '296-K': 4, '293-F': 11, 'SBS-HNS': 3, '293-J': 11, 'SBS-RYL': 2, '327-D': 5, '295-C': 34, '295-E': 12, '295-B': 15, '295-G': 17, '294-A': 11, '293-B': 11, '294-C SBS-JTN': 32, 'SBS-CHLS': 2, '296-T': 17, 'KBS-LGP-CHLS': 1, 'SGH-SBS': 2, 'G-11 SNBS-BLR': 1, 'KMT-BLS-YPB': 1, '293-G': 30, 'BMESU-HBL': 4, '348-H': 12, 'KMT-CHLS': 0, 'KLNB-LGP-BSK': 3, '293-N': 15, '296-Q': 23, '293-C OASIS-KMT': 1, 'KBS-BDSN': 4, 'SJHS-LGP-HBL': 3, '296-F': 10, 'KLNB-LGP-KBS': 2, 'MF-4': 15, '293-C': 32, '293-D': 12, '293-M': 11, '296-M': 6, '293-L': 11, '314-N': 26, 'BMT10-NRG': 1, 'HMNL-SJHS': 1, 'BMES-SBS': 3, 'KLNB-LGP-SBSP': 1, 'KLNB-LGP-SSMT': 1, 'SBS-SMHSL': 3, '293 KBS-SMHS': 2, '296 SBS-BMESL': 1, '293-E': 10, '295-D SBS-BMT10': 1, 'GDWC-BGL': 1, '293 SBS-HMN': 7, '293 SBS-LGP-KLN': 4, '293G SBS-BMT48': 16, '293F KMT-BMT48': 6, '293S KBS-BMT48': 6, 'D10G-BMES': 1, '293 BMT10-ARMY': 2, '295-KMT-D48': 2, '294-C BMT48-MGMS': 1, 'G11-BMT48-MGMS': 2, '294-D': 12, 'HNR-Ernst Young B': 1, '500-A CSB-SJHSU': 3, '293-S KBS-HNS': 2, 'BMT10-DRDO2': 1, 'HALM-SBS-BMES': 1, 'SVM-SBS-BMES': 1}"
Muslim Colony,13.01059863,77.61522169,724,29159173,"{'SBS-AMC': 0, '290-EA': 0, '290-E SBS-PTH': 0, '291-N': 16, 'TR-4': 46, '290-EB YHK-KGR': 0, '290-EB KGR-YHK': 0, 'NGW-DPJN': 6, '253-A': 12, '290-M': 8, 'DPJN-JJN-NGW': 4, '290-D': 19, '290-A': 28, '290-H': 0, '291-J': 26, '290-J': 0, '290-RA': 5, '290-R': 13, '290-J MSP-SBS': 0, '290-EB': 0, '290-QA': 18, '291-G': 20, '290-G': 0, '290-Q': 14, 'D10G-NGVR-JJN': 1, 'TR-4A': 10, '290-T': 11, '290-S': 13, '290-HA': 0, 'KLNB-BKC': 1, 'SBS-SDH': 2, 'PTH-SBS1': 4, '291-D': 22, '291-L': 3, '290-Z': 4, '290-P': 24, 'MBS-14': 10, 'SBS-JKR-ALSG-PTH': 1, 'CLO-RKH': 5, '291-K': 7, '291-A': 11, '291-E': 16, 'G-10': 0, '290 KBS-YLKOT': 2, '290-EY': 0, '291-R': 15, 'KLN-JJN': 1, '290-KA KMT-PLG': 1, 'TR-4 JJN-PLG': 2, '290-QA NRG-RKHN': 1, 'MSP-ARMYK': 1, '291-H': 21, '291-B': 2, '290-E STJHS-YLKOT': 0, 'KBS-NGVRJ-VNS': 1, '63 SBS-DPJN': 1, '290-F': 0, '290-N': 40, '317-K': 0, '241-CD': 11, 'TR-4 NGV-MRBS': 2, 'TR-4 KMT-NGV': 1, '290-C': 63, 'MBS-2': 17, '290EY KMT-YHKOT': 0, 'MBS2 PTH-MRHSPG': 1, '290-E SBS-NGW-KLN': 0, '290-E ITCF-YHKOT': 0, 'V-SBS-KNB': 1, '290-E': 52, 'PTH-SBS': 3, 'BSK-KRP-ITI': 1, '348-F': 14, 'BMSIT-3': 1, '213-D': 6, 'SBS-RJP': 2, 'SBS-HTN': 1, '375-D': 80}"
Pillanna Garden 9th Main,13.01192877,77.61757806,3,29159173,"{'290-KA KMT-PLG': 1, 'TR-4 JJN-PLG': 2}"
Bilal Masjid Tanary Road,13.01178374,77.61654675,0,29159185,{}
Charls School Toll Gate,13.00608723,77.62093865,985,29159185,"{'SBS-D10G': 31, '295-D': 21, 'KBS-D10G': 8, '293-P': 12, '296-V': 13, 'D10G-MRG': 2, 'D10G-JVH': 2, 'G-11': 35, '296-C': 18, 'KLN-LGP-SBS': 14, '292-E': 12, 'D10G-SBS': 6, '292-C': 30, '401-M NLO-CLO': 1, 'KBS-HNR-CHLS': 3, 'MGMS-KLN': 2, '292-D': 17, '293-H': 19, '292-B': 12, '293-A': 16, '294-F': 9, '294-B': 0, '294-E': 18, '294-H': 26, 'KBS-KLN': 6, '295-A': 14, '296-N': 17, '293-R': 13, '293-S': 32, '293-K': 13, '296-A': 17, '296-B': 19, '296-D': 26, '296-K': 4, '293-F': 11, 'SBS-HNS': 3, '293-J': 11, 'SBS-RYL': 2, '327-D': 5, '295-C': 34, '295-E': 12, '295-B': 15, '295-G': 17, '294-A': 11, '293-B': 11, '294-C SBS-JTN': 32, 'SBS-CHLS': 2, '296-T': 17, 'KBS-LGP-CHLS': 1, 'SGH-SBS': 2, 'KMT-BLS-YPB': 1, '293-G': 30, 'D10G-SOPHIA': 1, 'BMESU-HBL': 4, '348-H': 12, 'KMT-CHLS': 0, 'KLNB-LGP-BSK': 3, '293-N': 15, '296-Q': 23, '293-C OASIS-KMT': 1, 'SJHS-LGP-HBL': 3, '296-F': 10, 'KLNB-LGP-KBS': 2, 'MF-4': 15, '293-C': 32, '293-D': 12, '293-M': 11, '296-M': 6, '293-L': 11, '314-N': 26, 'BMT10-NRG': 1, 'HMNL-SJHS': 1, 'BMES-SBS': 3, 'KLNB-LGP-SBSP': 1, 'KLNB-LGP-SSMT': 1, 'SBS-SMHSL': 3, '293 KBS-SMHS': 2, '296 SBS-BMESL': 1, '293-E': 10, '295-D SBS-BMT10': 1, 'GDWC-BGL': 1, '293 SBS-HMN': 7, '293 SBS-LGP-KLN': 4, '293G SBS-BMT48': 16, '293F KMT-BMT48': 6, '293S KBS-BMT48': 6, 'D10G-BMES': 1, '293 BMT10-ARMY': 2, '295-KMT-D48': 2, '294-C BMT48-MGMS': 1, 'G11-BMT48-MGMS': 2, '294-D': 12, 'HNR-Ernst Young B': 1, '500-A CSB-SJHSU': 3, '293-S KBS-HNS': 2, 'BMT10-DRDO2': 1, 'HALM-SBS-BMES': 1, 'SVM-SBS-BMES': 1}"
Clarence School,13.00226912,77.61665130,1946,29159185,"{'327-C': 14, '301-E': 39, '300-E': 55, '300-D': 37, '300-H': 48, 'SBS-D10G': 31, '295-D': 21, 'KBS-D10G': 8, '302-C': 11, '293-P': 12, '296-V': 13, 'D10G-MRG': 2, 'G-11': 35, '296-C': 18, 'KLN-LGP-SBS': 14, '292-E': 12, 'D10G-SBS': 6, '292-C': 30, '401-M NLO-CLO': 1, '302-J': 29, '300-B': 29, 'KBS-HNR-CHLS': 3, '302-GA': 19, '303-F': 21, 'MGMS-KLN': 2, '292-D': 17, '293-H': 19, '292-B': 12, '293-A': 16, '79-K': 13, 'SBS-KLN': 27, '294-F': 9, '294-B': 0, '300-DA': 15, '294-E': 18, '294-H': 26, 'KBS-KLN': 6, '295-A': 14, '296-N': 17, '293-R': 13, '293-S': 32, '300-T': 11, '293-K': 13, '296-A': 17, '296-B': 19, '296-D': 26, '296-K': 4, '293-F': 11, 'SBS-HNS': 3, '293-J': 11, 'SBS-RYL': 2, '327-D': 5, '295-C': 34, '300-A': 14, '295-E': 12, '295-B': 15, '295-G': 17, 'KBS-BSP-HMA': 1, 'SBS-BSP-HMA': 3, '294-A': 11, '293-B': 11, '294-C SBS-JTN': 32, 'SBS-CHLS': 2, '296-T': 17, 'KBS-LGP-CHLS': 1, 'SGH-SBS': 2, 'G-11 SNBS-BLR': 1, '301-F': 6, '300-P': 46, '300-E SBS-KTMLRG': 2, 'KMT-BLS-YPB': 1, '300-C': 19, 'SBS-BPS-KLK': 2, 'VSD-BSP-KLK': 1, '293-G': 30, '215-NB': 12, 'D10G-SOPHIA': 1, 'BMESU-HBL': 4, '242-GA KBS-EWC': 2, '302-D': 35, '300-K': 13, '348-H': 12, '302-N': 38, 'KMT-CHLS': 0, 'KLNB-LGP-BSK': 3, '276-AB BMT45-DBH': 1, '293-N': 15, '300-F': 17, '296-Q': 23, '302 SBS-KLN': 3, '80-F': 35, '302 VSD-KLN': 4, '293-C OASIS-KMT': 1, 'KBS-BDSN': 4, '302-F': 39, 'SJHS-LGP-HBL': 3, '296-F': 10, 'KLNB-LGP-KBS': 2, 'MF-4': 15, '303-E': 32, '302-B': 40, '293-C': 32, '302-E': 14, '303-C': 24, '293-D': 12, '293-M': 11, '296-M': 6, '293-L': 11, '314-N': 26, 'BMT10-NRG': 1, 'KBS-SDSH': 1, 'HMNL-SJHS': 1, 'BMES-SBS': 3, 'KLNB-LGP-SBSP': 1, 'KLNB-LGP-SSMT': 1, 'SBS-SVPSH': 1, 'SBS-SMHSL': 3, '293 KBS-SMHS': 2, 'SBS-SVPSL': 2, 'SOPHIYA-1': 2, '296 SBS-BMESL': 1, 'BCGHS-18': 2, 'VNS-03': 3, '302 BMT10-SBS': 2, '293-E': 10, 'OASIS-2B': 2, 'D24-TNF-WTP': 1, 'KBS-SVPSB': 1, '295-D SBS-BMT10': 1, '302-A': 20, 'GDWC-BGL': 1, '129 KBS-BNWRS': 1, '293 SBS-HMN': 7, '293 SBS-LGP-KLN': 4, '330 SBS-ABISRO': 2, '301-D': 18, '301-G': 17, '303-G': 29, '302-G': 19, '293G SBS-BMT48': 16, '293F KMT-BMT48': 6, '293S KBS-BMT48': 6, 'ARMY-3': 3, 'D10G-BMES': 1, '293 BMT10-ARMY': 2, '295-KMT-D48': 2, '300-H  KBS-ITICG': 3, '294-C BMT48-MGMS': 1, 'CRISTAL-3': 1, 'G11-BMT48-MGMS': 2, '294-D': 12, '290-E ITCF-YHKOT': 0, '500-A CSB-SJHSU': 3, '293-S KBS-HNS': 2, 'HALM-SBS-BMES': 1, 'SVM-SBS-BMES': 1, '301-A': 12, 'AMRY-2': 4}"
Devis Road,13.00327455,77.61898018,932,29159185,"{'SBS-D10G': 31, '295-D': 21, '293-P': 12, '296-V': 13, 'G-11': 35, '296-C': 18, 'KLN-LGP-SBS': 14, '292-E': 12, 'D10G-SBS': 6, '292-C': 30, '401-M NLO-CLO': 1, 'KBS-HNR-CHLS': 3, 'MGMS-KLN': 2, '292-D': 17, '293-H': 19, '292-B': 12, '293-A': 16, '294-F': 9, '294-B': 0, '294-E': 18, '294-H': 26, 'KBS-KLN': 6, '295-A': 14, '296-N': 17, '293-R': 13, '293-S': 32, '293-K': 13, '296-A': 17, '296-B': 19, '296-D': 26, '296-K': 4, '293-F': 11, 'SBS-HNS': 3, '293-J': 11, 'SBS-RYL': 2, '327-D': 5, '295-C': 34, '295-E': 12, '295-B': 15, '295-G': 17, '294-A': 11, '293-B': 11, '294-C SBS-JTN': 32, 'SBS-CHLS': 2, '296-T': 17, 'KBS-LGP-CHLS': 1, 'SGH-SBS': 2, 'KMT-BLS-YPB': 1, 'BMESU-HBL': 4, '348-H': 12, 'KMT-CHLS': 0, 'KLNB-LGP-BSK': 3, '293-N': 15, '296-Q': 23, '293-C OASIS-KMT': 1, 'KBS-BDSN': 4, 'SJHS-LGP-HBL': 3, '296-F': 10, 'KLNB-LGP-KBS': 2, 'MF-4': 15, '293-C': 32, '293-D': 12, '293-M': 11, '296-M': 6, '293-L': 11, 'OASIS-4A': 3, 'OASIS-4B': 2, 'OASIS-2A': 2, 'BMT10-NRG': 1, 'SMHS-1': 6, 'HMNL-SJHS': 1, 'BMES-SBS': 3, 'KLNB-LGP-SBSP': 1, 'KLNB-LGP-SSMT': 1, 'ADT-9': 4, 'SBS-SMHSL': 3, '293 KBS-SMHS': 2, 'BMES-5': 3, 'BCGHS-9': 2, 'BCGHS-18': 2, 'VNS-03': 3, '293-E': 10, 'OASIS-2B': 2, '295-D SBS-BMT10': 1, 'CHLS-09': 3, 'GDWC-BGL': 1, '293 SBS-HMN': 7, '293 SBS-LGP-KLN': 4, '293F KMT-BMT48': 6, '293S KBS-BMT48': 6, '293 BMT10-ARMY': 2, '294-C BMT48-MGMS': 1, 'G11-BMT48-MGMS': 2, '294-D': 12, '500-A CSB-SJHSU': 3, '293-S KBS-HNS': 2, 'ARMY-4': 2, 'HALM-SBS-BMES': 1, 'SVM-SBS-BMES': 1}"
Doddy Tannery Road,13.00257755,77.61206767,540,29159185,"{'SBS-AMC': 0, '290-EA': 0, '290-E SBS-PTH': 0, '291-N': 16, 'TR-4': 46, '290-EB KGR-YHK': 0, '253-A': 12, '290-M': 8, 'DPJN-JJN-NGW': 4, '290-A': 28, '290-H': 0, '290-RA': 5, '290-R': 13, '290-EB': 0, '290-QA': 18, '290-G': 0, '290-Q': 14, 'TR-4A': 10, '290-T': 11, '290-HA': 0, 'SBS-SDH': 2, '291-D': 22, '291-L': 3, '290-Z': 4, '290-P': 24, 'MBS-14': 10, 'SBS-JKR-ALSG-PTH': 1, 'CLO-RKH': 5, '291-K': 7, '291-A': 11, '291-E': 16, 'G-10': 0, '290 KBS-YLKOT': 2, '290-EY': 0, '290-KA KMT-PLG': 1, 'TR-4 JJN-PLG': 2, '290-QA NRG-RKHN': 1, '291-H': 21, '94E YPRTTMC-TRDBS': 1, '290-E STJHS-YLKOT': 0, 'KBS-NGVRJ-VNS': 1, '290-N': 40, '317-K': 0, '241-CD': 11, 'TR-4 KMT-NGV': 1, '290-C': 63, '290EY KMT-YHKOT': 0, '290-E SBS-NGW-KLN': 0, '290-E ITCF-YHKOT': 0, 'V-SBS-KNB': 1, 'BSK-KRP-ITI': 1, '348-F': 14, 'BMSIT-3': 1, '213-D': 6, 'SBS-RJP': 2, 'SBS-HTN': 1, '375-D': 80}"
East Railway Station,13.00024247,77.61721795,0,29159185,{}
Mosque Road,13.00031693,77.61607925,530,29159185,"{'300-E': 55, '302-C': 11, '302-J': 29, '300-B': 29, '302-GA': 19, '303-F': 21, '300-T': 11, 'KBS-BSP-HMA': 1, 'SBS-BSP-HMA': 3, 'D10G-KMH-SBS': 2, '300-D': 37, '300-E SBS-KTMLRG': 2, '302-N': 38, '276-AB BMT45-DBH': 1, '300-F': 17, '302-F': 39, 'SJHS-LGP-HBL': 3, '303-E': 32, '302-B': 40, '302-E': 14, 'OASIS-4A': 3, 'OASIS-2A': 2, 'KBS-SDSH': 1, 'SOPHIYA-15': 2, 'SBS-SVPSH': 1, 'SBS-SVPSL': 2, 'SHS-10': 2, 'BMES-5': 3, 'BCGHS-18': 2, 'STJOHN-5': 2, 'CALLBUS-05': 1, 'BELGS-46': 2, 'KBS-SVPSB': 1, '302-A': 20, 'VCS-MEBP-12 BSK-MEBP': 1, '330 SBS-ABISRO': 2, '301-G': 17, '303-G': 29, '302-G': 19, 'D10G-BMES': 1, '300-H  ITICG-KBS': 1, '301-A': 12}"
Muslim Colony,13.01059863,77.61522169,724,29159185,"{'SBS-AMC': 0, '290-EA': 0, '290-E SBS-PTH': 0, '291-N': 16, 'TR-4': 46, '290-EB YHK-KGR': 0, '290-EB KGR-YHK': 0, 'NGW-DPJN': 6, '253-A': 12, '290-M': 8, 'DPJN-JJN-NGW': 4, '290-D': 19, '290-A': 28, '290-H': 0, '291-J': 26, '290-J': 0, '290-RA': 5, '290-R': 13, '290-J MSP-SBS': 0, '290-EB': 0, '290-QA': 18, '291-G': 20, '290-G': 0, '290-Q': 14, 'D10G-NGVR-JJN': 1, 'TR-4A': 10, '290-T': 11, '290-S': 13, '290-HA': 0, 'KLNB-BKC': 1, 'SBS-SDH': 2, 'PTH-SBS1': 4, '291-D': 22, '291-L': 3, '290-Z': 4, '290-P': 24, 'MBS-14': 10, 'SBS-JKR-ALSG-PTH': 1, 'CLO-RKH': 5, '291-K': 7, '291-A': 11, '291-E': 16, 'G-10': 0, '290 KBS-YLKOT': 2, '290-EY': 0, '291-R': 15, 'KLN-JJN': 1, '290-KA KMT-PLG': 1, 'TR-4 JJN-PLG': 2, '290-QA NRG-RKHN': 1, 'MSP-ARMYK': 1, '291-H': 21, '291-B': 2, '290-E STJHS-YLKOT': 0, 'KBS-NGVRJ-VNS': 1, '63 SBS-DPJN': 1, '290-F': 0, '290-N': 40, '317-K': 0, '241-CD': 11, 'TR-4 NGV-MRBS': 2, 'TR-4 KMT-NGV': 1, '290-C': 63, 'MBS-2': 17, '290EY KMT-YHKOT': 0, 'MBS2 PTH-MRHSPG': 1, '290-E SBS-NGW-KLN': 0, '290-E ITCF-YHKOT': 0, 'V-SBS-KNB': 1, '290-E': 52, 'PTH-SBS': 3, 'BSK-KRP-ITI': 1, '348-F': 14, 'BMSIT-3': 1, '213-D': 6, 'SBS-RJP': 2, 'SBS-HTN': 1, '375-D': 80}"
P,13.01211563,77.61606932,523,29159185,"{'290-EA': 0, '290-E SBS-PTH': 0, '291-N': 16, 'TR-4': 46, '290-EB KGR-YHK': 0, '253-A': 12, '290-M': 8, 'DPJN-JJN-NGW': 4, '290-A': 28, '290-RA': 5, '290-R': 13, '290-EB': 0, '290-QA': 18, '290-Q': 14, 'TR-4A': 10, '290-T': 11, '290-HA': 0, '291-D': 22, '291-L': 3, '290-Z': 4, '290-P': 24, 'MBS-14': 10, 'SBS-JKR-ALSG-PTH': 1, 'CLO-RKH': 5, '291-K': 7, '291-A': 11, '291-E': 16, 'G-10': 0, '290 KBS-YLKOT': 2, '290-EY': 0, '290-QA NRG-RKHN': 1, '291-H': 21, '290-E STJHS-YLKOT': 0, 'KBS-NGVRJ-VNS': 1, '290-N': 40, '317-K': 0, 'TR-4 KMT-NGV': 1, '290-C': 63, '290EY KMT-YHKOT': 0, '290-E SBS-NGW-KLN': 0, '290-E ITCF-YHKOT': 0, 'V-SBS-KNB': 1, 'BSK-KRP-ITI': 1, '348-F': 14, 'BMSIT-3': 1, '213-D': 6, 'SBS-RJP': 2, 'SBS-HTN': 1, '375-D': 80}"
Periyar Nagara Circle Tannery Road,13.00864575,77.61331335,539,29159185,"{'SBS-AMC': 0, '290-EA': 0, '290-E SBS-PTH': 0, '291-N': 16, 'TR-4': 46, '290-EB KGR-YHK': 0, '253-A': 12, '290-M': 8, 'DPJN-JJN-NGW': 4, '290-A': 28, '290-H': 0, '290-RA': 5, '290-R': 13, '290-EB': 0, '290-QA': 18, '290-G': 0, '290-Q': 14, 'TR-4A': 10, '290-T': 11, '290-HA': 0, 'SBS-SDH': 2, '291-D': 22, '291-L': 3, '290-Z': 4, '290-P': 24, 'MBS-14': 10, 'SBS-JKR-ALSG-PTH': 1, 'CLO-RKH': 5, '291-K': 7, '291-A': 11, '291-E': 16, 'G-10': 0, '290 KBS-YLKOT': 2, '290-EY': 0, '290-KA KMT-PLG': 1, 'TR-4 JJN-PLG': 2, '290-QA NRG-RKHN': 1, '291-H': 21, '290-E STJHS-YLKOT': 0, 'KBS-NGVRJ-VNS': 1, '290-N': 40, '317-K': 0, '241-CD': 11, 'TR-4 KMT-NGV': 1, '290-C': 63, '290EY KMT-YHKOT': 0, '290-E SBS-NGW-KLN': 0, '290-E ITCF-YHKOT': 0, 'V-SBS-KNB': 1, 'BSK-KRP-ITI': 1, '348-F': 14, 'BMSIT-3': 1, '213-D': 6, 'SBS-RJP': 2, 'SBS-HTN': 1, '375-D': 80}"
Pillanna Garden 9th Main,13.01192877,77.61757806,3,29159185,"{'290-KA KMT-PLG': 1, 'TR-4 JJN-PLG': 2}"
Tannery Road Canara Bank,13.00680094,77.61247259,480,29159185,"{'SBS-AMC': 0, '290-EA': 0, '290-E SBS-PTH': 0, '291-N': 16, 'TR-4': 46, '290-EB KGR-YHK': 0, '253-A': 12, '290-M': 8, 'DPJN-JJN-NGW': 4, '290-A': 28, '290-R': 13, '290-EB': 0, '290-QA': 18, '290-G': 0, '290-Q': 14, 'TR-4A': 10, '290-T': 11, '290-HA': 0, '291-D': 22, '291-L': 3, '290-Z': 4, '290-P': 24, 'MBS-14': 10, 'SBS-JKR-ALSG-PTH': 1, 'CLO-RKH': 5, '291-K': 7, '291-A': 11, '291-E': 16, 'G-10': 0, '290 KBS-YLKOT': 2, '290-EY': 0, '290-KA KMT-PLG': 1, 'TR-4 JJN-PLG': 2, '290-QA NRG-RKHN': 1, '291-H': 21, '290-E STJHS-YLKOT': 0, 'KBS-NGVRJ-VNS': 1, '317-K': 0, 'TR-4 KMT-NGV': 1, '290-C': 63, '290EY KMT-YHKOT': 0, '290-E SBS-NGW-KLN': 0, '290-E ITCF-YHKOT': 0, 'V-SBS-KNB': 1, 'BSK-KRP-ITI': 1, '348-F': 14, '213-D': 6, 'SBS-RJP': 2, 'SBS-HTN': 1, '375-D': 80}"
Bilal Masjid Tanary Road,13.01178374,77.61654675,0,29159186,{}
Muslim Colony,13.01059863,77.61522169,724,29159186,"{'SBS-AMC': 0, '290-EA': 0, '290-E SBS-PTH': 0, '291-N': 16, 'TR-4': 46, '290-EB YHK-KGR': 0, '290-EB KGR-YHK': 0, 'NGW-DPJN': 6, '253-A': 12, '290-M': 8, 'DPJN-JJN-NGW': 4, '290-D': 19, '290-A': 28, '290-H': 0, '291-J': 26, '290-J': 0, '290-RA': 5, '290-R': 13, '290-J MSP-SBS': 0, '290-EB': 0, '290-QA': 18, '291-G': 20, '290-G': 0, '290-Q': 14, 'D10G-NGVR-JJN': 1, 'TR-4A': 10, '290-T': 11, '290-S': 13, '290-HA': 0, 'KLNB-BKC': 1, 'SBS-SDH': 2, 'PTH-SBS1': 4, '291-D': 22, '291-L': 3, '290-Z': 4, '290-P': 24, 'MBS-14': 10, 'SBS-JKR-ALSG-PTH': 1, 'CLO-RKH': 5, '291-K': 7, '291-A': 11, '291-E': 16, 'G-10': 0, '290 KBS-YLKOT': 2, '290-EY': 0, '291-R': 15, 'KLN-JJN': 1, '290-KA KMT-PLG': 1, 'TR-4 JJN-PLG': 2, '290-QA NRG-RKHN': 1, 'MSP-ARMYK': 1, '291-H': 21, '291-B': 2, '290-E STJHS-YLKOT': 0, 'KBS-NGVRJ-VNS': 1, '63 SBS-DPJN': 1, '290-F': 0, '290-N': 40, '317-K': 0, '241-CD': 11, 'TR-4 NGV-MRBS': 2, 'TR-4 KMT-NGV': 1, '290-C': 63, 'MBS-2': 17, '290EY KMT-YHKOT': 0, 'MBS2 PTH-MRHSPG': 1, '290-E SBS-NGW-KLN': 0, '290-E ITCF-YHKOT': 0, 'V-SBS-KNB': 1, '290-E': 52, 'PTH-SBS': 3, 'BSK-KRP-ITI': 1, '348-F': 14, 'BMSIT-3': 1, '213-D': 6, 'SBS-RJP': 2, 'SBS-HTN': 1, '375-D': 80}"
P,13.01211563,77.61606932,523,29159186,"{'290-EA': 0, '290-E SBS-PTH': 0, '291-N': 16, 'TR-4': 46, '290-EB KGR-YHK': 0, '253-A': 12, '290-M': 8, 'DPJN-JJN-NGW': 4, '290-A': 28, '290-RA': 5, '290-R': 13, '290-EB': 0, '290-QA': 18, '290-Q': 14, 'TR-4A': 10, '290-T': 11, '290-HA': 0, '291-D': 22, '291-L': 3, '290-Z': 4, '290-P': 24, 'MBS-14': 10, 'SBS-JKR-ALSG-PTH': 1, 'CLO-RKH': 5, '291-K': 7, '291-A': 11, '291-E': 16, 'G-10': 0, '290 KBS-YLKOT': 2, '290-EY': 0, '290-QA NRG-RKHN': 1, '291-H': 21, '290-E STJHS-YLKOT': 0, 'KBS-NGVRJ-VNS': 1, '290-N': 40, '317-K': 0, 'TR-4 KMT-NGV': 1, '290-C': 63, '290EY KMT-YHKOT': 0, '290-E SBS-NGW-KLN': 0, '290-E ITCF-YHKOT': 0, 'V-SBS-KNB': 1, 'BSK-KRP-ITI': 1, '348-F': 14, 'BMSIT-3': 1, '213-D': 6, 'SBS-RJP': 2, 'SBS-HTN': 1, '375-D': 80}"
Periyar Nagara Circle Tannery Road,13.00864575,77.61331335,539,29159186,"{'SBS-AMC': 0, '290-EA': 0, '290-E SBS-PTH': 0, '291-N': 16, 'TR-4': 46, '290-EB KGR-YHK': 0, '253-A': 12, '290-M': 8, 'DPJN-JJN-NGW': 4, '290-A': 28, '290-H': 0, '290-RA': 5, '290-R': 13, '290-EB': 0, '290-QA': 18, '290-G': 0, '290-Q': 14, 'TR-4A': 10, '290-T': 11, '290-HA': 0, 'SBS-SDH': 2, '291-D': 22, '291-L': 3, '290-Z': 4, '290-P': 24, 'MBS-14': 10, 'SBS-JKR-ALSG-PTH': 1, 'CLO-RKH': 5, '291-K': 7, '291-A': 11, '291-E': 16, 'G-10': 0, '290 KBS-YLKOT': 2, '290-EY': 0, '290-KA KMT-PLG': 1, 'TR-4 JJN-PLG': 2, '290-QA NRG-RKHN': 1, '291-H': 21, '290-E STJHS-YLKOT': 0, 'KBS-NGVRJ-VNS': 1, '290-N': 40, '317-K': 0, '241-CD': 11, 'TR-4 KMT-NGV': 1, '290-C': 63, '290EY KMT-YHKOT': 0, '290-E SBS-NGW-KLN': 0, '290-E ITCF-YHKOT': 0, 'V-SBS-KNB': 1, 'BSK-KRP-ITI': 1, '348-F': 14, 'BMSIT-3': 1, '213-D': 6, 'SBS-RJP': 2, 'SBS-HTN': 1, '375-D': 80}"
Pillanna Garden 9th Main,13.01192877,77.61757806,3,29159186,"{'290-KA KMT-PLG': 1, 'TR-4 JJN-PLG': 2}"
Tannery Road Canara Bank,13.00680094,77.61247259,480,29159186,"{'SBS-AMC': 0, '290-EA': 0, '290-E SBS-PTH': 0, '291-N': 16, 'TR-4': 46, '290-EB KGR-YHK': 0, '253-A': 12, '290-M': 8, 'DPJN-JJN-NGW': 4, '290-A': 28, '290-R': 13, '290-EB': 0, '290-QA': 18, '290-G': 0, '290-Q': 14, 'TR-4A': 10, '290-T': 11, '290-HA': 0, '291-D': 22, '291-L': 3, '290-Z': 4, '290-P': 24, 'MBS-14': 10, 'SBS-JKR-ALSG-PTH': 1, 'CLO-RKH': 5, '291-K': 7, '291-A': 11, '291-E': 16, 'G-10': 0, '290 KBS-YLKOT': 2, '290-EY': 0, '290-KA KMT-PLG': 1, 'TR-4 JJN-PLG': 2, '290-QA NRG-RKHN': 1, '291-H': 21, '290-E STJHS-YLKOT': 0, 'KBS-NGVRJ-VNS': 1, '317-K': 0, 'TR-4 KMT-NGV': 1, '290-C': 63, '290EY KMT-YHKOT': 0, '290-E SBS-NGW-KLN': 0, '290-E ITCF-YHKOT': 0, 'V-SBS-KNB': 1, 'BSK-KRP-ITI': 1, '348-F': 14, '213-D': 6, 'SBS-RJP': 2, 'SBS-HTN': 1, '375-D': 80}"
Bilal Masjid Tanary Road,13.01178374,77.61654675,0,29159198,{}
Charls School Toll Gate,13.00608723,77.62093865,985,29159198,"{'SBS-D10G': 31, '295-D': 21, 'KBS-D10G': 8, '293-P': 12, '296-V': 13, 'D10G-MRG': 2, 'D10G-JVH': 2, 'G-11': 35, '296-C': 18, 'KLN-LGP-SBS': 14, '292-E': 12, 'D10G-SBS': 6, '292-C': 30, '401-M NLO-CLO': 1, 'KBS-HNR-CHLS': 3, 'MGMS-KLN': 2, '292-D': 17, '293-H': 19, '292-B': 12, '293-A': 16, '294-F': 9, '294-B': 0, '294-E': 18, '294-H': 26, 'KBS-KLN': 6, '295-A': 14, '296-N': 17, '293-R': 13, '293-S': 32, '293-K': 13, '296-A': 17, '296-B': 19, '296-D': 26, '296-K': 4, '293-F': 11, 'SBS-HNS': 3, '293-J': 11, 'SBS-RYL': 2, '327-D': 5, '295-C': 34, '295-E': 12, '295-B': 15, '295-G': 17, '294-A': 11, '293-B': 11, '294-C SBS-JTN': 32, 'SBS-CHLS': 2, '296-T': 17, 'KBS-LGP-CHLS': 1, 'SGH-SBS': 2, 'KMT-BLS-YPB': 1, '293-G': 30, 'D10G-SOPHIA': 1, 'BMESU-HBL': 4, '348-H': 12, 'KMT-CHLS': 0, 'KLNB-LGP-BSK': 3, '293-N': 15, '296-Q': 23, '293-C OASIS-KMT': 1, 'SJHS-LGP-HBL': 3, '296-F': 10, 'KLNB-LGP-KBS': 2, 'MF-4': 15, '293-C': 32, '293-D': 12, '293-M': 11, '296-M': 6, '293-L': 11, '314-N': 26, 'BMT10-NRG': 1, 'HMNL-SJHS': 1, 'BMES-SBS': 3, 'KLNB-LGP-SBSP': 1, 'KLNB-LGP-SSMT': 1, 'SBS-SMHSL': 3, '293 KBS-SMHS': 2, '296 SBS-BMESL': 1, '293-E': 10, '295-D SBS-BMT10': 1, 'GDWC-BGL': 1, '293 SBS-HMN': 7, '293 SBS-LGP-KLN': 4, '293G SBS-BMT48': 16, '293F KMT-BMT48': 6, '293S KBS-BMT48': 6, 'D10G-BMES': 1, '293 BMT10-ARMY': 2, '295-KMT-D48': 2, '294-C BMT48-MGMS': 1, 'G11-BMT48-MGMS': 2, '294-D': 12, 'HNR-Ernst Young B': 1, '500-A CSB-SJHSU': 3, '293-S KBS-HNS': 2, 'BMT10-DRDO2': 1, 'HALM-SBS-BMES': 1, 'SVM-SBS-BMES': 1}"
Devis Road,13.00327455,77.61898018,932,29159198,"{'SBS-D10G': 31, '295-D': 21, '293-P': 12, '296-V': 13, 'G-11': 35, '296-C': 18, 'KLN-LGP-SBS': 14, '292-E': 12, 'D10G-SBS': 6, '292-C': 30, '401-M NLO-CLO': 1, 'KBS-HNR-CHLS': 3, 'MGMS-KLN': 2, '292-D': 17, '293-H': 19, '292-B': 12, '293-A': 16, '294-F': 9, '294-B': 0, '294-E': 18, '294-H': 26, 'KBS-KLN': 6, '295-A': 14, '296-N': 17, '293-R': 13, '293-S': 32, '293-K': 13, '296-A': 17, '296-B': 19, '296-D': 26, '296-K': 4, '293-F': 11, 'SBS-HNS': 3, '293-J': 11, 'SBS-RYL': 2, '327-D': 5, '295-C': 34, '295-E': 12, '295-B': 15, '295-G': 17, '294-A': 11, '293-B': 11, '294-C SBS-JTN': 32, 'SBS-CHLS': 2, '296-T': 17, 'KBS-LGP-CHLS': 1, 'SGH-SBS': 2, 'KMT-BLS-YPB': 1, 'BMESU-HBL': 4, '348-H': 12, 'KMT-CHLS': 0, 'KLNB-LGP-BSK': 3, '293-N': 15, '296-Q': 23, '293-C OASIS-KMT': 1, 'KBS-BDSN': 4, 'SJHS-LGP-HBL': 3, '296-F': 10, 'KLNB-LGP-KBS': 2, 'MF-4': 15, '293-C': 32, '293-D': 12, '293-M': 11, '296-M': 6, '293-L': 11, 'OASIS-4A': 3, 'OASIS-4B': 2, 'OASIS-2A': 2, 'BMT10-NRG': 1, 'SMHS-1': 6, 'HMNL-SJHS': 1, 'BMES-SBS': 3, 'KLNB-LGP-SBSP': 1, 'KLNB-LGP-SSMT': 1, 'ADT-9': 4, 'SBS-SMHSL': 3, '293 KBS-SMHS': 2, 'BMES-5': 3, 'BCGHS-9': 2, 'BCGHS-18': 2, 'VNS-03': 3, '293-E': 10, 'OASIS-2B': 2, '295-D SBS-BMT10': 1, 'CHLS-09': 3, 'GDWC-BGL': 1, '293 SBS-HMN': 7, '293 SBS-LGP-KLN': 4, '293F KMT-BMT48': 6, '293S KBS-BMT48': 6, '293 BMT10-ARMY': 2, '294-C BMT48-MGMS': 1, 'G11-BMT48-MGMS': 2, '294-D': 12, '500-A CSB-SJHSU': 3, '293-S KBS-HNS': 2, 'ARMY-4': 2, 'HALM-SBS-BMES': 1, 'SVM-SBS-BMES': 1}"
Lingarajapura Bridge,13.00898839,77.62319770,989,29159198,"{'SBS-D10G': 31, '295-D': 21, 'KBS-D10G': 8, '293-P': 12, '296-V': 13, 'D10G-MRG': 2, 'D10G-JVH': 2, 'G-11': 35, '296-C': 18, 'KLN-LGP-SBS': 14, '292-E': 12, 'D10G-SBS': 6, '292-C': 30, '401-M NLO-CLO': 1, 'KBS-HNR-CHLS': 3, 'MGMS-KLN': 2, '292-D': 17, '293-H': 19, '292-B': 12, '293-A': 16, '294-F': 9, '294-B': 0, '294-E': 18, '294-H': 26, 'KBS-KLN': 6, '295-A': 14, '296-N': 17, '293-R': 13, '293-S': 32, '293-K': 13, '296-A': 17, '296-B': 19, '296-D': 26, '296-K': 4, '293-F': 11, 'SBS-HNS': 3, '293-J': 11, 'SBS-RYL': 2, '327-D': 5, '295-C': 34, '295-E': 12, '295-B': 15, '295-G': 17, '294-A': 11, '293-B': 11, '294-C SBS-JTN': 32, 'SBS-CHLS': 2, '296-T': 17, 'KBS-LGP-CHLS': 1, 'SGH-SBS': 2, 'G-11 SNBS-BLR': 1, 'KMT-BLS-YPB': 1, '293-G': 30, 'BMESU-HBL': 4, '348-H': 12, 'KMT-CHLS': 0, 'KLNB-LGP-BSK': 3, '293-N': 15, '296-Q': 23, '293-C OASIS-KMT': 1, 'KBS-BDSN': 4, 'SJHS-LGP-HBL': 3, '296-F': 10, 'KLNB-LGP-KBS': 2, 'MF-4': 15, '293-C': 32, '293-D': 12, '293-M': 11, '296-M': 6, '293-L': 11, '314-N': 26, 'BMT10-NRG': 1, 'HMNL-SJHS': 1, 'BMES-SBS': 3, 'KLNB-LGP-SBSP': 1, 'KLNB-LGP-SSMT': 1, 'SBS-SMHSL': 3, '293 KBS-SMHS': 2, '296 SBS-BMESL': 1, '293-E': 10, '295-D SBS-BMT10': 1, 'GDWC-BGL': 1, '293 SBS-HMN': 7, '293 SBS-LGP-KLN': 4, '293G SBS-BMT48': 16, '293F KMT-BMT48': 6, '293S KBS-BMT48': 6, 'D10G-BMES': 1, '293 BMT10-ARMY': 2, '295-KMT-D48': 2, '294-C BMT48-MGMS': 1, 'G11-BMT48-MGMS': 2, '294-D': 12, 'HNR-Ernst Young B': 1, '500-A CSB-SJHSU': 3, '293-S KBS-HNS': 2, 'BMT10-DRDO2': 1, 'HALM-SBS-BMES': 1, 'SVM-SBS-BMES': 1}"
Pillanna Garden 9th Main,13.01192877,77.61757806,3,29159198,"{'290-KA KMT-PLG': 1, 'TR-4 JJN-PLG': 2}"
Charls School Toll Gate,13.00608723,77.62093865,985,29159199,"{'SBS-D10G': 31, '295-D': 21, 'KBS-D10G': 8, '293-P': 12, '296-V': 13, 'D10G-MRG': 2, 'D10G-JVH': 2, 'G-11': 35, '296-C': 18, 'KLN-LGP-SBS': 14, '292-E': 12, 'D10G-SBS': 6, '292-C': 30, '401-M NLO-CLO': 1, 'KBS-HNR-CHLS': 3, 'MGMS-KLN': 2, '292-D': 17, '293-H': 19, '292-B': 12, '293-A': 16, '294-F': 9, '294-B': 0, '294-E': 18, '294-H': 26, 'KBS-KLN': 6, '295-A': 14, '296-N': 17, '293-R': 13, '293-S': 32, '293-K': 13, '296-A': 17, '296-B': 19, '296-D': 26, '296-K': 4, '293-F': 11, 'SBS-HNS': 3, '293-J': 11, 'SBS-RYL': 2, '327-D': 5, '295-C': 34, '295-E': 12, '295-B': 15, '295-G': 17, '294-A': 11, '293-B': 11, '294-C SBS-JTN': 32, 'SBS-CHLS': 2, '296-T': 17, 'KBS-LGP-CHLS': 1, 'SGH-SBS': 2, 'KMT-BLS-YPB': 1, '293-G': 30, 'D10G-SOPHIA': 1, 'BMESU-HBL': 4, '348-H': 12, 'KMT-CHLS': 0, 'KLNB-LGP-BSK': 3, '293-N': 15, '296-Q': 23, '293-C OASIS-KMT': 1, 'SJHS-LGP-HBL': 3, '296-F': 10, 'KLNB-LGP-KBS': 2, 'MF-4': 15, '293-C': 32, '293-D': 12, '293-M': 11, '296-M': 6, '293-L': 11, '314-N': 26, 'BMT10-NRG': 1, 'HMNL-SJHS': 1, 'BMES-SBS': 3, 'KLNB-LGP-SBSP': 1, 'KLNB-LGP-SSMT': 1, 'SBS-SMHSL': 3, '293 KBS-SMHS': 2, '296 SBS-BMESL': 1, '293-E': 10, '295-D SBS-BMT10': 1, 'GDWC-BGL': 1, '293 SBS-HMN': 7, '293 SBS-LGP-KLN': 4, '293G SBS-BMT48': 16, '293F KMT-BMT48': 6, '293S KBS-BMT48': 6, 'D10G-BMES': 1, '293 BMT10-ARMY': 2, '295-KMT-D48': 2, '294-C BMT48-MGMS': 1, 'G11-BMT48-MGMS': 2, '294-D': 12, 'HNR-Ernst Young B': 1, '500-A CSB-SJHSU': 3, '293-S KBS-HNS': 2, 'BMT10-DRDO2': 1, 'HALM-SBS-BMES': 1, 'SVM-SBS-BMES': 1}"
Clarence School,13.00226912,77.61665130,1946,29159199,"{'327-C': 14, '301-E': 39, '300-E': 55, '300-D': 37, '300-H': 48, 'SBS-D10G': 31, '295-D': 21, 'KBS-D10G': 8, '302-C': 11, '293-P': 12, '296-V': 13, 'D10G-MRG': 2, 'G-11': 35, '296-C': 18, 'KLN-LGP-SBS': 14, '292-E': 12, 'D10G-SBS': 6, '292-C': 30, '401-M NLO-CLO': 1, '302-J': 29, '300-B': 29, 'KBS-HNR-CHLS': 3, '302-GA': 19, '303-F': 21, 'MGMS-KLN': 2, '292-D': 17, '293-H': 19, '292-B': 12, '293-A': 16, '79-K': 13, 'SBS-KLN': 27, '294-F': 9, '294-B': 0, '300-DA': 15, '294-E': 18, '294-H': 26, 'KBS-KLN': 6, '295-A': 14, '296-N': 17, '293-R': 13, '293-S': 32, '300-T': 11, '293-K': 13, '296-A': 17, '296-B': 19, '296-D': 26, '296-K': 4, '293-F': 11, 'SBS-HNS': 3, '293-J': 11, 'SBS-RYL': 2, '327-D': 5, '295-C': 34, '300-A': 14, '295-E': 12, '295-B': 15, '295-G': 17, 'KBS-BSP-HMA': 1, 'SBS-BSP-HMA': 3, '294-A': 11, '293-B': 11, '294-C SBS-JTN': 32, 'SBS-CHLS': 2, '296-T': 17, 'KBS-LGP-CHLS': 1, 'SGH-SBS': 2, 'G-11 SNBS-BLR': 1, '301-F': 6, '300-P': 46, '300-E SBS-KTMLRG': 2, 'KMT-BLS-YPB': 1, '300-C': 19, 'SBS-BPS-KLK': 2, 'VSD-BSP-KLK': 1, '293-G': 30, '215-NB': 12, 'D10G-SOPHIA': 1, 'BMESU-HBL': 4, '242-GA KBS-EWC': 2, '302-D': 35, '300-K': 13, '348-H': 12, '302-N': 38, 'KMT-CHLS': 0, 'KLNB-LGP-BSK': 3, '276-AB BMT45-DBH': 1, '293-N': 15, '300-F': 17, '296-Q': 23, '302 SBS-KLN': 3, '80-F': 35, '302 VSD-KLN': 4, '293-C OASIS-KMT': 1, 'KBS-BDSN': 4, '302-F': 39, 'SJHS-LGP-HBL': 3, '296-F': 10, 'KLNB-LGP-KBS': 2, 'MF-4': 15, '303-E': 32, '302-B': 40, '293-C': 32, '302-E': 14, '303-C': 24, '293-D': 12, '293-M': 11, '296-M': 6, '293-L': 11, '314-N': 26, 'BMT10-NRG': 1, 'KBS-SDSH': 1, 'HMNL-SJHS': 1, 'BMES-SBS': 3, 'KLNB-LGP-SBSP': 1, 'KLNB-LGP-SSMT': 1, 'SBS-SVPSH': 1, 'SBS-SMHSL': 3, '293 KBS-SMHS': 2, 'SBS-SVPSL': 2, 'SOPHIYA-1': 2, '296 SBS-BMESL': 1, 'BCGHS-18': 2, 'VNS-03': 3, '302 BMT10-SBS': 2, '293-E': 10, 'OASIS-2B': 2, 'D24-TNF-WTP': 1, 'KBS-SVPSB': 1, '295-D SBS-BMT10': 1, '302-A': 20, 'GDWC-BGL': 1, '129 KBS-BNWRS': 1, '293 SBS-HMN': 7, '293 SBS-LGP-KLN': 4, '330 SBS-ABISRO': 2, '301-D': 18, '301-G': 17, '303-G': 29, '302-G': 19, '293G SBS-BMT48': 16, '293F KMT-BMT48': 6, '293S KBS-BMT48': 6, 'ARMY-3': 3, 'D10G-BMES': 1, '293 BMT10-ARMY': 2, '295-KMT-D48': 2, '300-H  KBS-ITICG': 3, '294-C BMT48-MGMS': 1, 'CRISTAL-3': 1, 'G11-BMT48-MGMS': 2, '294-D': 12, '290-E ITCF-YHKOT': 0, '500-A CSB-SJHSU': 3, '293-S KBS-HNS': 2, 'HALM-SBS-BMES': 1, 'SVM-SBS-BMES': 1, '301-A': 12, 'AMRY-2': 4}"
Devis Road,13.00327455,77.61898018,932,29159199,"{'SBS-D10G': 31, '295-D': 21, '293-P': 12, '296-V': 13, 'G-11': 35, '296-C': 18, 'KLN-LGP-SBS': 14, '292-E': 12, 'D10G-SBS': 6, '292-C': 30, '401-M NLO-CLO': 1, 'KBS-HNR-CHLS': 3, 'MGMS-KLN': 2, '292-D': 17, '293-H': 19, '292-B': 12, '293-A': 16, '294-F': 9, '294-B': 0, '294-E': 18, '294-H': 26, 'KBS-KLN': 6, '295-A': 14, '296-N': 17, '293-R': 13, '293-S': 32, '293-K': 13, '296-A': 17, '296-B': 19, '296-D': 26, '296-K': 4, '293-F': 11, 'SBS-HNS': 3, '293-J': 11, 'SBS-RYL': 2, '327-D': 5, '295-C': 34, '295-E': 12, '295-B': 15, '295-G': 17, '294-A': 11, '293-B': 11, '294-C SBS-JTN': 32, 'SBS-CHLS': 2, '296-T': 17, 'KBS-LGP-CHLS': 1, 'SGH-SBS': 2, 'KMT-BLS-YPB': 1, 'BMESU-HBL': 4, '348-H': 12, 'KMT-CHLS': 0, 'KLNB-LGP-BSK': 3, '293-N': 15, '296-Q': 23, '293-C OASIS-KMT': 1, 'KBS-BDSN': 4, 'SJHS-LGP-HBL': 3, '296-F': 10, 'KLNB-LGP-KBS': 2, 'MF-4': 15, '293-C': 32, '293-D': 12, '293-M': 11, '296-M': 6, '293-L': 11, 'OASIS-4A': 3, 'OASIS-4B': 2, 'OASIS-2A': 2, 'BMT10-NRG': 1, 'SMHS-1': 6, 'HMNL-SJHS': 1, 'BMES-SBS': 3, 'KLNB-LGP-SBSP': 1, 'KLNB-LGP-SSMT': 1, 'ADT-9': 4, 'SBS-SMHSL': 3, '293 KBS-SMHS': 2, 'BMES-5': 3, 'BCGHS-9': 2, 'BCGHS-18': 2, 'VNS-03': 3, '293-E': 10, 'OASIS-2B': 2, '295-D SBS-BMT10': 1, 'CHLS-09': 3, 'GDWC-BGL': 1, '293 SBS-HMN': 7, '293 SBS-LGP-KLN': 4, '293F KMT-BMT48': 6, '293S KBS-BMT48': 6, '293 BMT10-ARMY': 2, '294-C BMT48-MGMS': 1, 'G11-BMT48-MGMS': 2, '294-D': 12, '500-A CSB-SJHSU': 3, '293-S KBS-HNS': 2, 'ARMY-4': 2, 'HALM-SBS-BMES': 1, 'SVM-SBS-BMES': 1}"
East Railway Station,13.00024247,77.61721795,0,29159199,{}
Lingarajapura Bridge,13.00898839,77.62319770,989,29159199,"{'SBS-D10G': 31, '295-D': 21, 'KBS-D10G': 8, '293-P': 12, '296-V': 13, 'D10G-MRG': 2, 'D10G-JVH': 2, 'G-11': 35, '296-C': 18, 'KLN-LGP-SBS': 14, '292-E': 12, 'D10G-SBS': 6, '292-C': 30, '401-M NLO-CLO': 1, 'KBS-HNR-CHLS': 3, 'MGMS-KLN': 2, '292-D': 17, '293-H': 19, '292-B': 12, '293-A': 16, '294-F': 9, '294-B': 0, '294-E': 18, '294-H': 26, 'KBS-KLN': 6, '295-A': 14, '296-N': 17, '293-R': 13, '293-S': 32, '293-K': 13, '296-A': 17, '296-B': 19, '296-D': 26, '296-K': 4, '293-F': 11, 'SBS-HNS': 3, '293-J': 11, 'SBS-RYL': 2, '327-D': 5, '295-C': 34, '295-E': 12, '295-B': 15, '295-G': 17, '294-A': 11, '293-B': 11, '294-C SBS-JTN': 32, 'SBS-CHLS': 2, '296-T': 17, 'KBS-LGP-CHLS': 1, 'SGH-SBS': 2, 'G-11 SNBS-BLR': 1, 'KMT-BLS-YPB': 1, '293-G': 30, 'BMESU-HBL': 4, '348-H': 12, 'KMT-CHLS': 0, 'KLNB-LGP-BSK': 3, '293-N': 15, '296-Q': 23, '293-C OASIS-KMT': 1, 'KBS-BDSN': 4, 'SJHS-LGP-HBL': 3, '296-F': 10, 'KLNB-LGP-KBS': 2, 'MF-4': 15, '293-C': 32, '293-D': 12, '293-M': 11, '296-M': 6, '293-L': 11, '314-N': 26, 'BMT10-NRG': 1, 'HMNL-SJHS': 1, 'BMES-SBS': 3, 'KLNB-LGP-SBSP': 1, 'KLNB-LGP-SSMT': 1, 'SBS-SMHSL': 3, '293 KBS-SMHS': 2, '296 SBS-BMESL': 1, '293-E': 10, '295-D SBS-BMT10': 1, 'GDWC-BGL': 1, '293 SBS-HMN': 7, '293 SBS-LGP-KLN': 4, '293G SBS-BMT48': 16, '293F KMT-BMT48': 6, '293S KBS-BMT48': 6, 'D10G-BMES': 1, '293 BMT10-ARMY': 2, '295-KMT-D48': 2, '294-C BMT48-MGMS': 1, 'G11-BMT48-MGMS': 2, '294-D': 12, 'HNR-Ernst Young B': 1, '500-A CSB-SJHSU': 3, '293-S KBS-HNS': 2, 'BMT10-DRDO2': 1, 'HALM-SBS-BMES': 1, 'SVM-SBS-BMES': 1}"
Mosque Road,13.00031693,77.61607925,530,29159199,"{'300-E': 55, '302-C': 11, '302-J': 29, '300-B': 29, '302-GA': 19, '303-F': 21, '300-T': 11, 'KBS-BSP-HMA': 1, 'SBS-BSP-HMA': 3, 'D10G-KMH-SBS': 2, '300-D': 37, '300-E SBS-KTMLRG': 2, '302-N': 38, '276-AB BMT45-DBH': 1, '300-F': 17, '302-F': 39, 'SJHS-LGP-HBL': 3, '303-E': 32, '302-B': 40, '302-E': 14, 'OASIS-4A': 3, 'OASIS-2A': 2, 'KBS-SDSH': 1, 'SOPHIYA-15': 2, 'SBS-SVPSH': 1, 'SBS-SVPSL': 2, 'SHS-10': 2, 'BMES-5': 3, 'BCGHS-18': 2, 'STJOHN-5': 2, 'CALLBUS-05': 1, 'BELGS-46': 2, 'KBS-SVPSB': 1, '302-A': 20, 'VCS-MEBP-12 BSK-MEBP': 1, '330 SBS-ABISRO': 2, '301-G': 17, '303-G': 29, '302-G': 19, 'D10G-BMES': 1, '300-H  ITICG-KBS': 1, '301-A': 12}"
Ambedkar Medical College Shampura,13.02332136,77.61248589,80,29159080,"{'SBS-AMC': 0, 'RTNPS-ABC': 1, 'RTNPS-SMP': 1, '415-G': 18, '290-D': 19, '415-A': 2, '290-H': 0, 'D10G-HBR2': 1, '290-HA': 0, '300-V': 4, '291-E': 16, 'ITPL-2B': 2, 'D10G-DAME': 1, '348-M': 15}"
Kadugondanahalli Police Station,13.02070393,77.61894458,751,29159080,"{'SBS-AMC': 0, '290-EA': 0, '290-E SBS-PTH': 0, '291-N': 16, 'TR-4': 46, '290-EB YHK-KGR': 0, '290-EB KGR-YHK': 0, 'NGW-DPJN': 6, '253-A': 12, '290-M': 8, 'DPJN-JJN-NGW': 4, '290-D': 19, '290-A': 28, '290-H': 0, 'D10G-HBR2': 1, '291-J': 26, '290-J': 0, '290-RA': 5, '290-R': 13, '290-J MSP-SBS': 0, '290-EB': 0, '290-QA': 18, '291-G': 20, '290-G': 0, '290-Q': 14, 'D10G-NGVR-JJN': 1, 'TR-4A': 10, '290-T': 11, '290-S': 13, '290-HA': 0, 'KLNB-BKC': 1, 'SBS-SDH': 2, 'PTH-SBS1': 4, '291-D': 22, '291-L': 3, '290-Z': 4, '290-P': 24, 'MBS-14': 10, 'SBS-JKR-ALSG-PTH': 1, 'CLO-RKH': 5, '291-K': 7, '291-A': 11, '291-E': 16, 'G-10': 0, '290 KBS-YLKOT': 2, '290-EY': 0, '291-R': 15, 'KLN-JJN': 1, '290-QA NRG-RKHN': 1, 'MSP-ARMYK': 1, '291-H': 21, '291-B': 2, 'OASIS-6B': 2, '290-E STJHS-YLKOT': 0, 'KBS-NGVRJ-VNS': 1, 'BEMLC-19': 3, 'BEMLB-22': 4, 'BELGS-46': 2, 'ITI-02': 2, '63 SBS-DPJN': 1, '290-F': 0, '290-N': 40, '317-K': 0, '241-CD': 11, 'TR-4 NGV-MRBS': 2, 'TR-4 KMT-NGV': 1, '290-C': 63, 'MBS-2': 17, '290EY KMT-YHKOT': 0, 'MBS2 PTH-MRHSPG': 1, 'CRISTAL-3': 1, '290-E SBS-NGW-KLN': 0, '290-E ITCF-YHKOT': 0, 'V-SBS-KNB': 1, '290-E': 52, 'PTH-SBS': 3, 'BSK-KRP-ITI': 1, '348-F': 14, 'BMSIT-3': 1, '213-D': 6, 'SBS-RJP': 2, 'SBS-HTN': 1, '348-M': 15, '375-D': 80}"
Venkateshapura Kadugondanahalli Police Station,13.01512125,77.61731724,536,29159080,"{'SBS-AMC': 0, '290-EA': 0, '290-E SBS-PTH': 0, '291-N': 16, 'TR-4': 46, '290-EB KGR-YHK': 0, '253-A': 12, '290-M': 8, 'DPJN-JJN-NGW': 4, '290-A': 28, '290-H': 0, '290-RA': 5, '290-R': 13, '290-EB': 0, '290-QA': 18, '290-G': 0, '290-Q': 14, 'TR-4A': 10, '290-T': 11, '290-HA': 0, 'SBS-SDH': 2, '291-D': 22, '291-L': 3, '290-Z': 4, '290-P': 24, 'MBS-14': 10, 'SBS-JKR-ALSG-PTH': 1, 'CLO-RKH': 5, '291-K': 7, '291-A': 11, '291-E': 16, 'G-10': 0, '290 KBS-YLKOT': 2, '290-EY': 0, '290-QA NRG-RKHN': 1, '291-H': 21, '290-E STJHS-YLKOT': 0, 'KBS-NGVRJ-VNS': 1, '290-N': 40, '317-K': 0, '241-CD': 11, 'TR-4 KMT-NGV': 1, '290-C': 63, '290EY KMT-YHKOT': 0, '290-E SBS-NGW-KLN': 0, '290-E ITCF-YHKOT': 0, 'V-SBS-KNB': 1, 'BSK-KRP-ITI': 1, '348-F': 14, 'BMSIT-3': 1, '213-D': 6, 'SBS-RJP': 2, 'SBS-HTN': 1, '375-D': 80}"
